State_FIPS_Code,State,County,State_County_Tract_FIPS_Code,Primary_RUCA_Code,Secondary_RUCA_Code,Tract_Population,Land_Area,Population_Density
8001,CO,Adams County,8001007801,1,1.0,3732,0.24770230595663,15066.472577
8001,CO,Adams County,8001007802,1,1.0,3758,0.246092259886918,15270.69564
8001,CO,Adams County,8001007900,1,1.0,5555,0.642614174274167,8644.3782636
8001,CO,Adams County,8001008000,1,1.0,5742,0.770864575434326,7448.7791799
8001,CO,Adams County,8001008100,1,1.0,854,1.04025539886671,820.95224012
8001,CO,Adams County,8001008200,1,1.0,5484,1.68430085390357,3255.9503769
8001,CO,Adams County,8001008308,1,1.0,5557,1.69416730888328,3280.077458
8001,CO,Adams County,8001008309,1,1.0,3254,4.69231479064768,693.47436078
8001,CO,Adams County,8001008353,1,1.0,6044,43.3003743646689,139.5830888
8001,CO,Adams County,8001008401,2,2.0,4315,192.580177977659,22.406252011
8001,CO,Adams County,8001008402,2,2.0,4352,670.307613394348,6.4925415034
8001,CO,Adams County,8001008505,1,1.0,6655,1.18067226566301,5636.6192326
8001,CO,Adams County,8001008506,1,1.0,5383,0.647580220448898,8312.4836584
8001,CO,Adams County,8001008507,1,1.0,6099,1.00948653043952,6041.6853679
8001,CO,Adams County,8001008508,1,1.0,5342,0.973582889187131,5486.949349
8001,CO,Adams County,8001008523,1,1.0,7586,74.964569333912,101.19447183
8001,CO,Adams County,8001008524,1,1.0,7814,1.92466914904625,4059.91856
8001,CO,Adams County,8001008526,1,1.0,6742,2.79554190984669,2411.6969866
8001,CO,Adams County,8001008529,1,1.0,7446,2.34750238225042,3171.8817652
8001,CO,Adams County,8001008533,1,1.0,7650,1.29461256191148,5909.103793
8001,CO,Adams County,8001008534,1,1.0,4283,0.903531213272031,4740.2900277
8001,CO,Adams County,8001008535,1,1.0,3298,5.84780045312951,563.97273239
8001,CO,Adams County,8001008536,1,1.0,2443,2.80493423135551,870.96516299
8001,CO,Adams County,8001008537,1,1.0,6047,4.62204496700371,1308.2953635
8001,CO,Adams County,8001008538,1,1.0,5305,4.43843523599337,1195.2410518
8001,CO,Adams County,8001008539,1,1.0,8437,4.78425305445431,1763.4936748
8001,CO,Adams County,8001008540,1,1.0,6408,5.05487091059881,1267.6881593
8001,CO,Adams County,8001008541,1,1.0,4277,14.0245414264468,304.96540813
8001,CO,Adams County,8001008542,1,1.0,7036,3.72824738956319,1887.2138205
8001,CO,Adams County,8001008543,1,1.0,6935,2.68414177980747,2583.6936231
8001,CO,Adams County,8001008544,1,1.0,4181,1.00710428001983,4151.5065351
8001,CO,Adams County,8001008545,1,1.0,6769,1.20488164423928,5617.9791869
8001,CO,Adams County,8001008546,1,1.0,2912,0.507352543718349,5739.5986993
8001,CO,Adams County,8001008547,1,1.0,3525,0.45982606869221,7665.9420594
8001,CO,Adams County,8001008548,1,1.0,1499,0.481105703964652,3115.7394054
8001,CO,Adams County,8001008549,1,1.0,3906,0.510136726502208,7656.7708167
8001,CO,Adams County,8001008550,1,1.0,7987,1.69438854542955,4713.7948504
8001,CO,Adams County,8001008551,1,1.0,571,3.3743113867709,169.21971168
8001,CO,Adams County,8001008603,1,1.0,2055,0.713500216989422,2880.1673091
8001,CO,Adams County,8001008604,1,1.0,4923,0.840257561038893,5858.9178227
8001,CO,Adams County,8001008605,1,1.0,3679,0.76546493651708,4806.2292921
8001,CO,Adams County,8001008606,1,1.0,5931,1.48171072607286,4002.8056055
8001,CO,Adams County,8001008705,1,1.0,4921,0.942846839444816,5219.29946
8001,CO,Adams County,8001008706,1,1.0,5436,0.728618819855536,7460.691176
8001,CO,Adams County,8001008709,1,1.0,7656,3.01376222592537,2540.346393
8001,CO,Adams County,8001008801,1,1.0,4752,1.50299846949098,3161.6798663
8001,CO,Adams County,8001008802,1,1.0,4075,5.23781615976599,777.99599598
8001,CO,Adams County,8001008901,1,1.0,2316,3.13141528068856,739.60167924
8001,CO,Adams County,8001009001,1,1.0,4645,0.814475588303884,5703.0561342
8001,CO,Adams County,8001009002,1,1.0,9203,1.17599772663039,7825.6954003
8001,CO,Adams County,8001009101,1,1.0,4112,0.716971661644764,5735.2336501
8001,CO,Adams County,8001009103,1,1.0,3462,1.8387336157542,1882.8175927
8001,CO,Adams County,8001009104,1,1.0,5200,1.01031085858313,5146.9307252
8001,CO,Adams County,8001009202,1,1.0,4242,0.67719657388374,6264.0600434
8001,CO,Adams County,8001009203,1,1.0,4222,1.03689322112689,4071.7789585
8001,CO,Adams County,8001009204,1,1.0,6500,0.964937289284738,6736.1890479
8001,CO,Adams County,8001009206,1,1.0,2021,0.500144402213447,4040.8329895
8001,CO,Adams County,8001009207,1,1.0,4429,0.609897034271974,7261.8815163
8001,CO,Adams County,8001009304,1,1.0,5400,1.23764588870682,4363.1219958
8001,CO,Adams County,8001009306,1,1.0,3692,0.643629622994392,5736.2182661
8001,CO,Adams County,8001009307,1,1.0,3774,0.692574251309273,5449.2352161
8001,CO,Adams County,8001009308,1,1.0,4087,0.565398758604287,7228.5266598
8001,CO,Adams County,8001009309,1,1.0,3613,0.487174457951157,7416.2344537
8001,CO,Adams County,8001009310,1,1.0,5827,0.581248252887658,10024.976369
8001,CO,Adams County,8001009316,1,1.0,5751,0.871258090771077,6600.7995345
8001,CO,Adams County,8001009318,1,1.0,5664,0.49456831460223,11452.411796
8001,CO,Adams County,8001009319,1,1.0,2605,0.263121296314886,9900.376885
8001,CO,Adams County,8001009320,1,1.0,2672,0.737944345688088,3620.8692642
8001,CO,Adams County,8001009321,1,1.0,3782,0.50542859658037,7482.7582483
8001,CO,Adams County,8001009322,1,1.0,4246,0.498045164688022,8525.3312371
8001,CO,Adams County,8001009323,1,1.0,3728,0.814719604878478,4575.8074038
8001,CO,Adams County,8001009325,1,1.0,5063,1.47431725552396,3434.1319557
8001,CO,Adams County,8001009326,1,1.0,2554,0.4801462400598,5319.2127459
8001,CO,Adams County,8001009327,1,1.0,4124,0.976571706123735,4222.9361901
8001,CO,Adams County,8001009401,1,1.0,4903,1.33481197596282,3673.1765135
8001,CO,Adams County,8001009406,1,1.0,4259,0.66799575905371,6375.7889811
8001,CO,Adams County,8001009407,1,1.0,5227,0.731565551655066,7144.9509728
8001,CO,Adams County,8001009408,1,1.0,4260,1.46961221441953,2898.7238662
8001,CO,Adams County,8001009409,1,1.0,5248,1.48173080338596,3541.8039417
8001,CO,Adams County,8001009410,1,1.0,3316,1.05444272328675,3144.7891163
8001,CO,Adams County,8001009411,1,1.0,2959,0.495076425064518,5976.8549868
8001,CO,Adams County,8001009501,1,1.0,3156,0.429111640671694,7354.7294011
8001,CO,Adams County,8001009502,1,1.0,3633,1.62055113768867,2241.8299031
8001,CO,Adams County,8001009553,1,1.0,2959,2.89967019152212,1020.4608816
8001,CO,Adams County,8001009603,1,1.0,5921,0.838993462517973,7057.2659556
8001,CO,Adams County,8001009604,1,1.0,4569,0.861582756367983,5303.0309233
8001,CO,Adams County,8001009606,1,1.0,2794,0.718939624430692,3886.2790491
8001,CO,Adams County,8001009607,1,1.0,4931,0.881283233744712,5595.2499846
8001,CO,Adams County,8001009608,1,1.0,2849,0.517320929672261,5507.2196708
8001,CO,Adams County,8001009751,1,1.0,3626,1.1444323294162,3168.3830549
8001,CO,Adams County,8001009752,1,1.0,3061,0.782903241250539,3909.8062682
8001,CO,Adams County,8001015000,1,1.0,2495,5.63730642767457,442.58725901
8001,CO,Adams County,8001060000,1,1.0,4747,7.96480948946482,595.99667842
8001,CO,Adams County,8001060100,1,1.0,6170,2.50777107847604,2460.3521641
8001,CO,Adams County,8001060200,1,1.0,3681,1.88611453026037,1951.6312191
8001,CO,Adams County,8001061200,1,1.0,1294,4.09833288802882,315.73813923
8001,CO,Adams County,8001988700,10,10.0,0,26.1244739357866,0.0
8003,CO,Alamosa County,8003960000,8,8.0,1775,537.326469080166,3.3033920757
8003,CO,Alamosa County,8003960100,8,8.0,2532,162.307181732116,15.600049073
8003,CO,Alamosa County,8003960200,7,7.0,6342,8.87162604614384,714.86331446
8003,CO,Alamosa County,8003960300,7,7.0,4796,14.1378002523564,339.23240634
8005,CO,Arapahoe County,8005004951,1,1.0,1883,0.0600902398003388,31336.203787
8005,CO,Arapahoe County,8005004952,1,1.0,2301,0.490664435510898,4689.5593678
8005,CO,Arapahoe County,8005005551,1,1.0,3224,1.20920135537308,2666.2226152
8005,CO,Arapahoe County,8005005552,1,1.0,2414,0.794253486888742,3039.3319511
8005,CO,Arapahoe County,8005005553,1,1.0,3594,0.933611661521212,3849.5663113
8005,CO,Arapahoe County,8005005611,1,1.0,4747,1.54962532644939,3063.3211261
8005,CO,Arapahoe County,8005005612,1,1.0,3616,1.49641388299869,2416.4437667
8005,CO,Arapahoe County,8005005614,1,1.0,3146,0.898817677919743,3500.1536766
8005,CO,Arapahoe County,8005005619,1,1.0,4574,1.47936940248372,3091.8579175
8005,CO,Arapahoe County,8005005620,1,1.0,2539,0.380716049649651,6669.0122529
8005,CO,Arapahoe County,8005005621,1,1.0,2899,1.00254248282231,2891.6480345
8005,CO,Arapahoe County,8005005622,1,1.0,2326,2.31087904654385,1006.5433773
8005,CO,Arapahoe County,8005005623,1,1.0,3547,1.55568713059674,2280.0214325
8005,CO,Arapahoe County,8005005624,1,1.0,2106,0.771714386321481,2728.9889075
8005,CO,Arapahoe County,8005005625,1,1.0,2899,0.724264745628165,4002.6799834
8005,CO,Arapahoe County,8005005626,1,1.0,3210,0.777489316552818,4128.6740945
8005,CO,Arapahoe County,8005005627,1,1.0,4271,1.00237800329577,4260.8676427
8005,CO,Arapahoe County,8005005628,1,1.0,5609,0.991611930248326,5656.4466692
8005,CO,Arapahoe County,8005005629,1,1.0,2215,0.992409617341856,2231.9412884
8005,CO,Arapahoe County,8005005630,1,1.0,5322,0.996523922118558,5340.5642171
8005,CO,Arapahoe County,8005005631,1,1.0,3028,0.646105696242608,4686.5397064
8005,CO,Arapahoe County,8005005632,1,1.0,3189,0.853047195585462,3738.3629142
8005,CO,Arapahoe County,8005005633,1,1.0,3002,0.754688438710913,3977.8004353
8005,CO,Arapahoe County,8005005634,1,1.0,2959,1.5617010580744,1894.7288181
8005,CO,Arapahoe County,8005005635,1,1.0,4789,1.04138436162639,4598.686303
8005,CO,Arapahoe County,8005005636,1,1.0,1825,1.97380065081383,924.61211787
8005,CO,Arapahoe County,8005005700,1,1.0,3593,0.882492505756783,4071.4226767
8005,CO,Arapahoe County,8005005800,1,1.0,2391,0.468346571489906,5105.1937722
8005,CO,Arapahoe County,8005005951,1,1.0,4032,0.554954308668612,7265.4630066
8005,CO,Arapahoe County,8005005952,1,1.0,3091,0.387355076548617,7979.7585914
8005,CO,Arapahoe County,8005006000,1,1.0,2693,0.990867911357118,2717.8193674
8005,CO,Arapahoe County,8005006100,1,1.0,2672,0.4382927642908,6096.3817286
8005,CO,Arapahoe County,8005006200,1,1.0,2864,0.960658891083665,2981.2871422
8005,CO,Arapahoe County,8005006300,1,1.0,2621,0.501926263751029,5221.8825538
8005,CO,Arapahoe County,8005006400,1,1.0,2975,0.900892591008144,3302.2804602
8005,CO,Arapahoe County,8005006501,1,1.0,1678,0.649253201173133,2584.5078576
8005,CO,Arapahoe County,8005006502,1,1.0,3171,0.74644438507051,4248.1396651
8005,CO,Arapahoe County,8005006601,1,1.0,5610,0.749130111799746,7488.6857592
8005,CO,Arapahoe County,8005006603,1,1.0,3210,0.715377059662052,4487.1441663
8005,CO,Arapahoe County,8005006604,1,1.0,3761,0.729531565397214,5155.3629457
8005,CO,Arapahoe County,8005006704,1,1.0,4239,4.25560465917217,996.09816689
8005,CO,Arapahoe County,8005006705,1,1.0,1748,1.95132757371849,895.8003892
8005,CO,Arapahoe County,8005006706,1,1.0,4720,0.872928754882262,5407.0850268
8005,CO,Arapahoe County,8005006707,1,1.0,4530,1.24673820882568,3633.4813259
8005,CO,Arapahoe County,8005006708,1,1.0,4979,0.997229330792266,4992.83349
8005,CO,Arapahoe County,8005006709,1,1.0,4882,1.62166658687222,3010.4831903
8005,CO,Arapahoe County,8005006711,1,1.0,3869,1.00117915604242,3864.4432184
8005,CO,Arapahoe County,8005006712,1,1.0,1219,1.96214268174215,621.25961142
8005,CO,Arapahoe County,8005006713,1,1.0,1209,0.201601706262732,5996.9730535
8005,CO,Arapahoe County,8005006808,1,1.0,5475,1.49524206289759,3661.6144876
8005,CO,Arapahoe County,8005006815,1,1.0,4057,1.22846862610946,3302.4856425
8005,CO,Arapahoe County,8005006854,1,1.0,2383,3.27390590226673,727.87675368
8005,CO,Arapahoe County,8005006855,1,1.0,5097,3.01636996001526,1689.7794593
8005,CO,Arapahoe County,8005006856,1,1.0,7648,7.36164453271598,1038.8983013
8005,CO,Arapahoe County,8005006857,1,1.0,2158,0.772168828581445,2794.7256094
8005,CO,Arapahoe County,8005006858,1,1.0,4143,1.08634441549536,3813.7076427
8005,CO,Arapahoe County,8005007101,2,2.0,5107,462.418208887454,11.044115266
8005,CO,Arapahoe County,8005007103,2,2.0,1585,63.8439290066209,24.826166319
8005,CO,Arapahoe County,8005007104,1,1.0,4958,21.4475603747971,231.16848319
8005,CO,Arapahoe County,8005007105,1,1.0,3103,33.7225319190668,92.015629415
8005,CO,Arapahoe County,8005007106,1,1.0,4294,64.4223228061288,66.653914559
8005,CO,Arapahoe County,8005007107,1,1.0,4430,5.45316657837797,812.37202941
8005,CO,Arapahoe County,8005007201,1,1.0,3589,0.514790802119547,6971.7640355
8005,CO,Arapahoe County,8005007202,1,1.0,3915,0.642578266771892,6092.6430327
8005,CO,Arapahoe County,8005007301,1,1.0,2548,0.331644393719199,7682.9280044
8005,CO,Arapahoe County,8005007302,1,1.0,4927,0.503885732289107,9778.0105375
8005,CO,Arapahoe County,8005007400,1,1.0,4992,0.746938981956673,6683.2768413
8005,CO,Arapahoe County,8005007500,1,1.0,2458,0.330749794979745,7431.5994668
8005,CO,Arapahoe County,8005007600,1,1.0,3256,0.512309709543056,6355.5305304
8005,CO,Arapahoe County,8005007702,1,1.0,4168,1.0733447413656,3883.1885408
8005,CO,Arapahoe County,8005007703,1,1.0,4075,0.711637273995092,5726.2318163
8005,CO,Arapahoe County,8005007704,1,1.0,4797,0.324458646140445,14784.626815
8005,CO,Arapahoe County,8005015100,1,1.0,2521,0.573808063975586,4393.4551608
8005,CO,Arapahoe County,8005080000,1,1.0,3437,0.514099293124138,6685.4789453
8005,CO,Arapahoe County,8005080100,1,1.0,4277,0.554637318782944,7711.3455138
8005,CO,Arapahoe County,8005080200,1,1.0,5086,1.00268572672924,5072.3769816
8005,CO,Arapahoe County,8005080300,1,1.0,5701,0.97551224175556,5844.1091316
8005,CO,Arapahoe County,8005080400,1,1.0,4500,0.933735214217209,4819.3534221
8005,CO,Arapahoe County,8005080500,1,1.0,3059,0.488245505384581,6265.2906504
8005,CO,Arapahoe County,8005080600,1,1.0,3730,0.484478692565371,7698.9969987
8005,CO,Arapahoe County,8005080700,1,1.0,5545,0.976092167222396,5680.8159989
8005,CO,Arapahoe County,8005080800,1,1.0,2661,0.354742184133672,7501.2223497
8005,CO,Arapahoe County,8005080900,1,1.0,3977,0.649879845003143,6119.5927687
8005,CO,Arapahoe County,8005081000,1,1.0,5450,0.915996135889433,5949.8067584
8005,CO,Arapahoe County,8005081100,1,1.0,5376,0.937660328928165,5733.4194848
8005,CO,Arapahoe County,8005081200,1,1.0,4462,0.514592345601601,8670.941257
8005,CO,Arapahoe County,8005081300,1,1.0,3119,0.453662719672832,6875.1516595
8005,CO,Arapahoe County,8005081400,1,1.0,4171,1.02441825985294,4071.579123
8005,CO,Arapahoe County,8005081500,1,1.0,3039,0.69833837067971,4351.7585852
8005,CO,Arapahoe County,8005081600,1,1.0,4859,1.21204692840276,4008.920683
8005,CO,Arapahoe County,8005081700,1,1.0,2782,0.714465086324724,3893.82218
8005,CO,Arapahoe County,8005081800,1,1.0,5421,0.818201474292545,6625.5074946
8005,CO,Arapahoe County,8005081900,1,1.0,6332,1.01302399856679,6250.5922949
8005,CO,Arapahoe County,8005082000,1,1.0,3797,1.25694018659546,3020.8279125
8005,CO,Arapahoe County,8005082100,1,1.0,6750,0.751886495227005,8977.4188562
8005,CO,Arapahoe County,8005082200,1,1.0,5627,0.754688824813088,7456.0531639
8005,CO,Arapahoe County,8005082300,1,1.0,3636,0.481894124605983,7545.2258377
8005,CO,Arapahoe County,8005082400,1,1.0,4265,0.794836501172978,5365.8834159
8005,CO,Arapahoe County,8005082500,1,1.0,2310,0.487980639292537,4733.794364
8005,CO,Arapahoe County,8005082600,1,1.0,5059,0.997624699419457,5071.0452567
8005,CO,Arapahoe County,8005082700,1,1.0,3499,0.47030874274321,7439.7936547
8005,CO,Arapahoe County,8005082800,1,1.0,5030,0.760318194524453,6615.6512316
8005,CO,Arapahoe County,8005082900,1,1.0,4522,1.01652594529396,4448.4845871
8005,CO,Arapahoe County,8005083000,1,1.0,3245,3.96119132598298,819.19799701
8005,CO,Arapahoe County,8005083100,1,1.0,6739,1.01586378006385,6633.7634359
8005,CO,Arapahoe County,8005083200,1,1.0,8692,1.98206130684775,4385.3335767
8005,CO,Arapahoe County,8005083300,1,1.0,4399,0.74122312535811,5934.7851538
8005,CO,Arapahoe County,8005083400,1,1.0,6685,1.05404465194433,6342.2360596
8005,CO,Arapahoe County,8005083500,1,1.0,5274,0.730168633985949,7222.9889844
8005,CO,Arapahoe County,8005083600,1,1.0,3661,2.03928357969226,1795.2383065
8005,CO,Arapahoe County,8005083700,1,1.0,4356,1.79831528176965,2422.267132
8005,CO,Arapahoe County,8005083800,1,1.0,2842,0.496915815826174,5719.2786172
8005,CO,Arapahoe County,8005083900,1,1.0,2853,0.529238745507701,5390.7617766
8005,CO,Arapahoe County,8005084000,1,1.0,2327,0.327728545460442,7100.3885143
8005,CO,Arapahoe County,8005084100,1,1.0,4435,0.589934779620601,7517.7801906
8005,CO,Arapahoe County,8005084200,1,1.0,3548,0.572347053345421,6199.0360206
8005,CO,Arapahoe County,8005084300,1,1.0,3456,0.456047286705575,7578.1615213
8005,CO,Arapahoe County,8005084400,1,1.0,3143,0.408639345047159,7691.3788114
8005,CO,Arapahoe County,8005084500,1,1.0,2708,0.283202470436156,9562.06348
8005,CO,Arapahoe County,8005084600,1,1.0,5196,0.795271252222018,6533.6198001
8005,CO,Arapahoe County,8005084700,1,1.0,4665,0.680194271170368,6858.3347401
8005,CO,Arapahoe County,8005084800,1,1.0,3444,0.579405773308602,5944.0208549
8005,CO,Arapahoe County,8005084900,1,1.0,3066,0.714339603117852,4292.076187
8005,CO,Arapahoe County,8005085000,1,1.0,1805,1.24922277632174,1444.8984074
8005,CO,Arapahoe County,8005085100,1,1.0,6698,1.44170127429162,4645.9000345
8005,CO,Arapahoe County,8005085200,1,1.0,2809,1.39654546661992,2011.3917285
8005,CO,Arapahoe County,8005085300,1,1.0,2284,0.709382051190971,3219.7036789
8005,CO,Arapahoe County,8005085400,1,1.0,4320,0.713540757717796,6054.3142817
8005,CO,Arapahoe County,8005085500,1,1.0,5316,0.841166445558821,6319.7955982
8005,CO,Arapahoe County,8005085600,1,1.0,3203,0.494528546078206,6476.8758556
8005,CO,Arapahoe County,8005085700,1,1.0,4611,0.670735540087444,6874.5425349
8005,CO,Arapahoe County,8005085800,1,1.0,1706,0.335278773492387,5088.3030328
8005,CO,Arapahoe County,8005085900,1,1.0,3248,1.81331535126804,1791.1942331
8005,CO,Arapahoe County,8005086000,1,1.0,7684,1.30423924744053,5891.5571013
8005,CO,Arapahoe County,8005086100,1,1.0,4784,0.729943536417929,6553.9315869
8005,CO,Arapahoe County,8005086200,1,1.0,5814,0.855065737756314,6799.4772136
8005,CO,Arapahoe County,8005086300,1,1.0,3696,1.83388340023197,2015.3953079
8005,CO,Arapahoe County,8005086400,1,1.0,1980,3.11952487810754,634.71204025
8005,CO,Arapahoe County,8005086500,1,1.0,4632,2.37096735583331,1953.6329712
8005,CO,Arapahoe County,8005086600,1,1.0,4075,2.82510652559008,1442.423485
8005,CO,Arapahoe County,8005086700,1,1.0,3611,2.34629890177097,1539.0196012
8005,CO,Arapahoe County,8005086800,1,1.0,6106,0.66484169038621,9184.1412599
8005,CO,Arapahoe County,8005086900,1,1.0,2823,0.28282756522424,9981.3467537
8005,CO,Arapahoe County,8005087000,1,1.0,4550,0.372321802263177,12220.611236
8005,CO,Arapahoe County,8005087100,1,1.0,2505,0.37928168006956,6604.5900228
8005,CO,Arapahoe County,8005087200,1,1.0,3768,0.901440856096631,4179.974731
8005,CO,Arapahoe County,8005087300,1,1.0,7087,0.841203125265445,8424.8379341
8007,CO,Archuleta County,8007940400,10,10.0,1188,394.111302060087,3.0143768874
8007,CO,Archuleta County,8007974200,7,7.0,5349,28.7680425546373,185.93548692
8007,CO,Archuleta County,8007974300,8,8.0,3487,361.729014960687,9.6398128317
8007,CO,Archuleta County,8007974400,7,7.0,2060,565.56696903615,3.6423626428
8009,CO,Baca County,8009964600,10,10.0,1738,2042.68731553969,0.850839963
8009,CO,Baca County,8009964700,10,10.0,2050,512.279557279802,4.0017212689
8011,CO,Bent County,8011966700,7,7.0,6499,1512.86120900946,4.2958335909
8013,CO,Boulder County,8013012101,1,1.0,4770,1.10421167974523,4319.8238956
8013,CO,Boulder County,8013012102,1,1.0,6466,1.11275998189953,5810.7769017
8013,CO,Boulder County,8013012103,1,1.0,3804,0.8901774834478,4273.3051226
8013,CO,Boulder County,8013012104,1,1.0,2538,1.04281950341083,2433.7864719
8013,CO,Boulder County,8013012105,1,1.0,5589,0.955809833867956,5847.3974654
8013,CO,Boulder County,8013012201,1,1.0,3388,2.04700562319208,1655.1004851
8013,CO,Boulder County,8013012202,1,1.0,5847,0.634766261465304,9211.2646102
8013,CO,Boulder County,8013012203,1,1.0,6081,2.50097606629838,2431.4506972
8013,CO,Boulder County,8013012204,1,1.0,3556,0.538150755910838,6607.813816
8013,CO,Boulder County,8013012300,1,1.0,6196,0.548155821571374,11303.35528
8013,CO,Boulder County,8013012401,1,1.0,5699,0.431412423532464,13210.097088
8013,CO,Boulder County,8013012501,1,1.0,2451,1.31822502652522,1859.3183642
8013,CO,Boulder County,8013012505,1,1.0,4102,5.82159955953464,704.61734066
8013,CO,Boulder County,8013012507,1,1.0,4202,0.632893279814424,6639.3500042
8013,CO,Boulder County,8013012508,1,1.0,2833,1.3548128408317,2091.0637356
8013,CO,Boulder County,8013012509,1,1.0,3247,0.681378446541065,4765.3400493
8013,CO,Boulder County,8013012510,1,1.0,4316,19.5690898953972,220.55190216
8013,CO,Boulder County,8013012511,1,1.0,6265,0.745918513908173,8399.0407574
8013,CO,Boulder County,8013012603,1,1.0,3384,0.671917398845091,5036.3333437
8013,CO,Boulder County,8013012605,1,1.0,1529,0.476219194837968,3210.706365
8013,CO,Boulder County,8013012607,1,1.0,4258,0.277336806193697,15353.173127
8013,CO,Boulder County,8013012608,1,1.0,2239,0.345738667515062,6475.9895562
8013,CO,Boulder County,8013012701,1,1.0,5448,18.0313252416614,302.1408536
8013,CO,Boulder County,8013012705,1,1.0,3507,1.69088891531544,2074.0570053
8013,CO,Boulder County,8013012707,1,1.0,2194,11.7562702993219,186.62381386
8013,CO,Boulder County,8013012708,1,1.0,5123,2.17157183739847,2359.1206663
8013,CO,Boulder County,8013012709,1,1.0,1811,3.74785944954185,483.20915562
8013,CO,Boulder County,8013012710,1,1.0,3685,7.41089340954475,497.24099327
8013,CO,Boulder County,8013012800,1,1.0,10822,15.2085766420539,711.57217764
8013,CO,Boulder County,8013012903,1,1.0,2195,1.49637951990511,1466.8738584
8013,CO,Boulder County,8013012904,1,1.0,5156,1.21607242967921,4239.8790353
8013,CO,Boulder County,8013012905,1,1.0,2481,0.5136043101358,4830.5669385
8013,CO,Boulder County,8013012907,1,1.0,2922,2.50713130717208,1165.4754546
8013,CO,Boulder County,8013013003,1,1.0,5452,4.73085550975526,1152.4342666
8013,CO,Boulder County,8013013004,1,1.0,3414,0.776459968154293,4396.8783196
8013,CO,Boulder County,8013013005,1,1.0,3084,0.745934344097347,4134.4121294
8013,CO,Boulder County,8013013006,1,1.0,5304,1.24389302189817,4264.0322814
8013,CO,Boulder County,8013013201,2,2.0,1531,22.6047688251837,67.729071323
8013,CO,Boulder County,8013013202,2,2.0,1375,24.4510719740786,56.234753284
8013,CO,Boulder County,8013013205,1,1.0,5078,8.81188213999447,576.26735348
8013,CO,Boulder County,8013013207,1,1.0,4276,2.1087371833383,2027.7538774
8013,CO,Boulder County,8013013208,1,1.0,5755,1.24669226266685,4616.2153824
8013,CO,Boulder County,8013013210,1,1.0,5032,2.15963008322818,2330.0286651
8013,CO,Boulder County,8013013211,1,1.0,5612,20.2308412239748,277.39825239
8013,CO,Boulder County,8013013212,1,1.0,4345,3.27269392753943,1327.6524161
8013,CO,Boulder County,8013013213,1,1.0,7271,7.79767164944394,932.45783189
8013,CO,Boulder County,8013013302,1,1.0,5132,1.45703300555833,3522.2263191
8013,CO,Boulder County,8013013305,1,1.0,4859,0.758954481642386,6402.2284834
8013,CO,Boulder County,8013013306,1,1.0,4589,0.767688112840677,5977.6879741
8013,CO,Boulder County,8013013307,1,1.0,3604,0.75399577140898,4779.8676553
8013,CO,Boulder County,8013013308,1,1.0,3465,0.758285752675302,4569.5174778
8013,CO,Boulder County,8013013401,1,1.0,3275,1.21839251764873,2687.9679188
8013,CO,Boulder County,8013013402,1,1.0,7573,2.18352749124706,3468.241197
8013,CO,Boulder County,8013013503,1,1.0,5478,0.753056384817227,7274.3556929
8013,CO,Boulder County,8013013505,1,1.0,3831,0.499197293578194,7674.3204526
8013,CO,Boulder County,8013013506,1,1.0,4058,1.00242510776112,4048.1827207
8013,CO,Boulder County,8013013507,1,1.0,3397,0.754474538105968,4502.4713604
8013,CO,Boulder County,8013013508,1,1.0,6575,1.99778570402643,3291.1437832
8013,CO,Boulder County,8013013601,10,10.0,3831,53.3201655760567,71.848989188
8013,CO,Boulder County,8013013602,3,3.0,912,191.154164420839,4.7710182133
8013,CO,Boulder County,8013013701,2,2.0,6334,97.1143460896344,65.222083606
8013,CO,Boulder County,8013013702,2,2.0,5952,130.715939610531,45.533850101
8013,CO,Boulder County,8013060600,1,1.0,5325,14.6008336718162,364.70520244
8013,CO,Boulder County,8013060700,1,1.0,3091,3.86876464292499,798.9630503
8013,CO,Boulder County,8013060800,1,1.0,6107,8.20480210719123,744.32020666
8013,CO,Boulder County,8013060900,1,1.0,4139,2.97296512570715,1392.2127657
8013,CO,Boulder County,8013061300,1,1.0,3417,0.813325389924586,4201.2705398
8013,CO,Boulder County,8013061400,1,1.0,3990,0.986045495191484,4046.4664353
8014,CO,Broomfield County,8014030000,1,1.0,3378,0.623324123509453,5419.3314082
8014,CO,Broomfield County,8014030100,1,1.0,2183,0.415712350790814,5251.2271907
8014,CO,Broomfield County,8014030200,1,1.0,1672,0.994455186664957,1681.3226201
8014,CO,Broomfield County,8014030300,1,1.0,3707,1.03418857539108,3584.4526697
8014,CO,Broomfield County,8014030400,1,1.0,3789,0.888768596611258,4263.2019341
8014,CO,Broomfield County,8014030500,1,1.0,5911,1.88841222430374,3130.1428385
8014,CO,Broomfield County,8014030600,1,1.0,6166,0.980580605006664,6288.1113174
8014,CO,Broomfield County,8014030700,1,1.0,2988,0.52908391853553,5647.4972973
8014,CO,Broomfield County,8014030800,1,1.0,5420,0.987385269738701,5489.2453494
8014,CO,Broomfield County,8014030900,1,1.0,5938,2.06238445892413,2879.1915951
8014,CO,Broomfield County,8014031000,1,1.0,4841,1.29394576345527,3741.2696395
8014,CO,Broomfield County,8014031100,1,1.0,2606,5.54920254456777,469.61702678
8014,CO,Broomfield County,8014031200,1,1.0,3059,2.34947961148855,1301.9904429
8014,CO,Broomfield County,8014031300,1,1.0,1648,4.07368644179046,404.54758204
8014,CO,Broomfield County,8014031400,1,1.0,2583,9.05997325084132,285.10017949
8014,CO,Broomfield County,8014980100,10,10.0,0,0.0553388664349024,0.0
8014,CO,Broomfield County,8014980200,10,10.0,0,0.206549605635238,0.0
8014,CO,Broomfield County,8014980300,10,10.0,0,0.0414801149657836,0.0
8015,CO,Chaffee County,8015000100,7,7.0,2541,1.52198234123092,1669.5331681
8015,CO,Chaffee County,8015000200,7,7.0,4305,42.5567072125431,101.15914228
8015,CO,Chaffee County,8015000300,7,7.0,2909,423.894307618414,6.8625597176
8015,CO,Chaffee County,8015000401,7,7.0,4531,367.777494335881,12.319949072
8015,CO,Chaffee County,8015000402,7,7.0,3523,177.652752831287,19.830821329
8017,CO,Cheyenne County,8017960600,10,10.0,1836,1778.27583293822,1.0324607499
8019,CO,Clear Creek County,8019014700,2,2.0,4959,187.049809883289,26.511654853
8019,CO,Clear Creek County,8019014800,2,2.0,1610,5.82863820218472,276.22232572
8019,CO,Clear Creek County,8019014900,10,10.0,2519,202.348353737546,12.448828733
8021,CO,Conejos County,8021974800,8,8.0,3887,238.612128318741,16.290035328
8021,CO,Conejos County,8021974900,10,10.3,4369,1048.77842986145,4.1657988719
8023,CO,Costilla County,8023972600,10,10.0,1646,600.366817915759,2.741657185
8023,CO,Costilla County,8023972700,10,10.0,1878,626.584804640022,2.9972000376
8025,CO,Crowley County,8025969600,10,10.0,5823,787.421137472452,7.3950262736
8027,CO,Custer County,8027970100,10,10.0,4255,738.62544729937,5.7607005222
8029,CO,Delta County,8029964600,10,10.0,4003,256.965387870523,15.57797349
8029,CO,Delta County,8029964700,7,7.0,4092,132.077703448819,30.981762199
8029,CO,Delta County,8029964800,7,7.0,3493,233.044615264627,14.988546275
8029,CO,Delta County,8029964900,7,7.0,5805,73.9305066278299,78.519683751
8029,CO,Delta County,8029965000,10,10.0,5017,318.214983235444,15.76607094
8029,CO,Delta County,8029965100,7,7.0,4078,18.3330911185689,222.43930244
8029,CO,Delta County,8029965200,7,7.0,4464,109.484092976493,40.773046373
8031,CO,Denver County,8031000102,1,1.0,3109,0.645385229584075,4817.2778946
8031,CO,Denver County,8031000201,1,1.0,3874,0.806618795144997,4802.7643582
8031,CO,Denver County,8031000202,1,1.0,3916,0.683750658304208,5727.233974
8031,CO,Denver County,8031000301,1,1.0,5003,0.744112714035741,6723.4437816
8031,CO,Denver County,8031000302,1,1.0,4036,0.557548529182375,7238.8317586
8031,CO,Denver County,8031000303,1,1.0,4504,0.56506169140552,7970.8110964
8031,CO,Denver County,8031000401,1,1.0,3209,0.377583602703951,8498.7800768
8031,CO,Denver County,8031000402,1,1.0,5314,0.639094466846951,8314.8897004
8031,CO,Denver County,8031000501,1,1.0,1814,0.507227060511477,3576.3076169
8031,CO,Denver County,8031000502,1,1.0,5424,0.615409028922142,8813.6503449
8031,CO,Denver County,8031000600,1,1.0,2552,0.491037796314114,5197.1559402
8031,CO,Denver County,8031000701,1,1.0,4166,0.462706390917641,9003.5497278
8031,CO,Denver County,8031000702,1,1.0,5574,0.543635723408757,10253.189332
8031,CO,Denver County,8031000800,1,1.0,1448,0.640436171905044,2260.9591143
8031,CO,Denver County,8031000902,1,1.0,5376,0.72364852655688,7429.0208612
8031,CO,Denver County,8031000903,1,1.0,6111,0.764795435345646,7990.3719577
8031,CO,Denver County,8031000904,1,1.0,5127,0.479249324707296,10697.980645
8031,CO,Denver County,8031000905,1,1.0,3631,0.506872232612661,7163.5409604
8031,CO,Denver County,8031001000,1,1.0,3941,0.960122209060428,4104.6858023
8031,CO,Denver County,8031001101,1,1.0,2601,0.34706145356658,7494.3499869
8031,CO,Denver County,8031001102,1,1.0,3115,0.513107010534412,6070.8583903
8031,CO,Denver County,8031001301,1,1.0,4972,0.706087827433949,7041.6169304
8031,CO,Denver County,8031001302,1,1.0,3926,0.801582478374417,4897.8116487
8031,CO,Denver County,8031001401,1,1.0,5750,0.807257022040257,7122.8863212
8031,CO,Denver County,8031001402,1,1.0,4070,0.645053567815758,6309.5535054
8031,CO,Denver County,8031001403,1,1.0,2218,1.11611868471977,1987.2438571
8031,CO,Denver County,8031001500,1,1.0,3687,2.06949105555701,1781.5974561
8031,CO,Denver County,8031001600,1,1.0,7685,1.2351620934151,6221.8554479
8031,CO,Denver County,8031001701,1,1.0,4350,0.43972945048394,9892.4463559
8031,CO,Denver County,8031001702,1,1.0,3648,0.431075742435872,8462.549944
8031,CO,Denver County,8031001800,1,1.0,3209,0.376430701609428,8524.8094438
8031,CO,Denver County,8031001901,1,1.0,2910,0.901548578603453,3227.7794775
8031,CO,Denver County,8031001902,1,1.0,705,0.648019990826212,1087.9294003
8031,CO,Denver County,8031002000,1,1.0,1577,0.303978242370235,5187.8713019
8031,CO,Denver County,8031002100,1,1.0,4879,1.48970999093432,3275.1341064
8031,CO,Denver County,8031002300,1,1.0,4831,0.563563614966556,8572.2354526
8031,CO,Denver County,8031002402,1,1.0,1687,0.166893051241936,10108.269862
8031,CO,Denver County,8031002403,1,1.0,3338,0.363107859959197,9192.860767
8031,CO,Denver County,8031002601,1,1.0,3087,0.200727184836378,15379.082821
8031,CO,Denver County,8031002602,1,1.0,2736,0.151846649482546,18018.178269
8031,CO,Denver County,8031002701,1,1.0,4600,0.221659328151327,20752.566735
8031,CO,Denver County,8031002702,1,1.0,5323,0.253089975706451,21032.045956
8031,CO,Denver County,8031002703,1,1.0,4785,0.20168896535428,23724.649445
8031,CO,Denver County,8031002801,1,1.0,2583,0.290835710435724,8881.3027676
8031,CO,Denver County,8031002802,1,1.0,4213,0.342395022679642,12304.501295
8031,CO,Denver County,8031002803,1,1.0,4158,0.217799464707945,19090.956011
8031,CO,Denver County,8031002901,1,1.0,2602,0.384341162970639,6770.0268685
8031,CO,Denver County,8031002902,1,1.0,3791,0.487757472235393,7772.3053275
8031,CO,Denver County,8031003001,1,1.0,5393,0.818962867781627,6585.1581459
8031,CO,Denver County,8031003002,1,1.0,2553,0.562024611697043,4542.5056961
8031,CO,Denver County,8031003003,1,1.0,3138,0.419684183864945,7477.0508888
8031,CO,Denver County,8031003004,1,1.0,6237,0.827459432244474,7537.5296443
8031,CO,Denver County,8031003101,1,1.0,1455,0.196796278592797,7393.4324897
8031,CO,Denver County,8031003102,1,1.0,3389,0.330094579588786,10266.754468
8031,CO,Denver County,8031003201,1,1.0,4970,0.3305405276009,15035.977694
8031,CO,Denver County,8031003202,1,1.0,3001,0.196137974384437,15300.453721
8031,CO,Denver County,8031003203,1,1.0,3001,0.649867489733543,4617.8644838
8031,CO,Denver County,8031003300,1,1.0,3099,0.495569863644156,6253.4068904
8031,CO,Denver County,8031003401,1,1.0,2420,0.435546033417915,5556.2439199
8031,CO,Denver County,8031003402,1,1.0,4485,1.05652420011212,4245.0518403
8031,CO,Denver County,8031003500,1,1.0,6401,2.60611400516141,2456.1473471
8031,CO,Denver County,8031003601,1,1.0,4651,0.512103144879436,9082.1547309
8031,CO,Denver County,8031003602,1,1.0,4337,0.774246830487246,5601.5728179
8031,CO,Denver County,8031003603,1,1.0,3106,0.763367629502531,4068.8128235
8031,CO,Denver County,8031003701,1,1.0,2907,0.721988673306594,4026.3789551
8031,CO,Denver County,8031003702,1,1.0,4357,0.272665355978483,15979.294415
8031,CO,Denver County,8031003703,1,1.0,2779,0.261170322024658,10640.565813
8031,CO,Denver County,8031003800,1,1.0,5589,0.841308145057043,6643.2258297
8031,CO,Denver County,8031003901,1,1.0,4172,1.1611876194021,3592.8733051
8031,CO,Denver County,8031003902,1,1.0,3892,0.839562191021734,4635.7494914
8031,CO,Denver County,8031004002,1,1.0,3133,0.922125507917411,3397.5852236
8031,CO,Denver County,8031004003,1,1.0,4121,1.01003981485629,4080.0371821
8031,CO,Denver County,8031004004,1,1.0,1808,0.545459670083414,3314.6355252
8031,CO,Denver County,8031004005,1,1.0,3002,0.408477182133662,7349.2477213
8031,CO,Denver County,8031004006,1,1.0,4489,0.754071833537453,5953.0137586
8031,CO,Denver County,8031004101,1,1.0,3648,1.80941147217671,2016.1251634
8031,CO,Denver County,8031004102,1,1.0,4173,1.52968894064374,2728.0056024
8031,CO,Denver County,8031004103,1,1.0,5093,0.736354763033651,6916.5030983
8031,CO,Denver County,8031004104,1,1.0,4289,0.758077257500807,5657.7346933
8031,CO,Denver County,8031004106,1,1.0,10138,5.6130229174807,1806.1568871
8031,CO,Denver County,8031004107,1,1.0,3810,3.28511908163281,1159.7753096
8031,CO,Denver County,8031004201,1,1.0,4481,0.736646270175769,6082.9738525
8031,CO,Denver County,8031004202,1,1.0,4109,0.753901562478282,5450.3136809
8031,CO,Denver County,8031004301,1,1.0,4469,0.54685658775253,8172.1608555
8031,CO,Denver County,8031004302,1,1.0,2467,0.426277264605087,5787.3131054
8031,CO,Denver County,8031004303,1,1.0,4067,0.964831883390965,4215.2421266
8031,CO,Denver County,8031004304,1,1.0,5456,1.01246106159565,5388.849218
8031,CO,Denver County,8031004306,1,1.0,4807,0.98764357209377,4867.1404703
8031,CO,Denver County,8031004403,1,1.0,4213,0.565786791290153,7446.2678607
8031,CO,Denver County,8031004404,1,1.0,5978,0.503559862053415,11871.478349
8031,CO,Denver County,8031004405,1,1.0,7316,2.30577593409699,3172.9015347
8031,CO,Denver County,8031004503,1,1.0,3974,0.392990623894783,10112.200542
8031,CO,Denver County,8031004504,1,1.0,3705,0.347216280538752,10670.582596
8031,CO,Denver County,8031004505,1,1.0,4357,0.386320322719642,11278.20553
8031,CO,Denver County,8031004506,1,1.0,3450,0.370133375135329,9320.9643652
8031,CO,Denver County,8031004601,1,1.0,5415,0.757974168220084,7144.0429332
8031,CO,Denver County,8031004602,1,1.0,7037,0.736258237489903,9557.7878001
8031,CO,Denver County,8031004603,1,1.0,5327,0.72114117903249,7386.9030848
8031,CO,Denver County,8031004700,1,1.0,6198,0.937771912456737,6609.2830439
8031,CO,Denver County,8031004801,1,1.0,2858,0.541311774417488,5279.76692
8031,CO,Denver County,8031005001,1,1.0,2586,0.595400055907595,4343.2982149
8031,CO,Denver County,8031005002,1,1.0,6612,0.818320393762442,8079.9648284
8031,CO,Denver County,8031005102,1,1.0,3368,0.627382057368606,5368.339691
8031,CO,Denver County,8031005104,1,1.0,3111,0.289881265859147,10731.980181
8031,CO,Denver County,8031005200,1,1.0,3052,0.807564745473724,3779.2635415
8031,CO,Denver County,8031005300,1,1.0,1206,0.434124405209599,2778.0055337
8031,CO,Denver County,8031005502,1,1.0,1856,1.13055543114485,1641.6709423
8031,CO,Denver County,8031005503,1,1.0,4644,0.77972909526994,5955.914725
8031,CO,Denver County,8031006701,1,1.0,2018,0.375213707553857,5378.2683292
8031,CO,Denver County,8031006804,1,1.0,2184,0.89248676055642,2447.095124
8031,CO,Denver County,8031006809,1,1.0,6979,1.13815469415302,6131.8553935
8031,CO,Denver County,8031006810,1,1.0,5207,0.864998988412301,6019.660219
8031,CO,Denver County,8031006811,1,1.0,5865,0.837892299114899,6999.7062942
8031,CO,Denver County,8031006812,1,1.0,3108,0.775476952016766,4007.856058
8031,CO,Denver County,8031006813,1,1.0,3871,0.423917408111543,9131.4957252
8031,CO,Denver County,8031006814,1,1.0,4703,0.806351998542078,5832.4404336
8031,CO,Denver County,8031006901,1,1.0,5808,0.77260551014136,7517.4198524
8031,CO,Denver County,8031007006,1,1.0,4464,0.704474306444663,6336.6399018
8031,CO,Denver County,8031007013,1,1.0,3096,0.486149742778731,6368.4081828
8031,CO,Denver County,8031007037,1,1.0,3763,0.402816538146123,9341.7217111
8031,CO,Denver County,8031007088,1,1.0,4168,0.947840298873972,4397.3652576
8031,CO,Denver County,8031007089,1,1.0,4725,0.382156210762366,12364.053931
8031,CO,Denver County,8031008304,1,1.0,3637,0.360966151194523,10075.736985
8031,CO,Denver County,8031008305,1,1.0,3963,0.396058591777259,10006.095265
8031,CO,Denver County,8031008306,1,1.0,5451,0.527779279286236,10328.181143
8031,CO,Denver County,8031008312,1,1.0,6825,0.967951588964891,7050.9724637
8031,CO,Denver County,8031008386,1,1.0,4511,0.497979913420448,9058.5983057
8031,CO,Denver County,8031008387,1,1.0,5961,0.672098866867337,8869.2308436
8031,CO,Denver County,8031008388,1,1.0,6962,3.3471877089778,2079.9550564
8031,CO,Denver County,8031008389,1,1.0,7516,2.21596354886586,3391.7525421
8031,CO,Denver County,8031008390,1,1.0,7703,0.847886553914535,9084.9418055
8031,CO,Denver County,8031008391,1,1.0,7020,0.871806741961739,8052.2433036
8031,CO,Denver County,8031011902,1,1.0,6695,0.948683932126326,7057.1449281
8031,CO,Denver County,8031011903,1,1.0,2194,0.415755208132238,5277.1437545
8031,CO,Denver County,8031012001,1,1.0,2032,0.775576952480089,2619.9850234
8031,CO,Denver County,8031012010,1,1.0,4995,1.13690990074085,4393.4879947
8031,CO,Denver County,8031012014,1,1.0,6137,0.992887611834495,6180.9613967
8031,CO,Denver County,8031015300,1,1.0,3832,0.442978886388663,8650.5251554
8031,CO,Denver County,8031015400,1,1.0,3934,1.02788159636261,3827.289071
8031,CO,Denver County,8031015500,1,1.0,3313,0.242770622875473,13646.626436
8031,CO,Denver County,8031015600,1,1.0,6498,1.44061401056684,4510.5767071
8031,CO,Denver County,8031015700,1,1.0,5535,0.810423059875181,6829.7661728
8031,CO,Denver County,8031980000,1,1.0,1165,42.2721997167554,27.559483722
8031,CO,Denver County,8031980100,99,99.0,0,1.66326639351225,0.0
8033,CO,Dolores County,8033000100,10,10.0,2064,1067.05133073976,1.9343024469
8035,CO,Douglas County,8035013901,1,1.0,6540,17.7424984208421,368.60648624
8035,CO,Douglas County,8035013904,1,1.0,3742,2.05971147356667,1816.7593122
8035,CO,Douglas County,8035013905,1,1.0,3733,1.40462117971203,2657.6560669
8035,CO,Douglas County,8035013907,1,1.0,4596,2.45969363564619,1868.525386
8035,CO,Douglas County,8035013908,1,1.0,6306,10.6786398238139,590.52464584
8035,CO,Douglas County,8035013909,1,1.0,6169,24.4526534485874,252.28345926
8035,CO,Douglas County,8035013910,1,1.0,6263,1.99484090273777,3139.5987477
8035,CO,Douglas County,8035013911,1,1.0,6586,13.9155683346795,473.28286144
8035,CO,Douglas County,8035014001,1,1.0,6242,4.47718483637762,1394.1796526
8035,CO,Douglas County,8035014005,1,1.0,4382,1.10238155543578,3975.0302229
8035,CO,Douglas County,8035014006,1,1.0,5205,2.13159134328036,2441.8376517
8035,CO,Douglas County,8035014007,1,1.0,2410,3.75792551934604,641.31127336
8035,CO,Douglas County,8035014008,1,1.0,6637,2.22777480050101,2979.2059765
8035,CO,Douglas County,8035014009,1,1.0,3587,1.40545979363611,2552.1896935
8035,CO,Douglas County,8035014010,1,1.0,5466,1.66867105175777,3275.6605889
8035,CO,Douglas County,8035014011,1,1.0,1692,11.6616111734881,145.09144361
8035,CO,Douglas County,8035014012,1,1.0,7440,18.9058652009198,393.52867065
8035,CO,Douglas County,8035014013,1,1.0,3742,15.9811246229712,234.1512308
8035,CO,Douglas County,8035014107,1,1.0,3718,1.06192075021197,3501.2028904
8035,CO,Douglas County,8035014108,1,1.0,4894,1.19821095696196,4084.4226733
8035,CO,Douglas County,8035014109,1,1.0,2259,0.594004296545003,3803.002795
8035,CO,Douglas County,8035014110,1,1.0,5406,1.03581985708042,5219.0542236
8035,CO,Douglas County,8035014112,1,1.0,3834,0.653400324634709,5867.7656797
8035,CO,Douglas County,8035014113,1,1.0,2930,0.491860966151195,5956.9679272
8035,CO,Douglas County,8035014114,1,1.0,3517,1.20009629388244,2930.5981678
8035,CO,Douglas County,8035014115,1,1.0,4249,1.00004285734142,4248.817907
8035,CO,Douglas County,8035014116,1,1.0,4440,1.53505614697829,2892.4023455
8035,CO,Douglas County,8035014122,1,1.0,6572,5.28954110984298,1242.451824
8035,CO,Douglas County,8035014123,1,1.0,3087,2.19109393557036,1408.8852832
8035,CO,Douglas County,8035014124,1,1.0,5456,1.01498925863749,5375.4263442
8035,CO,Douglas County,8035014125,1,1.0,2579,6.68188385428813,385.96899561
8035,CO,Douglas County,8035014126,1,1.0,1283,0.274623280107862,4671.8544746
8035,CO,Douglas County,8035014127,1,1.0,5220,2.38750140927294,2186.386144
8035,CO,Douglas County,8035014128,1,1.0,4611,0.807470922645201,5710.4223455
8035,CO,Douglas County,8035014129,1,1.0,3740,0.525239885281322,7120.5559684
8035,CO,Douglas County,8035014130,1,1.0,7591,1.36481790649223,5561.9141307
8035,CO,Douglas County,8035014131,1,1.0,3283,5.16281542617186,635.89335062
8035,CO,Douglas County,8035014132,1,1.0,5726,1.27632985172132,4486.3010861
8035,CO,Douglas County,8035014133,1,1.0,6346,1.58713476664757,3998.4002199
8035,CO,Douglas County,8035014134,1,1.0,5897,1.2268130199831,4806.7634627
8035,CO,Douglas County,8035014135,1,1.0,2412,25.9924829767551,92.796059621
8035,CO,Douglas County,8035014136,1,1.0,8411,1.28847392343131,6527.8775511
8035,CO,Douglas County,8035014137,1,1.0,9410,4.41768456070067,2130.0751266
8035,CO,Douglas County,8035014138,1,1.0,2902,0.727958971238477,3986.4884075
8035,CO,Douglas County,8035014139,1,1.0,4052,1.44684840238642,2800.5698408
8035,CO,Douglas County,8035014140,1,1.0,5531,1.51318191435636,3655.211543
8035,CO,Douglas County,8035014202,2,2.0,1845,49.6327492637032,37.173036501
8035,CO,Douglas County,8035014203,2,2.0,6272,7.26175449461542,863.70311812
8035,CO,Douglas County,8035014204,2,2.0,3188,10.0480396048167,317.2758195
8035,CO,Douglas County,8035014300,2,2.0,730,189.934047184775,3.8434393981
8035,CO,Douglas County,8035014403,2,2.0,5076,61.8710183213204,82.041643046
8035,CO,Douglas County,8035014404,2,2.0,2323,92.0294900980236,25.241908844
8035,CO,Douglas County,8035014405,1,1.0,7765,3.55942189693543,2181.5340313
8035,CO,Douglas County,8035014406,1,1.0,7382,14.4242834329734,511.77585592
8035,CO,Douglas County,8035014503,1,1.0,5592,3.61535574682199,1546.7357548
8035,CO,Douglas County,8035014504,1,1.0,4647,2.53569746269095,1832.6318768
8035,CO,Douglas County,8035014505,1,1.0,4101,5.72380219522253,716.48178259
8035,CO,Douglas County,8035014506,2,2.0,3435,77.1689930609717,44.512696923
8035,CO,Douglas County,8035014602,2,2.0,2254,82.7599923242888,27.235381936
8035,CO,Douglas County,8035014603,1,1.0,6739,2.53826504215464,2654.9630902
8035,CO,Douglas County,8035014604,1,1.0,4022,25.1700212510637,159.79326993
8037,CO,Eagle County,8037000100,10,10.0,1245,541.601777305532,2.2987369174
8037,CO,Eagle County,8037000200,7,7.0,6764,144.162774499341,46.919185785
8037,CO,Eagle County,8037000301,7,7.0,5800,9.24987606120183,627.03542854
8037,CO,Eagle County,8037000302,7,7.0,2467,231.682835210047,10.648177703
8037,CO,Eagle County,8037000401,4,4.0,5530,74.1423913933192,74.586210346
8037,CO,Eagle County,8037000402,4,4.0,4512,65.0531886634224,69.358629342
8037,CO,Eagle County,8037000403,7,7.0,8247,199.669530515199,41.303247314
8037,CO,Eagle County,8037000501,4,4.0,977,19.2764812037739,50.683524118
8037,CO,Eagle County,8037000502,4,4.0,3231,13.8266069186421,233.67989117
8037,CO,Eagle County,8037000503,4,4.0,6445,26.1418126261589,246.53990495
8037,CO,Eagle County,8037000600,7,7.0,1398,248.517608961895,5.6253559087
8037,CO,Eagle County,8037000701,7,7.0,1270,7.77198079682222,163.40750617
8037,CO,Eagle County,8037000702,7,7.0,1479,17.6005877247308,84.031284815
8037,CO,Eagle County,8037000703,7,7.0,2832,85.832352119006,32.994551939
8039,CO,Elbert County,8039961100,10,10.0,2010,1170.17242550931,1.7176955773
8039,CO,Elbert County,8039961204,2,2.0,6687,94.5130039212537,70.752168723
8039,CO,Elbert County,8039961205,2,2.0,1707,335.747584158691,5.0841765676
8039,CO,Elbert County,8039961206,2,2.0,3412,20.9526020969981,162.84373579
8039,CO,Elbert County,8039961207,2,2.0,3711,53.0941309380584,69.894731008
8039,CO,Elbert County,8039961208,2,2.0,3208,69.6046360060355,46.088884076
8039,CO,Elbert County,8039961209,2,2.0,2351,106.762484999931,22.020843745
8041,CO,El Paso County,8041000101,1,1.0,5902,2.64185393909161,2234.0372087
8041,CO,El Paso County,8041000102,1,1.0,3169,0.630492882592506,5026.2264452
8041,CO,El Paso County,8041000202,1,1.0,4548,1.05568133906412,4308.1182093
8041,CO,El Paso County,8041000203,1,1.0,3855,1.02518390046595,3760.300955
8041,CO,El Paso County,8041000301,1,1.0,2997,0.711676656416941,4211.1821049
8041,CO,El Paso County,8041000302,1,1.0,3789,2.17535988583731,1741.7807622
8041,CO,El Paso County,8041000400,1,1.0,2285,0.660985301862402,3456.9603795
8041,CO,El Paso County,8041000500,1,1.0,1973,0.51672826283365,3818.2544713
8041,CO,El Paso County,8041000600,1,1.0,3013,0.658323513468016,4576.7771291
8041,CO,El Paso County,8041000700,1,1.0,3182,0.62739093771863,5071.7978356
8041,CO,El Paso County,8041000800,1,1.0,2613,0.86315998375282,3027.248771
8041,CO,El Paso County,8041000900,1,1.0,2337,0.407718877461981,5731.8905971
8041,CO,El Paso County,8041001000,1,1.0,2303,0.761568007264898,3024.0240898
8041,CO,El Paso County,8041001101,1,1.0,1286,0.488177551401783,2634.2874561
8041,CO,El Paso County,8041001104,1,1.0,3156,1.63845739825822,1926.2020504
8041,CO,El Paso County,8041001301,1,1.0,2276,0.513437513996204,4432.8665864
8041,CO,El Paso County,8041001302,1,1.0,5068,1.17940430612034,4297.0845313
8041,CO,El Paso County,8041001400,1,1.0,3458,0.761634802941172,4540.2337008
8041,CO,El Paso County,8041001500,1,1.0,2368,0.675339422422034,3506.3849694
8041,CO,El Paso County,8041001600,1,1.0,3712,0.610977348157598,6075.5116555
8041,CO,El Paso County,8041001700,1,1.0,1564,0.303293297111801,5156.7245795
8041,CO,El Paso County,8041001800,1,1.0,1985,0.494928161829321,4010.683071
8041,CO,El Paso County,8041001900,1,1.0,4326,0.660293020662644,6551.6367198
8041,CO,El Paso County,8041002000,1,1.0,6338,1.3317525023282,4759.1425501
8041,CO,El Paso County,8041002101,1,1.0,3672,1.05487284110969,3480.988283
8041,CO,El Paso County,8041002102,1,1.0,4820,1.01441164978371,4751.5227186
8041,CO,El Paso County,8041002200,1,1.0,2737,0.667742089924741,4098.8879409
8041,CO,El Paso County,8041002300,1,1.0,1546,1.21977090241345,1267.4511229
8041,CO,El Paso County,8041002400,1,1.0,4589,1.60141591389613,2865.5891079
8041,CO,El Paso County,8041002501,1,1.0,3345,5.7154133532665,585.25950675
8041,CO,El Paso County,8041002502,1,1.0,3804,1.51410817347416,2512.3700318
8041,CO,El Paso County,8041002700,1,1.0,2997,0.822601108576565,3643.3211295
8041,CO,El Paso County,8041002800,1,1.0,5595,2.85336495767548,1960.8427534
8041,CO,El Paso County,8041002900,1,1.0,5902,1.16583899230421,5062.4486219
8041,CO,El Paso County,8041003000,1,1.0,4555,1.2698321382184,3587.0882953
8041,CO,El Paso County,8041003100,1,1.0,4423,4.34842786916387,1017.1492165
8041,CO,El Paso County,8041003303,1,1.0,5405,2.03482178295807,2656.2522798
8041,CO,El Paso County,8041003305,1,1.0,6603,5.14782114820609,1282.6785954
8041,CO,El Paso County,8041003306,1,1.0,3064,65.1298048485167,47.044513754
8041,CO,El Paso County,8041003307,1,1.0,3468,0.850171120483956,4079.178787
8041,CO,El Paso County,8041003308,1,1.0,5845,0.645516890425747,9054.7591964
8041,CO,El Paso County,8041003400,2,2.0,3703,77.6634216065866,47.680103753
8041,CO,El Paso County,8041003701,1,1.0,7513,107.104373456557,70.146528639
8041,CO,El Paso County,8041003702,1,1.0,5273,2.01533482008411,2616.4386917
8041,CO,El Paso County,8041003705,1,1.0,5533,4.15838220099861,1330.5655259
8041,CO,El Paso County,8041003706,1,1.0,4359,1.06318716534594,4099.9366265
8041,CO,El Paso County,8041003707,1,1.0,4242,3.14116667722013,1350.4536486
8041,CO,El Paso County,8041003708,1,1.0,2914,1.22076164059447,2387.0343752
8041,CO,El Paso County,8041003709,1,1.0,5971,3.19236459782825,1870.4003935
8041,CO,El Paso County,8041003801,7,7.0,2196,10.1514810107228,216.32311558
8041,CO,El Paso County,8041003802,7,7.0,4486,18.7401636609899,239.37891265
8041,CO,El Paso County,8041003902,1,1.0,9493,40.6803367428729,233.35598375
8041,CO,El Paso County,8041003905,1,1.0,3548,2.13247049793281,1663.7979299
8041,CO,El Paso County,8041003906,1,1.0,5985,1.90884475140425,3135.4042782
8041,CO,El Paso County,8041003909,2,2.0,6535,317.248433969578,20.598998451
8041,CO,El Paso County,8041004008,1,1.0,1487,15.4897169407735,95.999171947
8041,CO,El Paso County,8041004009,1,1.0,1602,0.182403547815666,8782.7239063
8041,CO,El Paso County,8041004100,1,1.0,4691,0.958056562424227,4896.3706152
8041,CO,El Paso County,8041004200,1,1.0,3837,0.752350976143519,5100.0133205
8041,CO,El Paso County,8041004300,1,1.0,6360,2.46500099614361,2580.1206612
8041,CO,El Paso County,8041004401,1,1.0,8339,2.95732026557652,2819.7825231
8041,CO,El Paso County,8041004402,1,1.0,5474,6.2207087445965,879.96404023
8041,CO,El Paso County,8041004403,2,2.0,1477,123.465443469236,11.962861498
8041,CO,El Paso County,8041004501,1,1.0,6348,5.23859029462685,1211.7763831
8041,CO,El Paso County,8041004502,1,1.0,4366,4.1936700092819,1041.0928829
8041,CO,El Paso County,8041004503,1,1.0,12193,7.82810499508106,1557.5928028
8041,CO,El Paso County,8041004506,1,1.0,4780,1.03646812263223,4611.8157381
8041,CO,El Paso County,8041004507,1,1.0,3096,0.868156145897201,3566.1787509
8041,CO,El Paso County,8041004508,1,1.0,6507,3.71402106882348,1752.0094473
8041,CO,El Paso County,8041004510,1,1.0,7545,5.5712157739727,1354.2824953
8041,CO,El Paso County,8041004511,1,1.0,6897,64.5856922889218,106.78835754
8041,CO,El Paso County,8041004601,2,2.0,4149,71.6243862905929,57.927197912
8041,CO,El Paso County,8041004602,2,2.0,4289,688.462903689129,6.2298200484
8041,CO,El Paso County,8041004603,2,2.0,4079,146.125231082152,27.914412657
8041,CO,El Paso County,8041004701,1,1.0,4680,0.88408363281992,5293.6168325
8041,CO,El Paso County,8041004702,1,1.0,2162,0.391917259848308,5516.4704939
8041,CO,El Paso County,8041004703,1,1.0,6182,0.894374027987774,6912.09696
8041,CO,El Paso County,8041004705,1,1.0,7706,1.16757915480689,6599.9807964
8041,CO,El Paso County,8041004706,1,1.0,4994,1.61752178002369,3087.439107
8041,CO,El Paso County,8041004800,1,1.0,4693,0.928901214986324,5052.2056859
8041,CO,El Paso County,8041004901,1,1.0,3601,0.658316563628866,5470.0127552
8041,CO,El Paso County,8041004902,1,1.0,5367,1.57600691586216,3405.4419089
8041,CO,El Paso County,8041005000,1,1.0,5150,1.88107744128544,2737.7926538
8041,CO,El Paso County,8041005104,1,1.0,6259,50.948519838702,122.84949631
8041,CO,El Paso County,8041005105,1,1.0,7154,1.11870711370091,6394.8820137
8041,CO,El Paso County,8041005106,1,1.0,9712,2.3440444511712,4143.2661378
8041,CO,El Paso County,8041005107,1,1.0,6963,1.78487776777344,3901.107474
8041,CO,El Paso County,8041005108,1,1.0,8377,2.43609159579118,3438.704856
8041,CO,El Paso County,8041005109,1,1.0,7285,1.76803830751339,4120.3858361
8041,CO,El Paso County,8041005110,1,1.0,4070,0.783568109195873,5194.1879107
8041,CO,El Paso County,8041005111,1,1.0,6571,2.2060221900642,2978.6645074
8041,CO,El Paso County,8041005201,1,1.0,4328,0.628499050960854,6886.2474707
8041,CO,El Paso County,8041005202,1,1.0,2466,0.393213404849752,6271.4036948
8041,CO,El Paso County,8041005300,1,1.0,4478,0.575636643876342,7779.21289
8041,CO,El Paso County,8041005400,1,1.0,5615,1.09037493610009,5149.6047957
8041,CO,El Paso County,8041005501,1,1.0,4366,1.30636358160733,3342.1017406
8041,CO,El Paso County,8041005502,1,1.0,4369,0.708733013434811,6164.5216424
8041,CO,El Paso County,8041005601,1,1.0,4881,0.979414576438192,4983.5892965
8041,CO,El Paso County,8041005602,1,1.0,3076,0.561688702804801,5476.3430075
8041,CO,El Paso County,8041005700,1,1.0,5636,1.21474809921899,4639.6450454
8041,CO,El Paso County,8041005800,1,1.0,2933,0.557369377773179,5262.2194849
8041,CO,El Paso County,8041005900,1,1.0,6573,2.4297583618148,2705.2072763
8041,CO,El Paso County,8041006000,1,1.0,6188,1.53209474329611,4038.9147127
8041,CO,El Paso County,8041006100,1,1.0,4454,0.521027124449997,8548.4992834
8041,CO,El Paso County,8041006200,1,1.0,4669,1.39369757697719,3350.0811633
8041,CO,El Paso County,8041006301,1,1.0,4664,0.998809646994503,4669.5584229
8041,CO,El Paso County,8041006302,1,1.0,5106,0.661178352949898,7722.5758787
8041,CO,El Paso County,8041006400,1,1.0,6932,1.25895679825544,5506.1460485
8041,CO,El Paso County,8041006501,1,1.0,3299,0.625863131412192,5271.1205285
8041,CO,El Paso County,8041006502,1,1.0,6349,1.01190044123757,6274.3326727
8041,CO,El Paso County,8041006600,1,1.0,2539,0.971778633723399,2612.73495
8041,CO,El Paso County,8041006700,1,1.0,5728,5.77181477288698,992.4088394
8041,CO,El Paso County,8041006801,1,1.0,4032,0.736431983468649,5475.0473778
8041,CO,El Paso County,8041006802,1,1.0,3849,0.81004931296979,4751.5625757
8041,CO,El Paso County,8041006901,1,1.0,5494,0.849843705839564,6464.7181149
8041,CO,El Paso County,8041006902,1,1.0,4910,0.957297485548196,5129.0221421
8041,CO,El Paso County,8041007000,1,1.0,4455,2.02957465439994,2195.0412074
8041,CO,El Paso County,8041007101,1,1.0,4565,6.11718780164232,746.25794532
8041,CO,El Paso County,8041007102,1,1.0,9449,2.76328423143273,3419.4817502
8041,CO,El Paso County,8041007201,1,1.0,6559,6.67397339292692,982.77287215
8041,CO,El Paso County,8041007202,1,1.0,9317,5.76542014866478,1616.0140562
8041,CO,El Paso County,8041007300,1,1.0,9227,14.895890251229,619.43259814
8041,CO,El Paso County,8041007400,1,1.0,8095,11.9795365847255,675.73565494
8041,CO,El Paso County,8041007500,2,2.0,7717,61.1877684375372,126.11997785
8041,CO,El Paso County,8041007601,1,1.0,6301,19.4808914172575,323.44515787
8041,CO,El Paso County,8041007602,2,2.0,3484,25.5982772893156,136.10290883
8041,CO,El Paso County,8041007700,1,1.0,5413,2.3170613145698,2336.1487959
8041,CO,El Paso County,8041007800,1,1.0,4470,2.01632748877601,2216.9017805
8041,CO,El Paso County,8041007900,1,1.0,2216,2.35275568844334,941.87425022
8041,CO,El Paso County,8041008000,1,1.0,3995,1.0772273848373,3708.5949134
8043,CO,Fremont County,8043978100,10,10.0,4385,162.780188556858,26.938167592
8043,CO,Fremont County,8043978200,5,5.0,3944,15.7038673538256,251.14832615
8043,CO,Fremont County,8043978300,4,4.0,5626,79.1489257865287,71.081192121
8043,CO,Fremont County,8043978400,4,4.0,2150,3.2646077896886,658.57834647
8043,CO,Fremont County,8043978500,4,4.0,5902,8.86989939721729,665.39649839
8043,CO,Fremont County,8043978600,4,4.0,3101,0.945361909012706,3280.2252454
8043,CO,Fremont County,8043978800,4,4.0,2490,1.94861057271308,1277.8335676
8043,CO,Fremont County,8043979000,10,10.0,3462,1009.01704563882,3.4310619577
8043,CO,Fremont County,8043979100,4,4.0,3342,6.2187264960301,537.40906633
8043,CO,Fremont County,8043979200,4,4.0,1754,97.6037271215156,17.970625218
8043,CO,Fremont County,8043979400,5,5.0,2722,141.005721648131,19.304181193
8043,CO,Fremont County,8043980100,4,4.0,945,0.259552167809272,3640.8865623
8043,CO,Fremont County,8043980200,5,5.0,3085,0.997138596781143,3093.8527602
8043,CO,Fremont County,8043980300,4,4.0,3916,5.30448017519772,738.24387511
8045,CO,Garfield County,8045951600,4,4.0,3912,573.416913900759,6.8222612643
8045,CO,Garfield County,8045951701,4,4.0,4136,4.99132853125188,828.63710014
8045,CO,Garfield County,8045951702,4,4.0,3526,4.3868658850929,803.76288958
8045,CO,Garfield County,8045951802,5,5.0,3564,142.509619349588,25.008838114
8045,CO,Garfield County,8045951803,7,7.0,5934,35.9855223267444,164.89964898
8045,CO,Garfield County,8045951804,7,7.0,4202,36.4233961701753,115.3654091
8045,CO,Garfield County,8045951901,5,5.0,4741,142.655403036616,33.233932253
8045,CO,Garfield County,8045951902,5,5.0,7097,278.075482975211,25.521847248
8045,CO,Garfield County,8045952001,4,4.0,5161,33.5661192252628,153.75623155
8045,CO,Garfield County,8045952002,4,4.0,8075,411.024078103837,19.646050998
8045,CO,Garfield County,8045952100,7,7.0,6041,1284.52861943762,4.7028924919
8047,CO,Gilpin County,8047013800,2,2.0,5441,149.89610337963,36.298475259
8049,CO,Grand County,8049000100,10,10.0,2911,1098.47519254915,2.6500370875
8049,CO,Grand County,8049000201,10,10.0,4817,495.276735259005,9.7258757722
8049,CO,Grand County,8049000202,7,7.0,7115,252.577698429491,28.169549585
8051,CO,Gunnison County,8051963600,8,8.0,3794,1261.57999380692,3.007340017
8051,CO,Gunnison County,8051963700,7,7.0,6124,5.59927420513145,1093.7131806
8051,CO,Gunnison County,8051963800,10,10.0,4501,326.232292195948,13.796917435
8051,CO,Gunnison County,8051963900,10,10.0,905,1645.68798967408,0.5499219814
8053,CO,Hinsdale County,8053973100,10,10.0,843,1117.2514027092,0.7545302677
8055,CO,Huerfano County,8055960600,7,7.0,3273,41.9444920208125,78.03169957
8055,CO,Huerfano County,8055960900,10,10.0,3438,1549.05627748082,2.2194158146
8057,CO,Jackson County,8057955600,10,10.0,1394,1613.72300026101,0.8638409441
8059,CO,Jefferson County,8059009806,1,1.0,3541,2.24097756437482,1580.1139897
8059,CO,Jefferson County,8059009807,1,1.0,1611,0.679327471787514,2371.4630527
8059,CO,Jefferson County,8059009808,1,1.0,5714,103.930524002428,54.979035802
8059,CO,Jefferson County,8059009815,1,1.0,4956,2.1109124829922,2347.7998448
8059,CO,Jefferson County,8059009823,1,1.0,4659,0.690103583491507,6751.1604221
8059,CO,Jefferson County,8059009824,1,1.0,5028,1.00913363305158,4982.4917487
8059,CO,Jefferson County,8059009827,1,1.0,6180,1.69451480084078,3647.0616822
8059,CO,Jefferson County,8059009828,1,1.0,5344,1.59904756315473,3341.9893961
8059,CO,Jefferson County,8059009829,1,1.0,1857,1.28595653725037,1444.0612464
8059,CO,Jefferson County,8059009830,1,1.0,2046,0.341831313504155,5985.4083554
8059,CO,Jefferson County,8059009831,1,1.0,2190,0.711102908584905,3079.723024
8059,CO,Jefferson County,8059009832,1,1.0,2501,0.514568407266752,4860.3838959
8059,CO,Jefferson County,8059009833,1,1.0,5555,0.979336583798844,5672.2071777
8059,CO,Jefferson County,8059009834,1,1.0,4307,0.7113098593507,6055.0264324
8059,CO,Jefferson County,8059009835,1,1.0,3575,0.719296768942559,4970.1321546
8059,CO,Jefferson County,8059009836,1,1.0,3796,2.38449792045369,1591.9493858
8059,CO,Jefferson County,8059009837,1,1.0,2750,8.4287873148447,326.26282967
8059,CO,Jefferson County,8059009838,1,1.0,4360,1.68964759682284,2580.4197326
8059,CO,Jefferson County,8059009839,1,1.0,2484,0.704512144457812,3525.8441172
8059,CO,Jefferson County,8059009840,1,1.0,3685,0.739738176393095,4981.4922598
8059,CO,Jefferson County,8059009841,1,1.0,2201,0.497518907423509,4423.9524713
8059,CO,Jefferson County,8059009842,1,1.0,2942,2.52330937440637,1165.9291682
8059,CO,Jefferson County,8059009843,1,1.0,7375,7.19494221594849,1025.0256053
8059,CO,Jefferson County,8059009845,2,2.0,4010,16.7020449515596,240.09036089
8059,CO,Jefferson County,8059009846,2,2.0,4786,10.6173820110363,450.77025533
8059,CO,Jefferson County,8059009847,2,2.0,3269,1.93388193304371,1690.3824086
8059,CO,Jefferson County,8059009848,2,2.0,2519,13.2652664799991,189.89441364
8059,CO,Jefferson County,8059009849,1,1.0,5718,4.06390956251535,1407.0194998
8059,CO,Jefferson County,8059009850,2,2.0,2553,21.1284542631086,120.83231306
8059,CO,Jefferson County,8059009851,1,1.0,3908,1.36142561278276,2870.520404
8059,CO,Jefferson County,8059009852,1,1.0,3528,3.63361258816643,970.93454913
8059,CO,Jefferson County,8059009900,1,1.0,2451,3.31039024119031,740.39609273
8059,CO,Jefferson County,8059010000,1,1.0,4535,1.90233892975566,2383.9074778
8059,CO,Jefferson County,8059010100,1,1.0,4360,2.70719825728922,1610.5211313
8059,CO,Jefferson County,8059010205,1,1.0,2326,0.852635996769097,2728.0105565
8059,CO,Jefferson County,8059010206,1,1.0,3942,1.24553858936798,3164.8959202
8059,CO,Jefferson County,8059010208,1,1.0,5707,1.15298758140964,4949.7497562
8059,CO,Jefferson County,8059010209,1,1.0,6152,0.986331210800977,6237.2557338
8059,CO,Jefferson County,8059010210,1,1.0,3460,1.08075635871672,3201.4616172
8059,CO,Jefferson County,8059010211,1,1.0,3093,0.696276585065259,4442.2002209
8059,CO,Jefferson County,8059010212,1,1.0,4481,0.86905035853448,5156.2029243
8059,CO,Jefferson County,8059010213,1,1.0,4786,1.06447327169083,4496.1204074
8059,CO,Jefferson County,8059010303,1,1.0,5333,1.18066686023256,4516.9388416
8059,CO,Jefferson County,8059010304,1,1.0,2819,0.521365349955289,5406.9569453
8059,CO,Jefferson County,8059010305,1,1.0,3641,0.64350027876577,5658.117207
8059,CO,Jefferson County,8059010306,1,1.0,2750,0.572893774025208,4800.1918064
8059,CO,Jefferson County,8059010307,1,1.0,4579,0.574996100368033,7963.5322693
8059,CO,Jefferson County,8059010308,1,1.0,5426,1.88808172084195,2873.8162867
8059,CO,Jefferson County,8059010402,1,1.0,5080,1.55305043884373,3270.9819803
8059,CO,Jefferson County,8059010403,1,1.0,5279,1.57720383260463,3347.0626249
8059,CO,Jefferson County,8059010405,1,1.0,2514,0.625374712160829,4019.9898575
8059,CO,Jefferson County,8059010406,1,1.0,2428,1.07352659549002,2261.7045634
8059,CO,Jefferson County,8059010502,1,1.0,5100,2.29631720301407,2220.9475212
8059,CO,Jefferson County,8059010503,1,1.0,4462,1.53069396460524,2915.0176999
8059,CO,Jefferson County,8059010504,1,1.0,2835,0.893071319249356,3174.4385234
8059,CO,Jefferson County,8059010603,1,1.0,3137,0.750521237936238,4179.7617994
8059,CO,Jefferson County,8059010604,1,1.0,2310,0.723716480539678,3191.8576709
8059,CO,Jefferson County,8059010701,1,1.0,3905,0.852699317525796,4579.5744405
8059,CO,Jefferson County,8059010702,1,1.0,5060,0.644808392934639,7847.2923979
8059,CO,Jefferson County,8059010801,1,1.0,2497,0.803791755019714,3106.526018
8059,CO,Jefferson County,8059010901,1,1.0,4793,1.7498378370865,2739.1109613
8059,CO,Jefferson County,8059010902,1,1.0,2310,1.02930747169485,2244.2273699
8059,CO,Jefferson County,8059011000,1,1.0,5500,1.50392781742618,3657.090411
8059,CO,Jefferson County,8059011100,1,1.0,6135,1.53400672126666,3999.3305863
8059,CO,Jefferson County,8059011202,1,1.0,4567,1.49137640792158,3062.2718555
8059,CO,Jefferson County,8059011300,1,1.0,3115,0.496006159101895,6280.1639513
8059,CO,Jefferson County,8059011401,1,1.0,2822,0.34561627312559,8165.1247914
8059,CO,Jefferson County,8059011402,1,1.0,3839,0.655941649150498,5852.6547369
8059,CO,Jefferson County,8059011550,1,1.0,6198,1.50960043058115,4105.7221994
8059,CO,Jefferson County,8059011601,1,1.0,4021,0.730506473389066,5504.4002298
8059,CO,Jefferson County,8059011602,1,1.0,4006,0.766485790667756,5226.4504428
8059,CO,Jefferson County,8059011701,1,1.0,4376,1.48327637039245,2950.2256541
8059,CO,Jefferson County,8059011702,1,1.0,5382,0.990960189776941,5431.0960778
8059,CO,Jefferson County,8059011708,1,1.0,4074,0.972753155613076,4188.1128594
8059,CO,Jefferson County,8059011709,1,1.0,3362,0.694068080624312,4843.9052218
8059,CO,Jefferson County,8059011710,1,1.0,3937,0.740058641198338,5319.8486996
8059,CO,Jefferson County,8059011711,1,1.0,4017,0.837898090647524,4794.1391022
8059,CO,Jefferson County,8059011712,1,1.0,4061,0.937317856298948,4332.5750947
8059,CO,Jefferson County,8059011720,1,1.0,5177,5.97100218224949,867.02363221
8059,CO,Jefferson County,8059011721,1,1.0,2686,0.984435449121772,2728.4673692
8059,CO,Jefferson County,8059011723,1,1.0,3110,0.540641114939529,5752.4296878
8059,CO,Jefferson County,8059011724,1,1.0,4340,3.57167176064136,1215.117259
8059,CO,Jefferson County,8059011725,1,1.0,1776,0.387699093586534,4580.8722006
8059,CO,Jefferson County,8059011726,1,1.0,5754,2.16790039181649,2654.1809862
8059,CO,Jefferson County,8059011727,1,1.0,3641,0.986878703685114,3689.4098397
8059,CO,Jefferson County,8059011728,1,1.0,2566,0.493250547878986,5202.224328
8059,CO,Jefferson County,8059011729,1,1.0,3871,0.748974512623225,5168.4001722
8059,CO,Jefferson County,8059011730,1,1.0,3618,0.741148221536162,4881.6146283
8059,CO,Jefferson County,8059011731,1,1.0,4227,5.03025689694315,840.31493552
8059,CO,Jefferson County,8059011732,1,1.0,4331,0.510841362971566,8478.1701599
8059,CO,Jefferson County,8059011733,1,1.0,1530,0.415597678444842,3681.4450113
8059,CO,Jefferson County,8059011803,1,1.0,5276,0.744583372587054,7085.8418201
8059,CO,Jefferson County,8059011804,1,1.0,3915,0.738351297380528,5302.3540609
8059,CO,Jefferson County,8059011805,1,1.0,4628,0.356873468139621,12968.18176
8059,CO,Jefferson County,8059011806,1,1.0,4829,1.14125586682255,4231.3035493
8059,CO,Jefferson County,8059011904,1,1.0,2030,0.982633124168915,2065.877844
8059,CO,Jefferson County,8059011951,1,1.0,3103,1.12983419228197,2746.4206883
8059,CO,Jefferson County,8059012022,1,1.0,5518,1.87612336427814,2941.1711964
8059,CO,Jefferson County,8059012023,1,1.0,3386,0.822879102142558,4114.8207449
8059,CO,Jefferson County,8059012024,1,1.0,4988,3.10492326605374,1606.4809248
8059,CO,Jefferson County,8059012026,2,2.0,3368,8.96748749415055,375.57900161
8059,CO,Jefferson County,8059012027,2,2.0,2952,21.2885673601577,138.66597738
8059,CO,Jefferson County,8059012030,2,2.0,3719,13.1982742777187,281.77926309
8059,CO,Jefferson County,8059012031,2,2.0,3739,18.5434693133713,201.63432941
8059,CO,Jefferson County,8059012032,2,2.0,2574,11.8962029939907,216.37156001
8059,CO,Jefferson County,8059012033,2,2.0,2860,21.8143365915209,131.10643947
8059,CO,Jefferson County,8059012034,1,1.0,3459,8.67775178881138,398.60554717
8059,CO,Jefferson County,8059012035,1,1.0,5294,11.5882513741376,456.84200567
8059,CO,Jefferson County,8059012036,1,1.0,3707,56.5739543966999,65.524852196
8059,CO,Jefferson County,8059012037,2,2.0,3331,15.5013718210277,214.88420757
8059,CO,Jefferson County,8059012038,1,1.0,3160,1.26241472933465,2503.1393619
8059,CO,Jefferson County,8059012039,1,1.0,5312,0.89184003941331,5956.2250687
8059,CO,Jefferson County,8059012041,1,1.0,5253,1.17869851134445,4456.6103626
8059,CO,Jefferson County,8059012042,1,1.0,3851,0.983181003155227,3916.877958
8059,CO,Jefferson County,8059012043,1,1.0,5124,1.72046897514583,2978.2577158
8059,CO,Jefferson County,8059012044,1,1.0,3730,1.56597945627547,2381.8958704
8059,CO,Jefferson County,8059012045,1,1.0,5909,1.12390790999804,5257.5481918
8059,CO,Jefferson County,8059012046,1,1.0,2207,0.534619851520548,4128.1669465
8059,CO,Jefferson County,8059012047,1,1.0,4053,0.672148287945736,6029.9193983
8059,CO,Jefferson County,8059012048,1,1.0,2418,0.905999178374572,2668.8765925
8059,CO,Jefferson County,8059012049,1,1.0,3752,1.01187804731142,3707.9567147
8059,CO,Jefferson County,8059012050,1,1.0,3942,1.38420371059634,2847.8467221
8059,CO,Jefferson County,8059012051,1,1.0,3425,1.0083923168756,3396.4955332
8059,CO,Jefferson County,8059012052,1,1.0,5326,0.933108184285024,5707.8054718
8059,CO,Jefferson County,8059012053,1,1.0,3794,0.979413032029492,3873.7487413
8059,CO,Jefferson County,8059012054,1,1.0,4150,0.914647867094365,4537.2652682
8059,CO,Jefferson County,8059012055,1,1.0,3706,0.940370380094425,3941.0003531
8059,CO,Jefferson County,8059012057,1,1.0,5705,1.48561151634679,3840.1694772
8059,CO,Jefferson County,8059012058,2,2.0,3660,222.862811333489,16.422659205
8059,CO,Jefferson County,8059012059,1,1.0,3245,0.757936330206935,4281.3622605
8059,CO,Jefferson County,8059012060,1,1.0,3336,0.470386349280383,7092.0425414
8059,CO,Jefferson County,8059015800,1,1.0,3523,0.886278623684743,3975.0479204
8059,CO,Jefferson County,8059015900,1,1.0,3411,2.14903003411599,1587.2277008
8059,CO,Jefferson County,8059060300,1,1.0,4687,0.716139997559834,6544.8096964
8059,CO,Jefferson County,8059060400,1,1.0,3482,2.0220584033594,1722.0076305
8059,CO,Jefferson County,8059060500,1,1.0,4040,22.8004457935712,177.18951798
8059,CO,Jefferson County,8059980000,99,99.0,0,1.11444029856509,0.0
8059,CO,Jefferson County,8059980400,1,1.0,1128,0.304261255264503,3707.3402561
8061,CO,Kiowa County,8061960100,10,10.0,1398,1767.76707266597,0.7908281705
8063,CO,Kit Carson County,8063962100,7,7.0,5597,737.300549268954,7.5912055207
8063,CO,Kit Carson County,8063962200,10,10.0,1485,619.981061688317,2.3952344543
8063,CO,Kit Carson County,8063962300,10,10.0,1188,803.540033390116,1.4784577627
8065,CO,Lake County,8065961700,7,7.0,5140,15.4270039088984,333.18199894
8065,CO,Lake County,8065961900,7,7.0,2170,361.483734287572,6.0030363587
8067,CO,La Plata County,8067940300,10,10.2,5575,204.02009700431,27.325739385
8067,CO,La Plata County,8067940400,5,5.0,5375,482.782472737325,11.133378496
8067,CO,La Plata County,8067970600,5,5.0,8877,281.126535335299,31.576528304
8067,CO,La Plata County,8067970701,5,5.0,4547,345.947193577731,13.143624473
8067,CO,La Plata County,8067970703,5,5.0,5144,56.8349725944676,90.50765339
8067,CO,La Plata County,8067970704,5,5.0,3758,302.499592662205,12.423157225
8067,CO,La Plata County,8067970800,4,4.0,6718,4.35781517134442,1541.5981945
8067,CO,La Plata County,8067970900,4,4.0,3851,3.18276185063406,1209.9554352
8067,CO,La Plata County,8067971000,4,4.0,3154,1.92729001061009,1636.4947583
8067,CO,La Plata County,8067971100,4,4.0,4335,9.3995902683719,461.19031535
8069,CO,Larimer County,8069000100,1,1.0,2487,0.734060930012031,3388.0021376
8069,CO,Larimer County,8069000201,1,1.0,2461,0.379873960805996,6478.4645801
8069,CO,Larimer County,8069000202,1,1.0,2594,0.744196884309889,3485.6367377
8069,CO,Larimer County,8069000300,1,1.0,2851,2.73677136728047,1041.7384638
8069,CO,Larimer County,8069000401,1,1.0,1850,0.506627829935892,3651.5956896
8069,CO,Larimer County,8069000402,1,1.0,2578,0.985072517710507,2617.0662095
8069,CO,Larimer County,8069000503,1,1.0,5082,0.498996906549374,10184.431874
8069,CO,Larimer County,8069000504,1,1.0,2820,0.500474133470889,5634.6568412
8069,CO,Larimer County,8069000505,1,1.0,3229,0.49077370242642,6579.4071362
8069,CO,Larimer County,8069000506,1,1.0,2818,0.49350537531448,5710.1708329
8069,CO,Larimer County,8069000600,1,1.0,6073,0.756302731904549,8029.8533164
8069,CO,Larimer County,8069000700,1,1.0,2733,0.505741725444288,5403.9440736
8069,CO,Larimer County,8069000801,1,1.0,1560,0.424827064835822,3672.0824287
8069,CO,Larimer County,8069000802,1,1.0,1214,0.402186419396538,3018.5007286
8069,CO,Larimer County,8069000901,1,1.0,4868,1.13637592143284,4283.7936885
8069,CO,Larimer County,8069000902,1,1.0,3358,0.748516595443685,4486.2064788
8069,CO,Larimer County,8069001003,1,1.0,5080,1.17173284200545,4335.4592599
8069,CO,Larimer County,8069001004,1,1.0,3351,0.710490550535369,4716.4596313
8069,CO,Larimer County,8069001007,1,1.0,3002,1.08167412358667,2775.3275543
8069,CO,Larimer County,8069001008,1,1.0,1921,0.633125713323768,3034.1525539
8069,CO,Larimer County,8069001009,1,1.0,6149,2.61380747710028,2352.5068521
8069,CO,Larimer County,8069001010,1,1.0,2753,1.11019317464019,2479.7486265
8069,CO,Larimer County,8069001104,1,1.0,5671,1.0220692142203,5548.5479076
8069,CO,Larimer County,8069001106,1,1.0,5246,0.834087262180365,6289.5097886
8069,CO,Larimer County,8069001107,1,1.0,5329,1.00795795192873,5286.92689
8069,CO,Larimer County,8069001109,1,1.0,4961,0.814366321388362,6091.8531006
8069,CO,Larimer County,8069001110,1,1.0,4884,1.00309190621733,4868.9456766
8069,CO,Larimer County,8069001111,1,1.0,2056,0.867244944764223,2370.7258398
8069,CO,Larimer County,8069001112,1,1.0,4646,2.51920703879709,1844.2311126
8069,CO,Larimer County,8069001113,1,1.0,3636,1.00705794775883,3610.5171585
8069,CO,Larimer County,8069001114,1,1.0,2311,3.3158153628511,696.96281219
8069,CO,Larimer County,8069001301,1,1.0,3697,19.7950816760541,186.76356382
8069,CO,Larimer County,8069001304,1,1.0,2834,1.50162394574801,1887.2900955
8069,CO,Larimer County,8069001305,1,1.0,2189,1.10006301187496,1989.8860123
8069,CO,Larimer County,8069001306,1,1.0,2003,3.59722516088878,556.81807794
8069,CO,Larimer County,8069001307,1,1.0,4161,3.50324557488297,1187.7557285
8069,CO,Larimer County,8069001308,1,1.0,4501,10.4874817952824,429.17833736
8069,CO,Larimer County,8069001601,1,1.0,1681,2.25660311939669,744.92496512
8069,CO,Larimer County,8069001602,1,1.0,4573,1.22659371394771,3728.2108558
8069,CO,Larimer County,8069001603,1,1.0,5222,1.23683932126326,4222.0520566
8069,CO,Larimer County,8069001605,1,1.0,3189,5.91240693007072,539.37424093
8069,CO,Larimer County,8069001606,1,1.0,2935,1.25314248560225,2342.1119575
8069,CO,Larimer County,8069001607,1,1.0,3726,0.978635808351236,3807.3407576
8069,CO,Larimer County,8069001608,1,1.0,5116,6.13358826372941,834.09576581
8069,CO,Larimer County,8069001704,1,1.0,7876,3.30439639102575,2383.4912849
8069,CO,Larimer County,8069001706,1,1.0,6647,1.83813824620037,3616.1589117
8069,CO,Larimer County,8069001707,1,1.0,5200,1.30505855625586,3984.4955424
8069,CO,Larimer County,8069001708,1,1.0,3236,1.50583554827281,2148.9730427
8069,CO,Larimer County,8069001709,1,1.0,11580,46.5799663936667,248.60473067
8069,CO,Larimer County,8069001804,1,1.0,3711,1.1924688454155,3112.0309887
8069,CO,Larimer County,8069001806,1,1.0,7133,2.44335688041798,2919.3443075
8069,CO,Larimer County,8069001807,1,1.0,5566,1.46694772330991,3794.2729053
8069,CO,Larimer County,8069001808,1,1.0,4707,17.4384306027673,269.92107875
8069,CO,Larimer County,8069001809,1,1.0,10495,35.3733364787791,296.69239729
8069,CO,Larimer County,8069001901,1,1.0,3846,1.67695139900262,2293.4475038
8069,CO,Larimer County,8069001902,1,1.0,4466,1.19638932690036,3732.8985637
8069,CO,Larimer County,8069001903,3,3.0,3765,260.927216265095,14.429311185
8069,CO,Larimer County,8069002005,1,1.0,5130,0.997179909713867,5144.507977
8069,CO,Larimer County,8069002007,1,1.0,3144,1.84246259056027,1706.4118512
8069,CO,Larimer County,8069002008,1,1.0,3498,1.24320460172016,2813.6961488
8069,CO,Larimer County,8069002010,1,1.0,2518,9.3129192104365,270.37709048
8069,CO,Larimer County,8069002011,1,1.0,5231,5.7124770462257,915.71483923
8069,CO,Larimer County,8069002300,1,1.0,3340,39.0415438218247,85.549895651
8069,CO,Larimer County,8069002401,2,2.0,1217,398.868829121988,3.0511283689
8069,CO,Larimer County,8069002402,2,2.0,2963,940.922941341813,3.149035771
8069,CO,Larimer County,8069002501,1,1.0,7573,32.9569248969493,229.78478798
8069,CO,Larimer County,8069002502,2,2.0,8118,47.8638846975353,169.60595763
8069,CO,Larimer County,8069002503,2,2.0,2620,320.311719977081,8.1795321139
8069,CO,Larimer County,8069002600,2,2.0,6317,53.0327989936633,119.11496508
8069,CO,Larimer County,8069002700,1,1.0,5192,5.17598266864557,1003.0945489
8069,CO,Larimer County,8069002801,7,7.0,3189,11.1226013402379,286.71350365
8069,CO,Larimer County,8069002802,7,7.0,5861,42.1633065481384,139.00712444
8069,CO,Larimer County,8069002803,7,7.0,92,218.445764613581,0.4211571699
8071,CO,Las Animas County,8071000100,7,7.0,3930,309.173076863677,12.711326743
8071,CO,Las Animas County,8071000200,7,7.0,2371,1.57857951465412,1501.9832565
8071,CO,Las Animas County,8071000300,8,8.0,2184,630.963250408882,3.4613743329
8071,CO,Las Animas County,8071000400,7,7.0,2284,38.9506542115253,58.63829623
8071,CO,Las Animas County,8071000500,7,7.0,1972,28.1218519159162,70.1234046
8071,CO,Las Animas County,8071000800,8,8.0,2766,3763.88416316987,0.7348791515
8073,CO,Lincoln County,8073961700,10,10.0,3363,362.828159049386,9.2688506008
8073,CO,Lincoln County,8073961800,10,10.0,2104,2214.79822647827,0.9499736702
8075,CO,Logan County,8075965900,10,10.0,1090,550.408123126439,1.9803486798
8075,CO,Logan County,8075966000,5,5.0,2248,521.506567984099,4.3105880884
8075,CO,Logan County,8075966100,4,4.0,7348,30.1076472168983,244.05759597
8075,CO,Logan County,8075966200,4,4.0,3111,8.01770896235813,388.01607973
8075,CO,Logan County,8075966300,4,4.0,4080,16.2506389990996,251.06705036
8075,CO,Logan County,8075966400,4,4.0,4832,712.255860644914,6.7840789623
8077,CO,Mesa County,8077000200,1,1.0,2110,0.416130885548504,5070.5200534
8077,CO,Mesa County,8077000300,1,1.0,1362,0.557468992134327,2443.1852161
8077,CO,Mesa County,8077000400,1,1.0,3513,1.37316852433293,2558.3167235
8077,CO,Mesa County,8077000500,1,1.0,2891,0.467444636809128,6184.6896346
8077,CO,Mesa County,8077000601,1,1.0,4246,0.990547832654051,4286.5168748
8077,CO,Mesa County,8077000602,1,1.0,4803,1.00162085693061,4795.2276221
8077,CO,Mesa County,8077000700,1,1.0,4411,1.34977420744807,3267.9539849
8077,CO,Mesa County,8077000800,1,1.0,8230,6.09723906056708,1349.791261
8077,CO,Mesa County,8077000900,1,1.0,2971,6.47279717126102,458.9978523
8077,CO,Mesa County,8077001001,1,1.0,4764,2.05157437022874,2322.1190853
8077,CO,Mesa County,8077001002,1,1.0,6459,3.47557594861443,1858.3970241
8077,CO,Mesa County,8077001101,1,1.0,8132,2.12496158283359,3826.8927145
8077,CO,Mesa County,8077001102,1,1.0,4709,1.73585746343226,2712.7803401
8077,CO,Mesa County,8077001200,2,2.0,2098,12.5683165327407,166.92768634
8077,CO,Mesa County,8077001301,1,1.0,8825,3.75172703502873,2352.2500218
8077,CO,Mesa County,8077001302,1,1.0,4909,2.8807229994888,1704.0860926
8077,CO,Mesa County,8077001402,1,1.0,5998,9.26631204468901,647.29095794
8077,CO,Mesa County,8077001403,1,1.0,3582,3.43158887222644,1043.8313368
8077,CO,Mesa County,8077001404,1,1.0,4708,6.45910907695325,728.89309406
8077,CO,Mesa County,8077001501,1,1.0,12810,7.25490311152021,1765.7024226
8077,CO,Mesa County,8077001502,2,2.0,7214,385.351234059772,18.720583619
8077,CO,Mesa County,8077001600,1,1.0,3631,43.9940258410464,82.533933428
8077,CO,Mesa County,8077001702,1,1.0,4455,20.0009324367526,222.73961547
8077,CO,Mesa County,8077001703,1,1.0,4271,1.9446966549652,2196.2294166
8077,CO,Mesa County,8077001705,1,1.0,5500,2.61784649195286,2100.9635274
8077,CO,Mesa County,8077001706,1,1.0,6008,2.06702077384142,2906.5987512
8077,CO,Mesa County,8077001707,1,1.0,5600,1.8776384292128,2982.4698477
8077,CO,Mesa County,8077001800,10,10.1,3424,1146.94537619479,2.9853208976
8077,CO,Mesa County,8077001900,2,2.0,5089,1650.44842756028,3.0834044342
8079,CO,Mineral County,8079973600,10,10.0,712,875.666441697799,0.8130949938
8081,CO,Moffat County,8081000300,4,4.0,3138,155.086825498805,20.233827019
8081,CO,Moffat County,8081000400,4,4.0,4523,2.80527593178038,1612.3191123
8081,CO,Moffat County,8081000500,4,4.0,4526,3.77115106324817,1200.1640677
8081,CO,Moffat County,8081000600,10,10.2,1608,4581.6270318627,0.350967023
8083,CO,Montezuma County,8083941100,8,8.0,1588,694.872053461252,2.2853128027
8083,CO,Montezuma County,8083969000,8,8.0,3380,368.40751076839,9.1746229412
8083,CO,Montezuma County,8083969100,10,10.0,3156,323.90530419446,9.7435885091
8083,CO,Montezuma County,8083969200,8,8.0,2894,491.342812785233,5.8899813423
8083,CO,Montezuma County,8083969300,7,7.0,5754,16.094187308976,357.52038233
8083,CO,Montezuma County,8083969400,7,7.0,3911,3.38628982064782,1154.95135
8083,CO,Montezuma County,8083969600,8,8.0,4852,131.518957616792,36.892019888
8085,CO,Montrose County,8085966100,10,10.0,2749,1109.80444079278,2.4770129754
8085,CO,Montrose County,8085966201,5,5.0,2906,375.300865872738,7.7431209577
8085,CO,Montrose County,8085966202,5,5.0,4426,252.074035864259,17.558333546
8085,CO,Montrose County,8085966300,4,4.0,6205,4.39743118500935,1411.0510748
8085,CO,Montrose County,8085966400,4,4.0,6110,2.98670534380854,2045.7324365
8085,CO,Montrose County,8085966501,5,5.0,2876,234.418086879167,12.268677892
8085,CO,Montrose County,8085966502,4,4.0,3932,3.03845654883343,1294.0780744
8085,CO,Montrose County,8085966503,4,4.0,3309,28.3350370735308,116.78121301
8085,CO,Montrose County,8085966601,4,4.0,4392,6.51916727027307,673.70567711
8085,CO,Montrose County,8085966602,5,5.0,4371,223.820794922602,19.529016513
8087,CO,Morgan County,8087000100,5,5.0,2600,510.73345166078,5.0907180478
8087,CO,Morgan County,8087000200,10,10.0,2595,290.561702216381,8.9309774145
8087,CO,Morgan County,8087000300,4,4.0,1697,15.880948483159,106.85759744
8087,CO,Morgan County,8087000400,4,4.0,4420,1.27568390278256,3464.8081632
8087,CO,Morgan County,8087000500,4,4.0,2425,1.37232875210233,1767.0692946
8087,CO,Morgan County,8087000600,4,4.0,6634,112.551370122178,58.941974609
8087,CO,Morgan County,8087000700,7,7.2,5979,10.5918598850651,564.49009568
8087,CO,Morgan County,8087000800,5,5.0,1809,337.46520987742,5.3605525756
8089,CO,Otero County,8089968000,10,10.1,1617,17.2410335491902,93.787880836
8089,CO,Otero County,8089968100,7,7.0,2718,12.9418205798637,210.01681975
8089,CO,Otero County,8089968200,7,7.0,2708,51.6470667045562,52.432793821
8089,CO,Otero County,8089968300,7,7.0,3819,37.6782552660476,101.35819647
8089,CO,Otero County,8089968400,9,9.0,1119,957.759377649626,1.1683519119
8089,CO,Otero County,8089968500,8,8.0,1832,182.731162074882,10.025657251
8089,CO,Otero County,8089968600,7,7.0,5018,1.96277048387869,2556.5903101
8091,CO,Ouray County,8091967600,10,10.0,4436,541.592821665583,8.1906550873
8093,CO,Park County,8093000100,2,2.0,5587,190.888658557491,29.26837059
8093,CO,Park County,8093000200,2,2.0,3647,168.241804981336,21.677133103
8093,CO,Park County,8093000300,10,10.3,2694,109.147252805805,24.68225201
8093,CO,Park County,8093000400,10,10.0,2099,924.290955016008,2.2709299367
8093,CO,Park County,8093000500,10,10.0,2179,801.277184681937,2.7194085164
8095,CO,Phillips County,8095967600,10,10.0,3011,378.930573423506,7.9460466143
8095,CO,Phillips County,8095967700,10,10.0,1431,308.997319292599,4.631108138
8097,CO,Pitkin County,8097000100,10,10.3,7681,468.033626024522,16.411214009
8097,CO,Pitkin County,8097000401,7,7.0,4471,9.85063251258307,453.87948381
8097,CO,Pitkin County,8097000402,7,7.0,2563,34.0987653224648,75.164011827
8097,CO,Pitkin County,8097000500,7,7.0,2433,458.7142299501,5.3039557989
8099,CO,Prowers County,8099000100,8,8.0,1462,158.296266623629,9.2358463733
8099,CO,Prowers County,8099000200,7,7.0,2470,2.33681352963798,1056.9949072
8099,CO,Prowers County,8099000300,7,7.0,4975,2.23386633451584,2227.0804314
8099,CO,Prowers County,8099000600,10,10.0,1424,488.92070040479,2.9125377568
8099,CO,Prowers County,8099000700,8,8.0,2220,986.606853390826,2.2501364068
8101,CO,Pueblo County,8101000100,1,1.0,2692,1.33514672654854,2016.2577988
8101,CO,Pueblo County,8101000200,1,1.0,1857,1.14866130653887,1616.6645376
8101,CO,Pueblo County,8101000300,1,1.0,1332,0.47048982466328,2831.0920453
8101,CO,Pueblo County,8101000400,1,1.0,2602,0.643124601349504,4045.8722844
8101,CO,Pueblo County,8101000500,1,1.0,2204,1.39556940032155,1579.2836956
8101,CO,Pueblo County,8101000600,1,1.0,2153,0.351715529183919,6121.4243369
8101,CO,Pueblo County,8101000800,1,1.0,3031,0.799611040668914,3790.5929831
8101,CO,Pueblo County,8101000902,1,1.0,5802,1.43031280453809,4056.4553303
8101,CO,Pueblo County,8101000903,1,1.0,777,0.403407660576034,1926.0913362
8101,CO,Pueblo County,8101000904,1,1.0,4350,0.948924859883521,4584.1353556
8101,CO,Pueblo County,8101000905,1,1.0,2202,0.278549167023168,7905.2471186
8101,CO,Pueblo County,8101001000,1,1.0,4758,0.767841781506324,6196.589082
8101,CO,Pueblo County,8101001100,1,1.0,2834,0.546627629162761,5184.5165681
8101,CO,Pueblo County,8101001200,1,1.0,2126,1.02476189078868,2074.6282811
8101,CO,Pueblo County,8101001400,1,1.0,1375,0.40545284379696,3391.2698382
8101,CO,Pueblo County,8101001500,1,1.0,2025,0.505198093581901,4008.328665
8101,CO,Pueblo County,8101001600,1,1.0,1710,0.996295735733139,1716.357843
8101,CO,Pueblo County,8101001700,1,1.0,4196,1.20475191390848,3482.8747326
8101,CO,Pueblo County,8101001800,1,1.0,2176,0.422746360214796,5147.2944649
8101,CO,Pueblo County,8101001900,1,1.0,1445,0.364595897741611,3963.291987
8101,CO,Pueblo County,8101002000,1,1.0,2940,0.727432327871789,4041.6130647
8101,CO,Pueblo County,8101002100,1,1.0,1526,0.31590571076005,4830.5552829
8101,CO,Pueblo County,8101002200,1,1.0,1650,0.307287910214256,5369.557165
8101,CO,Pueblo County,8101002300,1,1.0,3476,1.15330766011271,3013.9399227
8101,CO,Pueblo County,8101002400,1,1.0,1928,0.328442062279825,5870.1372979
8101,CO,Pueblo County,8101002500,1,1.0,2782,0.452178542912168,6152.4370044
8101,CO,Pueblo County,8101002600,1,1.0,3880,0.90564936980403,4284.2187378
8101,CO,Pueblo County,8101002700,1,1.0,5434,1.08940273082346,4988.0543221
8101,CO,Pueblo County,8101002801,1,1.0,5268,0.838140948915593,6285.3390075
8101,CO,Pueblo County,8101002802,1,1.0,3586,1.5429681527482,2324.0920388
8101,CO,Pueblo County,8101002804,2,2.0,4661,282.847847557595,16.478824358
8101,CO,Pueblo County,8101002806,2,2.0,3519,337.996332801542,10.411355564
8101,CO,Pueblo County,8101002807,1,1.0,4430,1.26303828434726,3507.415456
8101,CO,Pueblo County,8101002808,1,1.0,2989,2.50720621099403,1192.163607
8101,CO,Pueblo County,8101002901,1,1.0,2914,3.7405408828149,779.03172062
8101,CO,Pueblo County,8101002903,1,1.0,5901,10.2031229488322,578.35233679
8101,CO,Pueblo County,8101002906,1,1.0,3905,27.5824857103585,141.57534752
8101,CO,Pueblo County,8101002911,1,1.0,2611,6.86570787200558,380.29581926
8101,CO,Pueblo County,8101002912,1,1.0,1689,1.50191931391188,1124.5610762
8101,CO,Pueblo County,8101002913,1,1.0,3318,1.92021546045773,1727.9310933
8101,CO,Pueblo County,8101002914,1,1.0,3210,2.00430696976202,1601.551084
8101,CO,Pueblo County,8101002915,1,1.0,2525,1.10818775994329,2278.4947563
8101,CO,Pueblo County,8101002916,1,1.0,3004,0.968364718292131,3102.1369772
8101,CO,Pueblo County,8101002917,1,1.0,2935,16.2598444471557,180.50603187
8101,CO,Pueblo County,8101002918,2,2.0,6646,141.401685644876,47.000854125
8101,CO,Pueblo County,8101003001,1,1.0,1244,5.2205604813613,238.28859074
8101,CO,Pueblo County,8101003004,1,1.0,2721,4.23119952679317,643.08004923
8101,CO,Pueblo County,8101003103,1,1.0,1885,5.0398387946199,374.01989961
8101,CO,Pueblo County,8101003104,1,1.0,2210,2.74261347929025,805.80075052
8101,CO,Pueblo County,8101003105,1,1.0,3204,6.04007856407057,530.45667635
8101,CO,Pueblo County,8101003106,1,1.0,1283,14.7364516746796,87.06302089
8101,CO,Pueblo County,8101003200,2,2.0,3572,829.285312904925,4.3073233595
8101,CO,Pueblo County,8101003500,1,1.0,2374,1.94392483671739,1221.240634
8101,CO,Pueblo County,8101003600,1,1.0,2196,581.22991380655,3.7781950788
8101,CO,Pueblo County,8101980100,10,10.0,0,74.3588684580778,0.0
8103,CO,Rio Blanco County,8103951100,10,10.0,3858,1990.81180183074,1.937902918
8103,CO,Rio Blanco County,8103951200,10,10.0,2808,1230.1217951589,2.2827007952
8105,CO,Rio Grande County,8105976700,7,7.0,5323,17.1843008539036,309.75947437
8105,CO,Rio Grande County,8105976800,10,10.0,1930,4.23323003813145,455.91663638
8105,CO,Rio Grande County,8105977000,10,10.0,4729,890.540331847097,5.310259211
8107,CO,Routt County,8107000100,5,5.0,2151,1091.5262371872,1.9706351773
8107,CO,Routt County,8107000200,5,5.0,1925,12.4194706693622,154.99855439
8107,CO,Routt County,8107000300,5,5.0,2335,507.224627681673,4.6034830972
8107,CO,Routt County,8107000400,4,4.0,3443,38.866066174824,88.586274323
8107,CO,Routt County,8107000500,4,4.0,3970,42.5855606280801,93.22408679
8107,CO,Routt County,8107000600,4,4.0,3139,31.957411771792,98.224475199
8107,CO,Routt County,8107000700,4,4.0,4595,58.5492203052678,78.480976793
8107,CO,Routt County,8107000800,5,5.0,1951,578.897505702729,3.3701993544
8109,CO,Saguache County,8109977600,10,10.0,3143,2781.42925604289,1.1299945858
8109,CO,Saguache County,8109977700,10,10.0,2965,387.095376117573,7.6596109975
8111,CO,San Juan County,8111972600,10,10.0,699,387.487570212681,1.8039288321
8113,CO,San Miguel County,8113968101,10,10.0,2239,20.6604961104067,108.3710666
8113,CO,San Miguel County,8113968102,10,10.0,1620,16.3874994787621,98.855838385
8113,CO,San Miguel County,8113968103,10,10.0,2006,320.225394866694,6.2643376577
8113,CO,San Miguel County,8113968200,10,10.0,1494,929.338081875283,1.607595803
8115,CO,Sedgwick County,8115968300,10,10.0,2379,548.04083300772,4.3409174221
8117,CO,Summit County,8117000100,4,4.0,7406,261.679577665997,28.301788264
8117,CO,Summit County,8117000200,4,4.0,7285,116.723220725347,62.412602691
8117,CO,Summit County,8117000300,4,4.0,3676,104.034837227045,35.334317792
8117,CO,Summit County,8117000401,7,7.0,4254,58.3301467033824,72.929698285
8117,CO,Summit County,8117000402,7,7.0,5373,67.5900008030925,79.494007045
8119,CO,Teller County,8119010103,2,2.0,7468,13.4054841180731,557.08543863
8119,CO,Teller County,8119010104,2,2.0,1915,5.03198933740234,380.56519432
8119,CO,Teller County,8119010105,2,2.0,6045,184.601720934614,32.746173597
8119,CO,Teller County,8119010106,2,2.0,4643,129.039156165975,35.981326428
8119,CO,Teller County,8119010201,10,10.0,2674,103.329873343043,25.878285858
8119,CO,Teller County,8119010202,10,10.1,605,121.647275585833,4.9733953933
8121,CO,Washington County,8121924100,10,10.0,2149,1771.53686773838,1.2130710002
8121,CO,Washington County,8121924200,10,10.0,2665,746.49421464501,3.5700209696
8123,CO,Weld County,8123000100,1,1.0,2468,0.575865602466112,4285.7222057
8123,CO,Weld County,8123000200,1,1.0,3207,0.343423598873817,9338.3215671
8123,CO,Weld County,8123000300,1,1.0,1869,0.242379115270032,7711.0604101
8123,CO,Weld County,8123000401,1,1.0,3166,0.694624067756298,4557.8610747
8123,CO,Weld County,8123000402,1,1.0,3362,0.631827637811449,5321.0714423
8123,CO,Weld County,8123000501,1,1.0,3128,0.380294039972386,8225.2143637
8123,CO,Weld County,8123000502,1,1.0,3313,0.523181188484271,6332.4142246
8123,CO,Weld County,8123000600,1,1.0,1634,1.81777560359353,898.90083065
8123,CO,Weld County,8123000701,1,1.0,1602,1.264765319376,1266.6381466
8123,CO,Weld County,8123000703,1,1.0,6796,2.10469469356615,3228.9718888
8123,CO,Weld County,8123000704,1,1.0,661,0.666939383502935,991.09456774
8123,CO,Weld County,8123000705,1,1.0,1541,33.0506782270806,46.625366941
8123,CO,Weld County,8123000800,1,1.0,3401,0.704251911591868,4829.2378679
8123,CO,Weld County,8123000900,1,1.0,2806,0.576880665084163,4864.0909114
8123,CO,Weld County,8123001003,1,1.0,4718,0.508759113941841,9273.5439439
8123,CO,Weld County,8123001004,1,1.0,4433,1.68255374156174,2634.6855322
8123,CO,Weld County,8123001005,1,1.0,6459,3.1027132172041,2081.7263949
8123,CO,Weld County,8123001006,1,1.0,4431,1.04992918886111,4220.2846125
8123,CO,Weld County,8123001100,1,1.0,4503,0.967073978721137,4656.3138902
8123,CO,Weld County,8123001201,1,1.0,3802,0.580659447070797,6547.7277933
8123,CO,Weld County,8123001202,1,1.0,2785,0.569492213863539,4890.3214692
8123,CO,Weld County,8123001300,1,1.0,6458,1.82400574828918,3540.5590175
8123,CO,Weld County,8123001404,1,1.0,2613,6.85895687547587,380.96171873
8123,CO,Weld County,8123001405,1,1.0,3781,1.47035700551508,2571.4843306
8123,CO,Weld County,8123001406,1,1.0,5306,2.8671295002139,1850.6314415
8123,CO,Weld County,8123001407,1,1.0,1933,1.54285348040223,1252.8733445
8123,CO,Weld County,8123001408,1,1.0,2046,1.25395175576103,1631.6417203
8123,CO,Weld County,8123001409,1,1.0,3267,1.10913100755679,2945.5492433
8123,CO,Weld County,8123001410,1,1.0,3005,1.18756264507789,2530.3928281
8123,CO,Weld County,8123001411,1,1.0,2433,0.994255571840487,2447.0569428
8123,CO,Weld County,8123001412,1,1.0,2309,2.02547270489284,1139.9808027
8123,CO,Weld County,8123001413,1,1.0,2791,0.548005241723128,5093.0169778
8123,CO,Weld County,8123001414,1,1.0,2152,0.542236489126591,3968.7480337
8123,CO,Weld County,8123001415,1,1.0,3736,0.85563794117965,4366.3327912
8123,CO,Weld County,8123001416,1,1.0,1999,6.08093126300199,328.73254335
8123,CO,Weld County,8123001417,1,1.0,2294,0.682646406083735,3360.451296
8123,CO,Weld County,8123001500,2,2.0,6547,65.4660091089225,100.00609613
8123,CO,Weld County,8123001600,2,2.0,4346,92.9594469163564,46.751569035
8123,CO,Weld County,8123001700,1,1.0,4653,65.7104847590027,70.810617469
8123,CO,Weld County,8123001800,10,10.0,4222,124.889128057736,33.805985082
8123,CO,Weld County,8123001902,2,2.0,7743,59.4609781975824,130.21985569
8123,CO,Weld County,8123001905,2,2.0,4322,2.71057974013779,1594.4928445
8123,CO,Weld County,8123001906,2,2.0,1502,17.1461713336124,87.599731204
8123,CO,Weld County,8123001907,2,2.0,2775,19.2083314671728,144.46856067
8123,CO,Weld County,8123001908,2,2.0,3000,29.5126135719548,101.65145126
8123,CO,Weld County,8123002004,3,3.0,3729,3.93736843568387,947.07926396
8123,CO,Weld County,8123002005,3,3.0,561,7.07998878759284,79.237413622
8123,CO,Weld County,8123002006,10,10.0,339,15.3757052156226,22.047769208
8123,CO,Weld County,8123002007,1,1.0,5110,4.34951822170605,1174.8427618
8123,CO,Weld County,8123002008,1,1.0,4621,1.48647368250355,3108.6995043
8123,CO,Weld County,8123002009,2,2.0,1332,16.4920694613257,80.766092037
8123,CO,Weld County,8123002010,1,1.0,1964,15.6598049875135,125.41663204
8123,CO,Weld County,8123002011,2,2.0,334,1.48795283993594,224.46947984
8123,CO,Weld County,8123002012,3,3.0,892,3.13837631680147,284.22340407
8123,CO,Weld County,8123002013,3,3.0,2760,2.99415943239891,921.79460123
8123,CO,Weld County,8123002014,3,3.0,1455,0.920651755915471,1580.4021343
8123,CO,Weld County,8123002015,3,3.0,1148,2.48880458133397,461.26562471
8123,CO,Weld County,8123002016,3,3.0,3023,5.86226422670684,515.67105867
8123,CO,Weld County,8123002017,1,1.0,600,2.42450814443928,247.4728746
8123,CO,Weld County,8123002018,3,3.0,893,1.0020378472796,891.18390331
8123,CO,Weld County,8123002019,3,3.0,3413,5.61846348322849,607.46145458
8123,CO,Weld County,8123002020,3,3.0,4990,1.96594154104189,2538.2239989
8123,CO,Weld County,8123002021,3,3.0,622,7.00896915352504,88.743435215
8123,CO,Weld County,8123002101,4,4.0,7319,43.1535636458547,169.60360586
8123,CO,Weld County,8123002102,4,4.0,9989,27.978941987376,357.01850358
8123,CO,Weld County,8123002103,3,3.0,8009,80.3824735867502,99.636147566
8123,CO,Weld County,8123002203,1,1.0,893,7.63962574343974,116.89054281
8123,CO,Weld County,8123002204,1,1.0,2013,0.746791877028002,2695.5301228
8123,CO,Weld County,8123002205,1,1.0,4605,0.973312231562463,4731.266957
8123,CO,Weld County,8123002206,1,1.0,3582,1.64159216181697,2182.0279624
8123,CO,Weld County,8123002207,1,1.0,1918,5.6319426962596,340.55744233
8123,CO,Weld County,8123002208,2,2.0,4588,39.2342381509104,116.93867949
8123,CO,Weld County,8123002209,1,1.0,904,15.8595723223428,57.000276024
8123,CO,Weld County,8123002210,2,2.0,783,7.79255116239921,100.48057224
8123,CO,Weld County,8123002300,2,2.0,4619,112.185649122699,41.172824119
8123,CO,Weld County,8123002501,10,10.0,4843,2459.40954514075,1.9691718321
8123,CO,Weld County,8123002502,2,2.0,5656,526.369572754777,10.745301957
8125,CO,Yuma County,8125963100,10,10.0,4602,1330.34045061213,3.4592648806
8125,CO,Yuma County,8125963200,7,7.0,5441,1034.06426052939,5.2617619694
