idx,BOD_addr,general,pediatric,specialist,CensusCountyFips,Latitude,Longitude,med_indicator,chip_indicator
0,"1 BIRCHWOOD COURT,RACINE,WI,53402",1,0,0,101,42.77974277,-87.77882816,0,0
1,"1 S PINCKNEY ST,MADISON,WI,53703",1,0,0,25,43.07644479,-89.38300676,0,0
2,"10 BRADLEY FARM RD,TOMAHAWK,WI,54487",1,0,0,69,45.4712004,-89.7129741,0,0
3,"100 15TH AVE STE 150,SOUTH MILWAUKEE,WI,53172",1,0,0,79,42.9300316,-87.87039157,0,0
4,"1000 QUINN DR,WAUNAKEE,WI,53597",1,0,0,25,43.17853308,-89.43089771,0,0
5,"1000 S ONEIDA ST,APPLETON,WI,54915",1,0,0,87,44.2535441,-88.4047429,0,0
6,"1001 6TH AVE W,MONROE,WI,53566",1,0,0,45,42.602314,-89.6645905,0,0
7,"1001 N BROADWAY,DE PERE,WI,54115",1,0,0,9,44.40463642,-88.0919826,0,0
8,"1001 N SHERMAN AVE,MADISON,WI,53704",1,0,0,25,43.11067851,-89.36348454,0,0
9,"1001 N. SHERMAN AVENUE,MADISON,WI,53704",1,0,0,25,43.11067851,-89.36348454,0,0
10,"1008 MAIN ST,ONALASKA,WI,54650",1,0,0,63,43.8841269,-91.2245122,0,0
11,"1009 E. SUMNER STREET,HARTFROD,WI,53027",0,1,0,131,43.3172533,-88.3637471,0,0
12,"1010 N EDGE TRAIL,VERONA,WI,53593",2,0,0,25,43.00397776,-89.53235395,0,0
13,"1018 REGIS COURT,EAU CLAIRE,WI,54701",1,0,0,35,44.80587135,-91.47276945,0,0
14,"10228 W FOREST HOME AVE,HALES CORNERS,WI,53130",1,0,0,79,42.94107557,-88.04895951,0,0
15,"1025 N HASTING WAY STE 3,EAU CLAIRE,WI,54703",1,0,0,35,44.82788769,-91.47542123,0,0
16,"10320 75TH STREET SUITE A,KENOSHA,WI,53142",0,0,1,59,42.5676992,-87.9330621,0,0
17,"1033 HIGH ST #317,MADISON,WI,53715",1,0,0,25,43.05514842,-89.39916029,0,0
18,"10345 N PORT WASHINGTON RD STE #150,MEQUON,WI,53092",1,0,0,89,43.20640966,-87.92429223,0,0
19,"1035 ROCKLEDGE LN,NEENAH,WI,54956",1,0,0,139,44.1850161,-88.490945,0,0
20,"104-3 CLUB HOUSE DR,OREGON,WI,53575",1,0,0,25,42.91021004,-89.37283062,0,0
21,"10401 W LINCOLN AVE STE 101,WEST ALLIS,WI,53227",1,0,0,79,43.00250184,-88.04129441,0,0
22,"10401 W LINCOLN AVE STE 102,WEST ALLIS,WI,53227",1,0,0,79,43.00250184,-88.04129441,0,0
23,"10401 W LINCOLN AVE,WEST ALLIS,WI,53227",1,0,0,79,43.00250184,-88.04129441,0,0
24,"10401 W. LINCOLN AVE SUITE 204,WEST ALLIS,WI,53227",1,0,0,79,43.00250184,-88.04129441,0,0
25,"10401 WEST LINCOLN AVE,WEST ALLIS,WI,53227",0,0,1,79,43.00250184,-88.04129441,0,0
26,"105 DALE DRIVE,LODI,WI,53555",1,0,0,21,43.32154865,-89.55906937,0,0
27,"1050 REGENT ST,MADISON,WI,53715",1,0,0,25,43.06749296,-89.40478645,0,0
28,"10502 NORTHWESTERN AVE,FRANKSVILLE,WI,53126",1,0,0,101,42.75974876,-87.91295482,0,0
29,"1052 BEL AIRE CT,GREEN BAY,WI,54304",1,0,0,9,44.49402291,-88.06789587,0,0
30,"10562 N PORT WASHINGTON RD,MEQUON,WI,53092",1,0,0,89,43.20994897,-87.92409007,0,0
31,"1058 S WYNDRUSH DR,SUAMICO,WI,54173",1,0,0,9,44.606931,-88.02254123,0,0
32,"107 S. KNOWLES AVE. #208,NEW RICHMOND,WI,54017",1,0,0,109,45.1217266,-92.53758228,0,0
33,"10708 N GAZEBO HILL PWY WEST,MEQUON,WI,53092",0,0,1,89,43.22121917,-87.9507512,0,0
34,"10723 N OXFORD CT,MEQUON,WI,53092",1,0,0,89,43.21452931,-87.99503834,0,0
35,"109 2ND STREET SOUTH,LA CROSSE,WI,54601",1,0,0,63,43.804397,-91.14245708,0,0
36,"109 E VERONA AVE,VERONA,WI,53593",1,0,0,25,42.99083307,-89.53219395,0,0
37,"10950 W FOREST HOME AVE # 201,HALES CORNERS,WI,53130",0,0,1,79,42.94107557,-88.04895951,0,0
38,"1100 MADISON AVE,FORT ATKINSON,WI,53538",1,0,0,55,42.92089163,-88.86446995,0,0
39,"1100 N LYNNDALE DR,APPLETON,WI,54914",0,0,1,87,44.2713204,-88.4446788,0,0
40,"1101 NORTH 6TH ST.,WAUSAU,WI,54403",1,0,0,73,44.9658732,-89.6230142,0,0
41,"1111 8TH ST S,WISCONSIN RAPIDS,WI,54494",1,0,0,141,44.33899684,-89.7377757,0,0
42,"1111 DELAFIELD ST STE 222,WAUKESHA,WI,53188",1,0,3,133,43.0240712,-88.2393598,0,0
43,"1111 DELAFIELD ST,WAUKESHA,WI,53188",2,0,0,133,43.0240712,-88.2393598,0,0
44,"1111 DELAFIELD ST.,WAUKESHA,WI,53188",0,0,1,133,43.0240712,-88.2393598,0,0
45,"1111 W. VALLEY RD.,APPLETON,WI,54915",1,0,0,15,44.24246103,-88.35644783,0,0
46,"1115 SWEETWATER CLOSE,ALTOONA,WI,54720",1,0,0,35,44.80392986,-91.43563582,0,0
47,"112 24TH ST S,LA CROSSE,WI,54601",1,0,0,63,43.804397,-91.14245708,0,0
48,"1122 GLENVIEW DRIVE,BARABOO,WI,53913",1,0,0,111,43.4662608,-89.724685,0,0
49,"11345 N. PORT WASHINGTON RD.,MEQUON,WI,53092",1,0,0,89,43.22394152,-87.92417401,0,0
50,"1136 RAVINIA VIEW LN,OCONOMOWOC,WI,53066",0,0,1,133,43.0459757,-88.4526427,0,0
51,"1142 E PARADISE DR,WEST BEND,WI,53095",1,0,0,131,43.38851073,-88.15629544,0,0
52,"115 ALPINE CT,SHAWANO,WI,54166",1,0,0,115,44.78765379,-88.60882597,0,0
53,"115 E WALNUT ST,GREEN BAY,WI,54301",1,0,0,9,44.48189514,-88.02065244,0,0
54,"115 E. WALNUT ST. #803,GREEN BAY,WI,54301",1,0,0,9,44.48189514,-88.02065244,0,0
55,"115 SILVER LAKE PLAZA,OCONOMOWOC,WI,53066",1,0,0,133,43.1095286,-88.495304,0,0
56,"11549 N. LAKE SHORE DR.,MEQUON,WI,53092",0,0,1,89,43.22812502,-87.91416027,0,0
57,"11740 W EDGERTON AVE,HALES CORNERS,WI,53130",1,0,0,79,42.94107557,-88.04895951,0,0
58,"12 VIRGINIA TER,MADISON,WI,53726",1,0,0,25,43.06749931,-89.42853919,0,0
59,"1200 CREST VIEW DR,HUDSON,WI,54016",0,0,1,109,44.9615478,-92.742705,0,0
60,"1201 OAK ST STE D,WEST BEND,WI,53095",1,0,0,131,43.38851073,-88.15629544,0,0
61,"1210 MARSH VIEW DR,MUKWONAGO,WI,53149",2,0,0,133,42.881361,-88.3397491,0,0
62,"1210 PECOR STREET,OCONTO,WI,54153",1,0,0,83,44.90185739,-87.91778019,0,0
63,"1214 BIRCH HILL LANE,SHAWANO,WI,54166",1,0,0,115,44.76504686,-88.59203338,0,0
64,"1218 WITZEL AVE,OSHKOSH,WI,54902",2,0,0,139,44.0180606,-88.5681049,0,0
65,"122 E JOHNSON ST,MADISON,WI,53703",2,0,0,25,43.07836078,-89.38538159,0,0
66,"1220 TANGLEWOOD RD,MANITOWOC,WI,54220",1,0,0,71,44.1115357,-87.6929238,0,0
67,"1221 N 62ND ST #204,WAUWATOSA,WI,53213",1,0,0,79,43.0459927,-87.99005828,0,0
68,"12320 W OKLAHOMA AVE,WEST ALLIS,WI,53227",1,0,0,79,42.98830686,-88.06705214,0,0
69,"1233 NORTH MAYFAIR RD STE 203,WAUWATOSA,WI,53226",1,0,0,79,43.04620255,-88.04748321,0,0
70,"12455 W OHIO DRIVE,NEW BERLIN,WI,53151",1,0,0,133,42.9835259,-88.0696625,0,0
71,"125 N. EXECUTIVE DR.,BROOKFIELD,WI,53005",1,0,0,133,43.0318737,-88.1152746,0,0
72,"1250 PRAIRIE STREET,PRAIRIE DU SAC,WI,53578",1,0,0,111,43.32208819,-89.77611834,0,0
73,"1257 ELSIE ST,FORT ATKINSON,WI,53538",1,0,0,55,42.92089163,-88.86446995,0,0
74,"12581 DUNCAN LANE UNIT 201,NEW BERLIN,WI,53151",1,0,0,133,42.9333586,-88.0730678,0,0
75,"1259 CORPORATE CENTER DR,OCONOMOWOC,WI,53066",0,0,1,133,43.0757867,-88.4725417,0,0
76,"1259 CORPORATE CENTER DR.,OCONOMOWOC,WI,53066",1,0,0,133,43.0757867,-88.4725417,0,0
77,"126 W WISCONSIN AVE,NEENAH,WI,54956",1,0,0,139,44.1868882,-88.462961,0,0
78,"12665 WEST NORTH AVENUE,BROOKFIELD,WI,53005",1,0,1,133,43.0625637,-88.09925726,0,0
79,"1270 CHESTNUT STREET,WEST BEND,WI,53095",1,0,0,131,43.38851073,-88.15629544,0,0
80,"1274 SUNNY CREEK DR,GREEN BAY,WI,54313",1,0,0,9,44.58591486,-88.11065802,0,0
81,"12770 W NORTH AVE,BROOKFIELD,WI,53005",1,0,0,133,43.0625637,-88.09925726,0,0
82,"12780 W NORTH AVE #A,BROOKFIELD,WI,53005",1,0,0,133,43.0625637,-88.09925726,0,0
83,"12780 W NORTH AVE,BROOKFIELD,WI,53005",1,0,0,133,43.0625637,-88.09925726,0,0
84,"1279 270TH AVE,LUCK,WI,54853",1,0,0,95,45.59805148,-92.42599482,0,0
85,"1279 BUSINESS PARK RD,MINERAL POINT,WI,53565",1,0,0,49,42.83910778,-90.16508946,0,0
86,"128 N TRATT ST,WHITEWATER,WI,53190",1,0,0,127,42.83574075,-88.74960704,0,0
87,"1300 SUMMIT AVENUE SUITE 101,OCONOMOWOC,WI,53066",1,0,0,133,43.11313657,-88.48992689,0,0
88,"1301 TOWER AVE,SUPERIOR,WI,54880",1,0,0,31,46.72292604,-92.10439548,0,0
89,"1302 NAOMI CT,WAUNAKEE,WI,53597",1,0,0,25,43.17476446,-89.41337188,0,0
90,"1305 W. CHESTNUT ST SUITE2,WEST BEND,WI,53095",0,0,1,131,43.38851073,-88.15629544,0,0
91,"1306 REED CT.,WAUNAKEE,WI,53597",1,0,0,25,43.17532721,-89.41456764,0,0
92,"1308 12TH AVE,GRAFTON,WI,53024",1,0,0,89,43.31841848,-87.95162441,0,0
93,"132 MONROE ST.,MONDOVI,WI,54755",1,0,0,11,44.57648177,-91.68466205,0,0
94,"13200 W GLENDALE DR,NEW BERLIN,WI,53151",1,0,0,133,42.997127,-88.0784007,0,0
95,"13285 W OLD OAK COURT,NEW BERLIN,WI,53151",1,0,0,133,43.0052538,-88.0786695,0,0
96,"13310 BURLAWN PARKWAY,BROOKFIELD,WI,53005",1,0,0,133,43.0816393,-88.0777934,0,0
97,"1335 11TH AVENUE,GRAFTON,WI,53024",1,0,0,89,43.31812418,-87.95302674,0,0
98,"1349 W GRAND AVE,PORT WASHINGTON,WI,53074",1,0,0,89,43.42531627,-87.88077313,0,0
99,"135 W 2ND ST,NEW RICHMOND,WI,54017",1,0,0,109,45.1218726,-92.538508,0,0
100,"13545 W SUN VALLEY DRIVE,NEW BERLIN,WI,53151",1,0,0,133,42.9602513,-88.0831503,0,0
101,"13780 W GREENFIELD AVE STE 780,BROOKFIELD,WI,53005",0,0,1,133,43.0172567,-88.0843017,0,0
102,"138 SIEGLER ST,GREEN BAY,WI,54303",2,0,0,9,44.53883026,-88.05001677,0,0
103,"13900 W NATIONAL AVE # 201,NEW BERLIN,WI,53151",1,0,0,133,42.9866649,-88.0872258,0,0
104,"13900 W. NATIONAL AVE.,NEW BERLIN,WI,53151",1,0,0,133,42.9866649,-88.0872258,0,0
105,"13923 W GREENFIELD AVE,NEW BERLIN,WI,53151",1,0,0,133,43.0163405,-88.0867058,0,0
106,"140 S BROWN ST,RHINELANDER,WI,54501",1,0,0,85,45.63781097,-89.41285202,0,0
107,"1403 WATERLOO AVE,WEST SALEM,WI,54669",1,0,0,63,43.8969778,-91.1019575,0,0
108,"1411 SQUIRE COURT,MIDDLETON,WI,53562",1,0,0,25,43.08750867,-89.51625889,0,0
109,"14111 N THORNGATE RD,MEQUON,WI,53097",1,0,0,89,43.27732704,-88.00998857,0,0
110,"1414 NORTH TAYLOR DRIVE,SHEBOYGAN,WI,53081",1,0,0,117,43.76010496,-87.74974026,0,0
111,"1415 N 8TH ST,MANITOWOC,WI,54220",1,0,0,71,44.11448,-87.6575853,0,0
112,"1419 BEASER AVE,ASHLAND,WI,54806",0,0,1,3,46.57443358,-90.88844722,0,0
113,"1427 N ASTOR STREET,MILWAUEE,WI,53202",1,0,0,79,43.04844372,-87.89978053,0,0
114,"1430 S. SIX POINTS CROSSING,WEST ALLIS,WI,53214",1,0,0,79,43.01611842,-87.99422745,0,0
115,"1437 N. JEFFERSON ST.,MILWAUKEE,WI,53202",1,0,0,79,43.0486082,-87.90607238,0,0
116,"145 N 18TH AVE,WEST BEND,WI,53095",1,0,0,131,43.38851073,-88.15629544,0,0
117,"1462 WINDPOINTE CT,MEQUON,WI,53092",1,0,0,89,43.23744358,-87.92758369,0,0
118,"1465 W MAIN ST,SUN PRAIRIE,WI,53590",1,0,0,25,43.20079204,-89.20594287,0,0
119,"1471 VALLEY ESTATES RD,MONDOVI,WI,54755",1,0,0,11,44.58233584,-91.63312322,0,0
120,"1501 PARK AVE,COLUMBUS,WI,53925",1,0,0,21,43.32385139,-89.03587902,0,0
121,"1507 E SUNSET DRIVE,WAUKESHA,WI,53189",1,0,0,133,42.9858148,-88.208806,0,0
122,"1507 TOWER AVE STE 202,SUPERIOR,WI,54880",1,0,0,25,43.21476329,-89.45912636,0,0
123,"1507 TOWER AVE STE 410,SUPERIOR,WI,54880",1,0,0,25,43.21476329,-89.45912636,0,0
124,"1509 WASHINGTON AVE,RACINE,WI,53403",1,0,0,101,42.71509322,-87.79769483,0,0
125,"151 E FOREST AVE, STE 1,NEENAH,WI,54956",0,0,1,139,44.1901027,-88.455523,0,0
126,"1520 VERNON ST,STOUGHTON,WI,53589",1,0,0,25,42.9171859,-89.20241131,0,0
127,"155 HORGEN ROAD,STANLEY,WI,54768",1,0,0,17,44.96948783,-90.94370548,0,0
128,"1551 PARK PLACE,GREEN BAY,WI,54304",1,0,0,9,44.49402291,-88.06789587,0,0
129,"1559 W GREENFIELD AVE,MILWAUKEE,WI,53204",1,0,0,79,43.0167292,-87.9322533,0,0
130,"1560 FRONT PORCH PL APT 302,ALTOONA,WI,54720",1,0,0,35,44.80392986,-91.43563582,0,0
131,"1561 PINE CONE TRAIL,PORT WASHINGTON,WI,53074",2,0,0,89,43.42531627,-87.88077313,0,0
132,"1585 BERDAN ST,CUMBERLAND,WI,54829",1,0,0,5,45.55906637,-92.0523018,0,0
133,"16 E BAYFIELD ST,WASHBURN,WI,54891",1,0,0,7,46.6733855,-90.8904361,0,0
134,"1602 N RANDALL AVE,JANESVILLE,WI,53545",0,0,1,105,42.7035997,-89.00317862,0,0
135,"1619 N FARWELL AVE #102,MILWAUKEE,WI,53202",1,0,0,79,43.05173172,-87.89359308,0,0
136,"1620 WILLOW CREEK PARKWAY,CHIPPEWA FALLS,WI,54729",1,0,0,17,44.94405638,-91.39493319,0,0
137,"1635 N WATER ST.,MILWAUKEE,WI,53202",1,0,0,79,43.05202016,-87.90597322,0,0
138,"1640 MAIN ST,GREEN BAY,WI,54302",1,0,0,9,44.50761247,-87.97619463,0,0
139,"16655 W. BLUEMOUND RD.,BROOKFIELD,WI,53005",0,1,0,133,43.0362178,-88.1199816,0,0
140,"1680 15TH AVE,UNION GROVE,WI,53182",1,0,0,101,42.69813641,-88.04082789,0,0
141,"1691 ATLANTA CIRCLE,MANITOWOC,WI,54220",1,0,0,71,44.1156143,-87.6725047,0,0
142,"1700 CORAL DRIVE,WAUKESHA,WI,53186",1,0,0,133,43.0177986,-88.2003488,0,0
143,"1700 GREEN FORREST RUN,JANESVILLE,WI,53546",1,0,0,105,42.65274533,-88.94913843,0,0
144,"17000 W.NORTH AVE. SUITE 104E,BROOKFIELD,WI,53005",1,0,0,133,43.0616369,-88.1233256,0,0
145,"1701 LEGACY LANE,MADISON,WI,53719",1,0,0,25,43.0332045,-89.52015001,0,0
146,"1706 BELLEWOOD DR,WAUNAKEE,WI,53597",1,0,0,25,43.16325889,-89.44375795,0,0
147,"1711 SHAWANO AVENUE,GREEN BAY,WI,54303",1,0,0,9,44.53883026,-88.05001677,0,0
148,"1712 TALLGRASS CIR,WAUKESHA,WI,53188",2,0,0,133,43.0251836,-88.2745942,0,0
149,"1714 N RANDALL AVE,JANESVILLE,WI,53545",1,0,0,105,42.70440431,-89.00320252,0,0
150,"1720 CONGRESS AVE,OSHKOSH,WI,54901",1,0,0,139,44.034345,-88.5615189,0,0
151,"1720 WOLVERINE TRAIL,NEW FRANKEN,WI,54229",1,0,0,9,44.56156727,-87.82310225,0,0
152,"1723 MILLER ROAD,LAKE GENEVA,WI,53147",1,0,0,127,42.57073,-88.45166502,0,0
153,"17280 W NORTH AVE STE 102,BROOKFIELD,WI,53045",1,0,0,133,43.0614738,-88.1270313,0,0
154,"1730 SPRINGDALE ST,MT. HOREB,WI,53572",1,0,0,25,42.96143082,-89.73561415,0,0
155,"1757 CAMARILLO COURT,DE PERE,WI,54115",0,1,0,9,44.45025433,-88.03678235,0,0
156,"17585 W NORTH AVE STE 210,BROOKFIELD,WI,53045",1,0,0,133,43.0604446,-88.1313311,0,0
157,"1781 MAIDSTONE CIRCLE,HOBART,WI,54313",1,0,0,9,44.5478875,-88.10525912,0,0
158,"1802 DUBLIN TRL APT 41,NEENAH,WI,54956",1,0,0,139,44.2248184,-88.5083078,0,0
159,"1807 MARQUARDT RD.,WAUSAU,WI,54403",1,0,0,73,44.9970832,-89.6028961,0,0
160,"18120 PEREGRINE LN,BROOKFIELD,WI,53045",1,0,0,133,43.0270045,-88.138083,0,0
161,"18280 HIGH MEADOW DR,BROOKFIELD,WI,53045",1,0,0,133,43.0194574,-88.1404421,0,0
162,"1831 WATERVIEW COVE,PLOVER,WI,54467",1,0,0,97,44.47083882,-89.5196973,0,0
163,"1836 SOUTH AVENUE,LA CROSSE,WI,54601",1,0,0,63,43.804397,-91.14245708,0,0
164,"1836 WISCONSIN AVE,NEW HOLSTEIN,WI,53061",1,0,0,15,43.949884,-88.0897487,0,0
165,"1845 N FARWELL AVE,MILWAUKEE,WI,53202",1,0,0,79,43.05459014,-87.89085577,0,0
166,"18475 BROOKFIELD LAKE DR,BROOKFIELD,WI,53045",1,0,0,133,43.0344166,-88.1431754,0,0
167,"1850 WEST POINTE DR,OSHKOSH,WI,54902",1,0,0,139,44.0191342,-88.57964,0,0
168,"1851 CTY RD  XX,KRONENWETTER,WI,54455",1,0,0,73,44.76574019,-89.68459009,0,0
169,"187 HARMSEN AVE,WAUPUN,WI,53963",1,0,0,39,43.63578397,-88.74690154,0,0
170,"18995 W NORWOOD DR,NEW BERLIN,WI,53146",0,1,0,133,43.0128565,-88.1495446,0,0
171,"1915 NORTH WATER ST UNIT 307,MILWAUKEE,WI,53202",1,0,0,79,43.05547646,-87.90107354,0,0
172,"1917 E MILWAUKEE ST,JANESVILLE,WI,53547",1,0,0,105,42.69204826,-88.99935991,0,0
173,"1922 WAYSIDE DR,HARTFORD,WI,53027",1,0,0,131,43.3226207,-88.3408958,0,0
174,"1980 7TH ST S,WISCONSIN RAPIDS,WI,54494",1,0,0,141,44.33899684,-89.7377757,0,0
175,"200 W SILVER SPRING DR,MILWAUKEE,WI,53217",1,0,0,79,43.11868408,-87.91168877,0,0
176,"201 N CENTER AVE,MERRILL,WI,54452",1,0,0,69,45.2098566,-89.76843167,0,0
177,"2021 FRANKIE PL APT 202,MT PLEASANT,WI,53406",1,0,0,101,42.72989521,-87.86490477,0,0
178,"2033 W. WISCONSIN AVE. APT. 2,MILWAUKEE,WI,53223",1,0,0,79,43.0381826,-87.9388907,0,0
179,"20350 WATER TOWER BLVD.,BROOKFIELD,WI,53045",1,0,0,133,43.0307505,-88.1658015,0,0
180,"2036 N PROSPECT AVE UNIT 1001,MILWAUKEE,WI,53202",0,0,1,79,43.0564475,-87.88714445,0,0
181,"205 GREEN BAY RD APT 310,THIENSVILLE,WI,53092",1,0,0,89,43.2338371,-87.98178424,0,0
182,"205 N 6TH ST,CEDAR GROVE,WI,53013",1,0,0,117,43.56634891,-87.85102913,0,0
183,"206 S JACKSON ST,CUBA CITY,WI,53807",1,0,0,43,42.60451865,-90.4330577,0,0
184,"2063 11TH AVENUE,EDGAR,WI,54426",1,0,0,73,44.998967,-89.9481805,0,0
185,"20700 SWENSON DR,WAUKESHA,WI,53186",0,0,1,133,43.0333812,-88.1703496,0,0
186,"2078 SANDALWOOD CT,GREEN BAY,WI,54304",1,0,0,9,44.49402291,-88.06789587,0,0
187,"2079 N ROCK RIVER CR,DEPERE,WI,54115",1,0,0,9,44.40463642,-88.0919826,0,0
188,"208 N LOCUST AVE,REEDSBURG,WI,53959",1,0,0,111,43.53422232,-89.99902556,0,0
189,"209 E COMMERCE COURT,ELKHORN,WI,53121",1,0,0,127,42.6516343,-88.5399171,0,0
190,"2092 S 102ND ST APT 314,WEST ALLIS,WI,53227",1,0,0,79,43.00553091,-88.03939237,0,0
191,"2092 S 102ND STREET APT 314,WEST ALLIS,WI,53227",1,0,0,79,43.00553091,-88.03939237,0,0
192,"21051 WATERTOWN RD,WAUKESHA,WI,53186",1,0,0,133,43.0404132,-88.175651,0,0
193,"211 MARKET AVE,PORT EDWARDS,WI,54469",1,0,0,141,44.34598907,-89.87037975,0,0
194,"2121 S WEBSTER AVE, SUITE 2,GREEN BAY,WI,54301",1,0,0,9,44.48189514,-88.02065244,0,0
195,"2136 N COMMERCE STREET,MILWAUKEE,WI,53212",1,0,0,79,43.0581941,-87.8962088,0,0
196,"2137 WARD AVE,LA CROSSE,WI,54601",1,0,0,63,43.804397,-91.14245708,0,0
197,"2140 VELP AVENUE SUITE 201,GREEN BAY,WI,54303",1,0,0,9,44.53883026,-88.05001677,0,0
198,"2140 WEST SAINT PAUL AVE.,WAUKESHA,WI,53188",0,0,1,133,42.9922286,-88.2653704,0,0
199,"2149 PIONEER DR,BELOIT,WI,53511",1,0,0,105,42.53093223,-89.01751167,0,0
200,"215 5TH AVE,EAU CLAIRE,WI,54703",1,0,0,35,44.80230597,-91.50967601,0,0
201,"216 E MAIN ST,HORTONVILLE,WI,54944",0,0,1,87,44.3341089,-88.6343984,0,0
202,"216 EAST MAIN STREET,HORTONVILLE,WI,54944",1,0,0,87,44.3341089,-88.6343984,0,0
203,"218 HICKORY ST,FORT ATKINSON,WI,53538",1,0,0,55,42.92089163,-88.86446995,0,0
204,"22 DARTMOUTH RD,WILLIAMS BAY,WI,53191",1,0,0,127,42.5741962,-88.5509738,0,0
205,"2215 VINE ST STE D,HUDSON,WI,54016",1,0,0,109,44.9786573,-92.7269991,0,0
206,"2217 N PROSPECT AVE APT 512,MILWAUKEE,WI,53202",1,0,0,79,43.05908153,-87.88492459,0,0
207,"222 ADAMS ST,BURLINGTON,WI,53105",1,0,0,101,42.67614405,-88.27357958,0,0
208,"222 GRUBER ST,ANTIGO,WI,54409",1,0,0,67,45.13102897,-89.14241314,0,0
209,"2221 FOREST GROVE AVE,KRONENWETTER,WI,54455",1,0,0,73,44.8491702,-89.602294,0,0
210,"223 WISCONSIN AVE,WAUKESHA,WI,53186",1,0,0,133,43.0094337,-88.2301272,0,0
211,"225 E. MICHIGAN ST.,MILWAUKEE,WI,53202",1,0,0,79,43.03727895,-87.90867635,0,0
212,"225 GUNDERSON DR,PORTAGE,WI,53901",3,0,0,21,43.55706537,-89.48645416,0,0
213,"225 N RICHMOND ST.,  SUITE 202,APPLETON,WI,54911",1,0,0,87,44.2638071,-88.4160206,0,0
214,"2257 S. WOODWARD ST.,MILWAUKEE,WI,53207",1,0,0,79,43.0033611,-87.9005163,0,0
215,"2264 BONNEY DUNE DR,KRONENWETTER,WI,54455",1,0,0,73,44.8503769,-89.6098807,0,0
216,"2280 HOLMGREN WAY,GREEN BAY,WI,54304",1,0,0,9,44.49402291,-88.06789587,0,0
217,"2302 HENDRICKSON DR,EAU CLAIRE,WI,54701",1,0,0,35,44.79444389,-91.51475701,0,0
218,"2308 WYATT AVE,STEVENS POINT,WI,54481",1,0,0,97,44.51566532,-89.63783357,0,0
219,"233 DODGE ST,KAUKAUNA,WI,54130",1,0,0,87,44.2761769,-88.2698024,0,0
220,"2340 N CRAMER ST #507,MILWAUKEE,WI,53211",1,0,0,79,43.06060809,-87.88674446,0,0
221,"2340 NORTH CRAMER ST UNIT 308,MILWAUKEE,WI,53211",1,0,0,79,43.06060809,-87.88674446,0,0
222,"2359 MURPHY WOODS RD,BELOIT,WI,53511",0,0,1,105,42.53947233,-89.00097661,0,0
223,"237 W HICKORY ST,LANCASTER,WI,53813",1,0,0,43,42.84905259,-90.71161487,0,0
224,"2386 WILDER ST,GREEN BAY,WI,54311",1,0,0,9,44.48319873,-87.89610829,0,0
225,"2402 E MAIN ST STE 8,MERRILL,WI,54452",1,0,0,69,45.18052471,-89.66498653,0,0
226,"2410 E EVERGREEN DR,APPLETON,WI,54913",0,0,1,87,44.3022368,-88.3691816,0,0
227,"245 W MUNROE AVE,WISCONSIN DELLS,WI,53965",2,0,0,111,43.58937625,-89.79846551,0,0
228,"2457 N. MAYFAIR RD SUITE 102,MILWAUKEE,WI,53226",0,0,1,79,43.0657252,-88.04786398,0,0
229,"2460 FINGER RD,GREEN BAY,WI,54302",1,0,0,9,44.50761247,-87.97619463,0,0
230,"2500 N MAYFAIR RD STE 360,WAUWATOSA,WI,53226",0,0,1,79,43.06365363,-88.04764302,0,0
231,"2505 E BRADFORD AVENUE,MILWAUKEE,WI,53211",1,0,0,79,43.06362076,-87.87933219,0,0
232,"2512 RIO GRANDE DRIVE,MERRILL,WI,54452",1,0,0,69,45.1754237,-89.6626456,0,0
233,"2524 E WEBSTER PLACE,MILWAUKEE,WI,53211",1,0,0,79,43.06498978,-87.87904256,0,0
234,"2535 NORTHERN RD STE C,APPLETON,WI,54914",0,1,0,139,44.2413369,-88.4644467,0,0
235,"2549 25TH AVE,RICE LAKE,WI,54868",1,0,0,5,45.52610481,-91.71362471,0,0
236,"255 HAVENWOOD DR,LAKE GENEVA,WI,53147",0,0,1,127,42.57073,-88.45166502,0,0
237,"2566 E AIRPORT RD,PORTAGE,WI,53901",1,0,0,21,43.55884219,-89.48042435,0,0
238,"2569 6 1/2 AVE,MONROE,WI,53574",1,0,0,45,42.81651535,-89.65016322,0,0
239,"2600 N MAYFAIR RD,WAUWATOSA,WI,53226",1,0,0,79,43.06551091,-88.04767969,0,0
240,"2600 NORTH MAYFAIR ROAD, SUITE 240,WAUWATOSA,WI,53226",0,0,1,79,43.06551091,-88.04767969,0,0
241,"2600 STEIN BLVD,EAU CLAIRE,WI,54701",1,0,0,35,44.79188119,-91.50903249,0,0
242,"2609 DEVELOPMENT DR.,GREEN BAY,WI,54311",1,0,0,9,44.48319873,-87.89610829,0,0
243,"261 S STONEFIELD RD,ELKHORN,WI,53121",1,0,0,127,42.66859166,-88.5598362,0,0
244,"2610 NIGHTINGALE LN,WAUSAU,WI,54401",1,0,0,73,44.9261888,-89.6688296,0,0
245,"2620 STEWART AVE STE 216,WAUSAU,WI,54401",1,0,0,73,44.9579901,-89.6694161,0,0
246,"2626 W 9TH AVE,OSHKOSH,WI,54904",0,0,1,139,44.0110055,-88.5980726,0,0
247,"2644 N 62ND ST,MILWAUKEE,WI,53213",0,1,0,79,42.9965406,-87.9904059,0,0
248,"2665 EL RANCHO DR,BROOKFIELD,WI,53005",1,0,0,133,43.0671794,-88.0885822,0,0
249,"26902 S ELM LN,WIND LAKE,WI,53185",1,0,0,101,42.79491417,-88.19529628,0,0
250,"2705 DOUGLAS AVE,RACINE,WI,53402",1,0,0,101,42.75305869,-87.79832616,0,0
251,"2723 W FOREST HOME AVE,MILWAUKEE,WI,53215",2,0,0,79,43.0000233,-87.9488626,0,0
252,"2727 6TH ST, P.O. BOX 619,MONROE,WI,53566",1,0,0,45,42.606578,-89.6258646,0,0
253,"2727 W COUNTRY CLUB DRIVE,MEQUON, WI 53092 UNITED STATES,WI,53092",1,0,0,89,43.21179002,-87.94429878,0,0
254,"2740 S. SHORE DR.,MILWAUKEE,WI,53207",1,0,0,79,42.97661642,-87.898456,0,0
255,"2747 NATIONAL DRIVE,ONALASKA,WI,54650",1,0,0,63,43.8806958,-91.1900204,0,0
256,"275 N WESTHAVEN DRIVE,OSHKOSH,WI,54904",1,0,0,139,44.020332,-88.5968176,0,0
257,"277 N. NINTH STREET,DE PERE,WI,54115",0,0,1,9,44.40463642,-88.0919826,0,0
258,"2777 MILWAUKEE ST UNIT B,BELOIT,WI,53511",1,0,0,105,42.54559368,-89.09499799,0,0
259,"28 DIANE LN,APPLETON,WI,54915",1,0,0,15,44.22783,-88.3854223,0,0
260,"280 S CHURCH ST,BERLIN,WI,54923",1,0,0,47,43.96526057,-88.94162369,0,0
261,"2808 KOHLER MEMORIAL DR,SHEBOYGAN,WI,53081",0,0,1,117,43.75652109,-87.74352582,0,0
262,"285 FOREST GROVE DR STE 201,PEWAUKEE,WI,53072",1,0,0,133,43.0813338,-88.2402975,0,0
263,"2855 CAROLINA CHERRY DDR,GREEN BAY,WI,54313",1,0,0,9,44.58591486,-88.11065802,0,0
264,"2909 E. PARK AVE,CHIPPEWA FALLS,WI,54729",1,0,0,17,44.94405638,-91.39493319,0,0
265,"2921 LANDMARK PL STE 100,MADISON,WI,53713",1,0,0,25,43.03376802,-89.42863112,0,0
266,"2921 LANDMARK PLACE, STE 220,MADISON,WI,53713",1,0,1,25,43.03376802,-89.42863112,0,0
267,"2933 W. LAYTON AVE,GREENFIELD,WI,53221",0,0,1,79,42.959404,-87.95207124,0,0
268,"2945 TRIVERTON PIKE DR,MADISON,WI,53711",1,0,0,25,43.01468395,-89.42917129,0,0
269,"30 N 18TH AVE APT 2,STURGEON BAY,WI,54235",1,0,0,29,44.8357898,-87.350516,0,0
270,"30 N 18TH AVE,STURGEON BAY,WI,54235",1,0,0,29,44.8357898,-87.350516,0,0
271,"300 WRIGHT RD,JOHNSON CREEK,WI,53038",2,0,0,55,43.08336858,-88.78704044,0,0
272,"3000 N BROOKFIELD RD,BROOKFIELD,WI,53045",1,0,0,133,43.0739476,-88.1454012,0,0
273,"302 E. BROWNELL ST.,TOMAH,WI,54660",1,0,0,81,43.981579,-90.50162389,0,0
274,"302 N SPRING ST,BEAVER DAM,WI,53916",1,0,0,27,43.455746,-88.85963814,0,0
275,"303 EAST MAIN STREET,MOUNT HOREB,WI,53572",1,0,0,25,42.96143082,-89.73561415,0,0
276,"305 3RD ST S,LA CROSSE,WI,54601",1,0,0,63,43.804397,-91.14245708,0,0
277,"306 WEST MAIN ST.,MADISON,WI,53703",1,0,0,25,43.07175241,-89.38615425,0,0
278,"3063 MEADOWLARK LN #60,ALTOONA,WI,54720",1,0,0,35,44.80392986,-91.43563582,0,0
279,"308 FAIRWAY DR,COLUMBUS,WI,53925",1,0,0,21,43.32518092,-89.02990764,0,0
280,"309 W JOHNSON ST APT 1245,MADISON,WI,53703",1,0,0,25,43.07401088,-89.3908583,0,0
281,"3102 SUNRISE CT,MIDDLETON,WI,53562",1,0,0,25,43.1092584,-89.47468312,0,0
282,"3103 HUMMINGBIRD RD,WAUSAU,WI,54401",1,0,0,73,44.9280187,-89.6633274,0,0
283,"311 E. ERIE STREET,MILWAUKEE,WI,53202",1,0,0,79,43.03065504,-87.90683939,0,0
284,"311 E. TYRANENA PARK ROAD,LAKE MILLS,WI,53551",1,0,0,55,43.08160084,-88.9161111,0,0
285,"3119 GOLF ROAD,EAU CLAIRE,WI,54701",1,0,0,35,44.77004321,-91.45679268,0,0
286,"312 CENTER ST,LAKE GENEVA,WI,53147",0,0,3,127,42.57073,-88.45166502,0,0
287,"312 CENTER STREET,LAKE GENEVA,WI,53147",1,0,0,127,42.57073,-88.45166502,0,0
288,"3131 MILTON AVE. ,JANESVILLE,WI,53545",1,0,0,105,42.73547881,-89.04047574,0,0
289,"314 N. 2ND STREET SUITE 100,RIVER FALLS,WI,54022",1,0,0,93,44.84798901,-92.60830869,0,0
290,"3143 STATE ROAD, SUITE 201,LA CROSSE,WI,54601",1,0,0,63,43.804397,-91.14245708,0,0
291,"316 5TH ST,RACINE,WI,53403",1,0,0,101,42.72797579,-87.78433157,0,0
292,"316 GRANDVIEW DRIVE,HUDSON,WI,54016",1,0,0,109,44.9736968,-92.7309031,0,0
293,"3180 SUSSEX ST,RIVER FALLS,WI,54022",1,0,0,93,44.84798901,-92.60830869,0,0
294,"3212 CLEVELAND AVE,MARINETTE,WI,54143",2,0,0,75,45.08645658,-87.65304392,0,0
295,"3216 BUSINESS PARK DR,STEVENS POINT,WI,54482",1,0,0,97,44.55630742,-89.51820306,0,0
296,"322 E WILBUR AVE,MILWAUKEE,WI,53207",1,0,0,79,42.9785658,-87.9067277,0,0
297,"3230 OLD LANTER DR,BROOKFIELD,WI,53005",1,0,0,133,43.0769336,-88.0768298,0,0
298,"3233 SUPERIOR AVENUE,SHEBOYGAN,WI,53081",1,0,0,117,43.76102423,-87.74984525,0,0
299,"3237 13TH STREET,KENOSHA,WI,53144",1,0,0,59,42.6364694,-87.84861,0,0
300,"324 BLACKBURN BAY DRIVE,VERONA,WI,53593",1,0,0,25,42.98451977,-89.57812449,0,0
301,"3312 TOWER AVE,SUPERIOR,WI,54880",1,0,0,31,46.70034832,-92.10358572,0,0
302,"3329 BIG TIMBER DRIVE,WISCONSIN RAPIDS,WI,54494",1,0,0,141,44.33899684,-89.7377757,0,0
303,"3333 S SUNNYSLOPE RD, STE 100,NEW BERLIN,WI,53151",1,0,0,133,42.9846422,-88.0891004,0,0
304,"33636 VALLEY LN,LONE ROCK,WI,53556",1,0,0,103,43.23785423,-90.24414414,0,0
305,"340 E REED AVE,MANITOWOC,WI,54220",1,0,0,71,44.1142004,-87.6429625,0,0
306,"343 N PETERS AVE,FOND DU LAC,WI,54935",1,0,0,39,43.78897936,-88.47280414,0,0
307,"35 E EAU CLAIRE ST,RICE LAKE,WI,54868",1,0,0,5,45.52610481,-91.71362471,0,0
308,"3520 W OKLAHOMA AVE,MILWAUKEE,WI,53215",1,0,0,79,42.9887353,-87.9588638,0,0
309,"3522 OAKWOOD HILLS PKWY,EAU CLAIRE,WI,54701",1,0,0,35,44.78121659,-91.44712195,0,0
310,"3555 S KINNICKINNIC AVE,SAINT FRANCIS,WI,53235",2,0,0,79,42.97961288,-87.87890675,0,0
311,"3576 DRISCOLL RD,RHINELANDER,WI,54501",1,0,0,85,45.63506803,-89.38755938,0,0
312,"3582 EAST NORWICH CT,ST FRANCIS,WI,53235",1,0,0,79,42.97310259,-87.86869578,0,0
313,"3609 WINTERGREEN CT,EAU CLAIRE,WI,54701",1,0,0,35,44.77503703,-91.45089698,0,0
314,"3612 GOLF VIEW DRIVE,WAUSAU,WI,54403",1,0,0,73,44.9440757,-89.5785069,0,0
315,"3637 WILGUS AVE,SHEBOYGAN,WI,53081",0,0,1,117,43.75944085,-87.7555215,0,0
316,"3659 S RUTLAND AVE,SAINT FRANCIS,WI,53235",1,0,0,79,42.9774979,-87.88347269,0,0
317,"3664 W THORNCREST DR,FRANKLIN,WI,53132",1,0,0,79,42.87825462,-87.96410351,0,0
318,"3715 WESTON AVE,WESTON,WI,54476",1,0,0,73,44.88798893,-89.52370373,0,0
319,"3721 WEST FOLSOM STREET,EAU CLAIRE,WI,54703",1,0,0,35,44.82875662,-91.56207959,0,0
320,"3783 S 108TH ST,GREENFIELD,WI,53228",1,0,0,79,42.97570559,-88.04762795,0,0
321,"3814 S HOWELL AVE,MILWAUKEE,WI,53207",1,0,0,79,42.9750534,-87.9088926,0,0
322,"3816 40TH STREET,KENOSHA,WI,53144",1,0,0,59,42.6012771,-87.8545581,0,0
323,"3930 8TH ST S # 202,WISCONSIN RAPIDS,WI,54494",1,0,0,141,44.33899684,-89.7377757,0,0
324,"3967 S HOWELL AVE,MILWAUKEE,WI,53207",1,0,0,79,42.9722122,-87.9098853,0,0
325,"4008 ENTERPRISE DR,SHEBOYGAN,WI,53083",1,0,0,117,43.81764931,-87.76599661,0,0
326,"401 W. MICHIGAN ST. #302,MILWAUKEE,WI,53203",1,0,0,79,43.03731204,-87.91601919,0,0
327,"402 9TH ST,NEENAH,WI,54956",1,0,0,139,44.1922923,-88.4446669,0,0
328,"403 WOLF RIVER DR,FREMONT,WI,54940",1,0,0,135,44.2617066,-88.8680763,0,0
329,"404 S. KOELLER STREET,OSHKOSH,WI,54902",1,0,0,139,44.0148889,-88.5811848,0,0
330,"404 WISCONSIN AVE,AMERY,WI,54001",0,0,1,95,45.31542567,-92.36202858,0,0
331,"4068 N LAKE DRIVE,SHOREWOOD,WI,53211",0,0,1,79,43.08237328,-87.88195496,0,0
332,"4090 MONROE RD,DEPERE,WI,54115",0,0,1,9,44.42642113,-88.02356643,0,0
333,"410 HAWTHORNE AVE,SOUTH MILWAUKEE,WI,53172",0,0,1,79,42.91258564,-87.85008707,0,0
334,"410 WOODWARD DR,MADISON,WI,53704",1,0,0,25,43.12966173,-89.39249148,0,0
335,"4132 80TH ST,FRANKSVILLE,WI,53126",0,0,1,101,42.76652133,-88.01762567,0,0
336,"4140 TRILLIUM LN.,MOUNT PLEASANT,WI,53403",1,0,0,101,42.68836359,-87.81536004,0,0
337,"4144 HARBOR TOWN LANE,MANITOWOC,WI,54220",1,0,0,71,44.0766322,-87.7022357,0,0
338,"4155 N NEWHALL ST,SHOREWOOD,WI,53211",1,0,0,79,43.0925378,-87.8902737,0,0
339,"418 23RD AVE E,SUPERIOR,WI,54880",1,0,0,31,46.70424859,-92.04803535,0,0
340,"420 WEST ST JOSEPH ST STE 5,GREEN BAY,WI,54301",1,0,0,9,44.48189514,-88.02065244,0,0
341,"422 2ND STREET,HUDSON,WI,54016",1,0,0,109,44.9744253,-92.7567265,0,0
342,"4225 N. RAPIDS RD,MANITOWOC,WI,54220",1,0,0,71,44.1488198,-87.70854932,0,0
343,"4293 SCHNEIDER DR.,OREGON,WI,53575",1,0,0,25,42.92772554,-89.39947721,0,0
344,"431 E. CLAIREMONT AVENUE,EAU CLAIRE,WI,54701",1,0,1,35,44.79280134,-91.4937209,0,0
345,"4319 S LOWES CREEK RD,EAU CLAIRE,WI,54701",1,0,0,35,44.77091197,-91.48338022,0,0
346,"4320 60TH ST,KENOSHA,WI,53144",1,0,0,59,42.5813771,-87.8614169,0,0
347,"433 W JOHNSON STREEET,MADISON,WI,53703",1,0,0,25,43.07982898,-89.37705244,0,0
348,"435 ORBITING DR STE A,MOSINEE,WI,54455",1,0,0,73,44.7841339,-89.6840604,0,0
349,"435 WELLS STREET,DELAFIELD,WI,53018",1,0,0,133,43.0470881,-88.39193469,0,0
350,"4378 S. 110TH ST.,GREENFIELD,WI,53228",1,0,0,79,42.96688498,-88.04335134,0,0
351,"4391 COUNTY RD H,LAONA,WI,54541",1,0,0,41,45.55469389,-88.6434047,0,0
352,"4423 GOLF TER STE 4,EAU CLAIRE,WI,54701",1,0,0,35,44.74445168,-91.51082219,0,0
353,"4425 N PORT WASHINGTON STE 103,MILWAUKEE,WI,53212",1,0,0,79,43.09983646,-87.91705153,0,0
354,"4533 AZTEC TRAIL,FITCHBURG,WI,53711",1,0,0,25,43.02778851,-89.45349861,0,0
355,"455 E PLEASANT ST,MILWAUKEE,WI,53202",0,0,1,79,43.0509936,-87.90679737,0,0
356,"460 CRESCENT ST,MENOMONIE,WI,54751",1,0,0,33,44.87642322,-91.92545625,0,0
357,"4602 EAST WASHINGTON AVE,MADISON,WI,53704",1,0,0,25,43.1289796,-89.30702091,0,0
358,"464 S. HICKORY ST., SUITE A,FOND DU LAC,WI,54935",1,0,0,39,43.76772577,-88.462007,0,0
359,"4667 RIVER RD,OCONOMOWOC,WI,53066",0,0,1,133,43.11313657,-88.48992689,0,0
360,"4684 143RD ST,CHIPPEWA FALLS,WI,54729",1,0,0,17,44.94405638,-91.39493319,0,0
361,"4707 WASHINGTON RD,KENOSHA,WI,53144",0,1,1,59,42.6028078,-87.8666893,0,0
362,"4710 COMMERCE VALLEY RD,EAU CLAIRE,WI,54701",2,0,0,35,44.76978041,-91.45633231,0,0
363,"4718 LEO DRIVE,MADISON,WI,53716",1,0,0,25,43.06450124,-89.31400585,0,0
364,"4725 PLANK RD,MANITOWOC,WI,54220",2,0,0,71,44.1256202,-87.7099982,0,0
365,"4815 S 10TH ST,MANITOWOC,WI,54220",1,0,0,71,44.0405279,-87.6697484,0,0
366,"4818 W WELLS ST,MILWAUKEE,WI,53208",1,0,0,79,43.04664206,-87.96564837,0,0
367,"482 TRACEY LN UNIT A,HUDSON,WI,54016",1,0,0,109,44.97891547,-92.69326844,0,0
368,"4825 SPLINT RD,MADISON,WI,53718",1,0,0,25,43.02768334,-89.28304874,0,0
369,"4850 N. OVERLAND RD.,HOBART,WI,54155",1,0,0,9,44.57284897,-88.16986162,0,0
370,"4856 N ARDMORE,MILWAUKEE,WI,53217",1,0,0,79,43.15583201,-87.91267037,0,0
371,"489 COMMERCE DRIVE,MADISON,WI,53719",1,0,0,25,43.055705,-89.52281745,0,0
372,"49 COUNTY RD E,HOULTON,WI,54082",1,0,0,109,45.07197927,-92.75132665,0,0
373,"4907 N. ELKHART AVE,WHITEFISH BAY,WI,53217",1,0,0,79,43.10589684,-87.90105369,0,0
374,"491 RUSHMORE LN,MADISON,WI,53711",1,0,0,25,43.0565345,-89.46505386,0,0
375,"4915 MONONA DR STE 201,MADISON,WI,53716",1,0,0,25,43.06678656,-89.32621371,0,0
376,"4925 MONONA DR,MONONA,WI,53716",1,0,0,25,43.06667228,-89.32621508,0,0
377,"500 APACHE DR.,JANESVILLE,WI,53545",1,0,0,105,42.68162849,-88.99207224,0,0
378,"5001 CONEY WESTON PLACE,MADISON,WI,53711",1,0,0,25,43.04874712,-89.46401787,0,0
379,"501 E LAKE ST,HORICON,WI,53032",1,0,0,27,43.45041817,-88.62613138,0,0
380,"501 FREEMAN ST,GENOA CITY,WI,53128",1,0,0,127,42.5019944,-88.3302073,0,0
381,"501 MCMILLEN ST,FORT ATKINSON,WI,53538",1,0,0,55,42.92089163,-88.86446995,0,0
382,"5017 GREEN BAY RD STE 136,KENOSHA,WI,53144",1,0,0,59,42.5905807,-87.8815059,0,0
383,"502 RIVER PLACE,MONONA,WI,53716",1,0,0,25,43.06450124,-89.31400585,0,0
384,"5021 WASHINGTON ROAD,KENOSHA,WI,53144",1,1,1,59,42.6028785,-87.8697279,0,0
385,"507 MAIN ST,EAU CLAIRE,WI,54701",1,0,0,35,44.81107822,-91.49649145,0,0
386,"515 E MILL ST,PLYMOUTH,WI,53073",1,0,0,117,43.75211261,-87.98879195,0,0
387,"52 S MARR ST,FOND DU LAC,WI,54935",0,0,1,39,43.77689013,-88.44462519,0,0
388,"520 BILLINGS AVE,PRAIRIE DU SAC,WI,53578",1,0,0,111,43.32208819,-89.77611834,0,0
389,"520 BILLINGS AVENUE,PRAIRIE DU SAC,WI,53578",1,0,0,111,43.32208819,-89.77611834,0,0
390,"5203 S 68TH ST APT A104,GREENDALE,WI,53129",1,0,0,79,42.93800742,-88.00004343,0,0
391,"5250 S. 108TH ST.,HALES CORNERS,WI,53130",1,0,0,79,42.94107557,-88.04895951,0,0
392,"5337 GRANDE MARKET DR.,APPLETON,WI,54913",0,0,1,87,44.2635523,-88.4878702,0,0
393,"534 CRESCENT CT.,WAUWATOSA,WI,53213",1,0,0,79,43.03620528,-87.99766954,0,0
394,"534 N. SUGAR MAPLE LANE,VERONA,WI,53593",1,0,0,25,42.98451977,-89.57812449,0,0
395,"5341 QUAAS DR,WEST BEND,WI,53095",1,0,0,131,43.38851073,-88.15629544,0,0
396,"536 N. RICHMOND ST.,APPLETON,WI,54911",1,0,0,87,44.2668834,-88.4153451,0,0
397,"5370 HUNT CLUB RD,RACINE,WI,53402",0,0,1,101,42.79151788,-87.77364397,0,0
398,"5395 W MICHAEL'S DR,APPLETON,WI,54913",2,0,0,87,44.2670525,-88.4881974,0,0
399,"5395 W MICHAELS DR,APPLETON,WI,54913",0,0,1,87,44.2670525,-88.4881974,0,0
400,"5395 W. MICHAELS DRIVE,APPLETON,WI,54913",1,0,0,87,44.2670525,-88.4881974,0,0
401,"5401 CADDIS BEND,FITCHBURG,WI,53711",1,0,0,25,43.0150436,-89.4092193,0,0
402,"5402 MINERAL POINT RD STE 1,MADISON,WI,53705",1,0,0,25,43.1180536,-89.49439991,0,0
403,"541 E ERIE STREET,MILWAUKEE,WI,53202",1,0,0,79,43.02788668,-87.9033909,0,0
404,"542 S MIDVALE BLVD,MADISON,WI,53711",1,0,0,25,43.0539746,-89.45159738,0,0
405,"5440 SPRING ST,RACINE,WI,53406",1,0,0,101,42.72989521,-87.86490477,0,0
406,"548 HILLTOP DR,GREEN BAY,WI,54301",1,0,0,9,44.48189514,-88.02065244,0,0
407,"5541 HWY 10 EAST,STEVENS POINT,WI,54482",1,0,0,97,44.55630742,-89.51820306,0,0
408,"555 S 108TH ST,WEST ALLIS,WI,53214",2,0,0,79,43.02494133,-88.04722346,0,0
409,"5602 BLACK ONYX DR.,MADISON,WI,53718",1,0,0,25,43.09841886,-89.2733556,0,0
410,"5645 S 108TH ST,HALES CORNERS,WI,53130",1,0,0,79,42.94107557,-88.04895951,0,0
411,"5649 W UPHAM AVE,GREENFIELD,WI,53220",1,0,0,79,42.94977394,-87.98653591,0,0
412,"5707 75TH ST,KENOSHA,WI,53142",1,0,0,59,42.5661588,-87.8769997,0,0
413,"5718 S FOREST PARK DR,HALES CORNERS,WI,53130",1,0,0,79,42.94107557,-88.04895951,0,0
414,"5729 EVARIT DRIVE,MT PLEASANT,WI,53406",1,0,0,101,42.72989521,-87.86490477,0,0
415,"5761 NORTH SHORE DRIVE,WHITEFISH BAY,WI,53217",1,0,0,79,43.15583201,-87.91267037,0,0
416,"5801 RESEARCH PARK BLVD # 110,MADISON,WI,53719",0,0,2,25,43.05564392,-89.47726714,0,0
417,"5801 RESEARCH PARK BLVD STE 110,MADISON,WI,53719",0,0,2,25,43.05564392,-89.47726714,0,0
418,"5801 RESEARCH PARK BLVD,MADISON,WI,53719",0,0,1,25,43.05564392,-89.47726714,0,0
419,"581 TIMBER CREEK CIRCLE,BLACK RIVER FALLS,WI,54615",1,0,0,53,44.26089926,-90.78611023,0,0
420,"585 ADELMANN CT,BROOKFIELD,WI,53045",1,0,0,133,43.025248,-88.1296439,0,0
421,"5856 PARK HILL CIR,FITCHBURG,WI,53711",1,0,0,25,43.00889433,-89.44977182,0,0
422,"5902 RAYMOND RD,MADISON,WI,53711",1,0,0,25,43.08676938,-89.30408166,0,0
423,"5919 W. WISCONSIN AVE.,WAUWATOSA,WI,53213",1,0,0,79,43.03869461,-87.98630663,0,0
424,"6 HODGSON CT,MADISON,WI,53717",1,0,0,25,43.08158004,-89.49275743,0,0
425,"600 HIGHLAND AVENUE,FORT ATKINSON,WI,53538",1,0,0,55,42.92089163,-88.86446995,0,0
426,"600 S. MONROE ST.,NEW LISBON,WI,53950",1,0,0,57,43.87384146,-90.1654645,0,0
427,"601 E ERIE ST,MILWAUKEE,WI,53202",1,0,0,25,43.0419429,-89.51771874,0,0
428,"601 MC HUGH RD,HOLMEN,WI,54636",1,0,0,63,43.9705457,-91.2664549,0,0
429,"602 OVERLOOK CT,HUDSON,WI,54016",0,0,1,109,44.99822591,-92.74241188,0,0
430,"605 24TH AVE S 10,WAUSAU,WI,54401",1,0,0,73,44.9564608,-89.6642808,0,0
431,"6051 W BROWN DEER RD,BROWN DEER,WI,53223",1,0,0,79,43.17755665,-87.98504401,0,0
432,"6051 W BROWN DEER RD,MILWAUKEE,WI,53223",1,0,0,79,43.17755665,-87.98504401,0,0
433,"608 FERN ST,WAUPUN,WI,53963",1,0,0,39,43.6387549,-88.74558945,0,0
434,"609 GROVE ST.,WAUKESHA,WI,53186",0,0,1,133,43.02332526,-88.20316173,0,0
435,"610 ROBIN DR,SUN PRAIRIE,WI,53590",1,0,0,25,43.20079204,-89.20594287,0,0
436,"6104 KILPATRICK LANE,MADISON,WI,53718",1,0,0,25,43.08548323,-89.27434474,0,0
437,"613 BERGAMONT BLVD.,OREGON,WI,53575",1,0,0,25,42.91530057,-89.4108173,0,0
438,"617 ETHAN ALLEN DR,HOWARDS GROVE,WI,53083",1,0,0,117,43.81764931,-87.76599661,0,0
439,"617 JACKSON ST,WAUSAU,WI,54403",1,0,0,73,44.9575197,-89.6225885,0,0
440,"621 N. WASHINGTON,SPRING GREEN,WI,53588",1,0,0,111,43.19258752,-90.07963403,0,0
441,"621 SOUTH PARK ST,MADISON,WI,53715",1,0,0,25,43.06067506,-89.4006586,0,0
442,"6213 MIDDLETON SPRINGS DR,MIDDLETON,WI,53562",1,0,0,25,43.10273519,-89.48847864,0,0
443,"626 E STATE ST APT 1904,MILWAUKEE,WI,53202",1,0,0,79,43.04388977,-87.903736,0,0
444,"626 EAST STATE ST APT 1505,MILWAUKEE,WI,53202",1,0,0,79,43.04388977,-87.903736,0,0
445,"6270 OAK RD,FENNIMORE,WI,53809",1,0,0,43,42.99376574,-90.63364103,0,0
446,"630 ONDOSSAGON WAY,MADISON,WI,53719",1,0,0,25,43.04946219,-89.51452754,0,0
447,"6314 MACHMUELLER ST,SCHOFIELD,WI,54476",1,0,0,73,44.8988306,-89.6075669,0,0
448,"6316 W FOREST HOME AVE,MILWAUKEE,WI,53220",1,0,0,79,42.9747405,-87.9920983,0,0
449,"633 W WILSON ST #205,MADISON,WI,53703",1,0,0,25,43.06594007,-89.39050328,0,0
450,"633 WEST WILSON STREET,MADISON,WI,53703",1,0,0,25,43.06594007,-89.39050328,0,0
451,"6330 W GREENFIELD AVE,WEST ALLIS,WI,53214",1,0,0,79,43.01682329,-87.99137885,0,0
452,"636 ALBION RD,EDGERTON,WI,53534",1,0,0,25,42.88272776,-89.07039564,0,0
453,"6401 TOWER AVE,SUPERIOR,WI,54880",1,0,0,31,46.66188691,-92.10484812,0,0
454,"6460 N. ELM TREE RD.,GLENDALE,WI,53217",1,0,0,79,43.13450394,-87.91710352,0,0
455,"6501 HWY KP,MAZOMANIE,WI,53560",1,0,0,25,43.19325161,-89.75668562,0,0
456,"6502 OAKWOOD PL,MIDDLETON,WI,53562",1,0,0,25,43.09558734,-89.49193323,0,0
457,"6520 W LAYTON AVE,GREENFIELD,WI,53220",1,0,0,79,42.9594313,-87.9944112,0,0
458,"6627 MCKEE RD,MADISON,WI,53719",1,0,0,25,43.01569936,-89.49727607,0,0
459,"6660 UNIVERSITY AVE,MIDDLETON,WI,53562",1,0,0,25,43.09740704,-89.49659344,0,0
460,"6712 TOWER AVE APT #302,SUPERIOR,WI,54880",1,0,0,31,46.65809075,-92.10427118,0,0
461,"6747 52 AV,KENOSHA,WI,53142",0,0,1,59,42.54269925,-87.94241977,0,0
462,"6795 STARLIGHT CT.,SUN PRAIRIE,WI,53590",1,0,0,25,43.20079204,-89.20594287,0,0
463,"6813 CROCUS CT APT 4,GREENDALE,WI,53129",1,0,0,79,42.93934235,-87.99852321,0,0
464,"6910 S. HARVARD DR.,FRANKLIN,WI,53132",1,0,0,79,42.92084054,-87.98460878,0,0
465,"6942 LINDNER DRIVE,FRANKLIN,WI,53132",0,1,0,79,42.91205529,-88.00130221,0,0
466,"7001 TREE LN,MADISON,WI,53717",1,0,0,25,43.06385598,-89.50713855,0,0
467,"7040 N PORT WASHINGTON RD,MILWAUKEE,WI,53217",1,0,0,79,43.14500952,-87.91310937,0,0
468,"710 KATIE COURT,CAMBRIDGE,WI,53523",1,0,0,25,42.98437403,-89.031959,0,0
469,"7111 S 76TH STREET,FRANKLIN,WI,53132",1,0,0,79,42.91582223,-88.00926773,0,0
470,"713 W. MORELAND BLVD.,WAUKESHA,WI,53188",1,0,0,133,43.024533,-88.2371992,0,0
471,"715 E SHERMAN AVE,FORT ATKINSON,WI,53538",1,0,0,55,42.92089163,-88.86446995,0,0
472,"7206 27TH AVE,KENOSHA,WI,53143",1,0,0,59,42.5683535,-87.8417138,0,0
473,"725 N PLANKINTON AVE APT 631,MILWAUKEE,WI,53203",1,0,0,79,43.03900854,-87.91161837,0,0
474,"7255 S 76TH ST,FRANKLIN,WI,53132",1,0,0,79,42.91169902,-88.00940123,0,0
475,"731 MAPLE DR,ST CROIX FALLS,WI,54024",1,0,0,95,45.49738874,-92.64643275,0,0
476,"735 NORTH WATER STREET,MILWAUKEE,WI,53202",1,0,0,79,43.03943426,-87.90928944,0,0
477,"7401 LATIGO CIR,FRANKSVILLE,WI,53126",1,0,0,101,42.76580699,-87.87460156,0,0
478,"745 GATEHOUSE LANE UNIT 3,BROOKFIELD,WI,53005",1,0,0,133,43.0394766,-88.1185691,0,0
479,"751 TERRA COTTA DR,NEENAH,WI,54956",1,0,0,139,44.1752961,-88.5147975,0,0
480,"7536 39TH AVE,KENOSHA,WI,53142",0,0,1,59,42.5651534,-87.855372,0,0
481,"7617 MINERAL POINT RD STE 120,MADISON,WI,53717",1,0,0,25,42.93321754,-89.38826823,0,0
482,"7665 US HWY 2,IRON RIVER,WI,54847",1,0,0,7,46.58716305,-91.40234696,0,0
483,"7706 W WATERFORD AVE,MILWAUKEE,WI,53220",1,0,0,79,42.9711426,-88.010305,0,0
484,"7725 N PORT WASHINGTON RD,MILWAUKEE,WI,53217",1,0,0,79,43.15749043,-87.91253885,0,0
485,"777 N VAN BUREN ST APT #1606,MILWAUKEE,WI,53202",0,0,1,79,43.0411009,-87.9033254,0,0
486,"777 N VAN BUREN STREET,MILWAUKEE,WI,53202",1,0,0,79,43.0411009,-87.9033254,0,0
487,"7845 LAKE CUNARD CAMPGROUND RD,LAKE TOMAHAWK,WI,54539",0,0,1,85,45.8054191,-89.56778235,0,0
488,"7851 COOPER RD,KENOSHA,WI,53142",1,0,0,59,42.56125154,-87.86930721,0,0
489,"7924 OAK VIEW DRIVE,MADISON,WI,53719",1,0,0,25,43.02306815,-89.52278224,0,0
490,"7928A N 64TH CT.,MILWAUKEE,WI,53223",1,0,0,79,43.16257641,-87.989255,0,0
491,"7940 W LAYTON AVE,GREENFIELD,WI,53220",1,0,0,79,42.95933326,-88.01397899,0,0
492,"7969 WEST HILL CIRCLE,VERONA,WI,53593",1,0,0,25,42.98451977,-89.57812449,0,0
493,"800 COMMONS CIRCLE,PLOVER,WI,54467",1,0,0,97,44.41622115,-89.54173364,0,0
494,"8025 EXCELSIOR DRIVE,MADISON,WI,53717",1,0,0,25,42.99380967,-89.56214044,0,0
495,"804 LYNN STREET,WAUNAKEE,WI,53597",1,0,0,25,43.18256686,-89.45693336,0,0
496,"8040 SCENIC VIEW DRIVE,WIND LAKE,WI,53185",1,0,0,101,42.79491417,-88.19529628,0,0
497,"807 E WELLS,PRAIRIE DU CHIEN,WI,53821",2,0,0,23,43.05198309,-91.05836734,0,0
498,"809 WEST DIVISION STREET,WATERTOWN,WI,53094",1,0,0,55,43.1974727,-88.7382597,0,0
499,"820 BRUNER ST.,RHINELANDER,WI,54501",1,0,0,85,45.6300784,-89.4174073,0,0
500,"820 E SUMMIT AVE,OCONOMOWOC,WI,53066",3,0,0,133,43.11313657,-88.48992689,0,0
501,"820 N SUPERIOR AVE,TOMAH,WI,54660",1,0,0,81,43.99748045,-90.50480661,0,0
502,"822 S HASTINGS WAY,EAU CLAIRE,WI,54701",1,0,0,35,44.80890066,-91.4718758,0,0
503,"824 E MURDOCK AVENUE,OSHKOSH,WI,54901",2,0,0,139,44.0396333,-88.52677,0,0
504,"8243 JACKSON ST,PITTSVILLE,WI,54466",0,1,0,141,44.4423377,-90.1275609,0,0
505,"8249 W ELIZABETH CT,MEQUON,WI,53097",1,0,0,89,43.21838621,-88.01212491,0,0
506,"825 GLADE CT  APT #12,,MOSINEE,WI,54455",1,0,0,73,44.76574019,-89.68459009,0,0
507,"826 ATLAS AVE,MADISON,WI,53714",1,0,0,25,43.08474937,-89.30784307,0,0
508,"8313 GREENWAY BLVD STE 150,MIDDLETON,WI,53562",1,0,0,25,42.99986614,-89.40762294,0,0
509,"833 DORBE ST,EAU CLAIRE,WI,54701",1,0,0,35,44.77940836,-91.50942887,0,0
510,"8333 GREENWAY BLVD,MIDDLETON,WI,53562",0,0,1,25,43.09009118,-89.52770729,0,0
511,"840 LIEBMAN CT #8,GREEN BAY,WI,54302",1,0,0,9,44.50761247,-87.97619463,0,0
512,"8405 W FOREST HOME AVE,GREENFIELD,WI,53228",0,0,1,79,42.95795229,-88.01822184,0,0
513,"8430 W. FOREST HOME AVE,GREENFIELD,WI,53228",1,0,0,79,42.95783122,-88.01868479,0,0
514,"8430 W. FOREST HOME AVE.,MILWAUKEE,WI,53228",1,0,0,79,42.95783122,-88.01868479,0,0
515,"8458 RIVER TERRACE DRIVE,FRANKLIN,WI,53132",1,0,0,79,42.89065069,-87.99697035,0,0
516,"851 PARK DR SUITE 101,LAKE GENEVA,WI,53147",1,0,0,127,42.57073,-88.45166502,0,0
517,"8551 VENTANA DR.,RACINE,WI,53154",1,0,0,79,42.88954249,-87.92151658,0,0
518,"858 JUPITER DRIVE,MADISON,WI,53718",1,0,0,25,43.0854506,-89.28048691,0,0
519,"8637 W ARTHUR PL,WEST ALLIS,WI,53227",1,0,0,79,43.00001906,-88.02058072,0,0
520,"865 FOX CREEK CT,ELM GROVE,WI,53122",1,0,0,133,43.04810747,-88.08677988,0,0
521,"8672 WESTLAKE DR,GREENDALE ,WI,53129",1,0,0,79,42.94660926,-88.02215869,0,0
522,"870 EDEN COURT,MENASHA,WI,54952",1,0,0,15,44.2120192,-88.3673421,0,0
523,"8714 245TH AVE,SALEM,WI,53168",0,0,1,59,42.5496423,-88.1052669,0,0
524,"8716 S WOOD CREEK DR,OAK CREEK,WI,53154",1,0,0,79,42.87980379,-87.89815338,0,0
525,"8736 W NORTH AVE,MILWAUKEE,WI,53226",1,0,0,79,43.04943056,-88.04220926,0,0
526,"8819 164TH STREET,CHIPPEWA FALLS,WI,54729",1,0,0,17,44.94405638,-91.39493319,0,0
527,"888 THACKERAY TRAIL,OCONOMOWOC,WI,53066",1,0,0,133,43.097093,-88.4827893,0,0
528,"8900 W LINCOLN AVE,WEST ALLIS,WI,53227",1,0,0,79,43.00280196,-88.02349208,0,0
529,"8922 29TH CT,KENOSHA,WI,53143",1,0,0,59,42.5434838,-87.8439126,0,0
530,"900 6TH ST N STE 200,HUDSON,WI,54016",1,0,0,109,45.006261,-92.7522132,0,0
531,"9000 GREENACRE CT,GREENDALE,WI,53129",1,0,0,79,42.93553747,-88.0255148,0,0
532,"901 W ASSOCIATION DR,APPLETON,WI,54914",2,0,0,87,44.296668,-88.4190185,0,0
533,"902 SPRING ST,WAUSAU,WI,54403",1,0,0,73,45.0314023,-89.5137837,0,0
534,"9020 76TH ST SUITE B,PLEASANT PRAIRIE,WI,53158",1,0,0,59,42.52433961,-87.88550945,0,0
535,"9021A PARKSHORE DR.,MINOCQUA,WI,54548",1,0,0,85,45.89553125,-89.80464292,0,0
536,"910 OCONOMOWOC PARKWAY,OCONOMOWOC,WI,53066",1,0,0,133,43.0825126,-88.482159,0,0
537,"9117 SETTLERS RD,MADISON,WI,53717",1,0,0,25,43.08011515,-89.54734623,0,0
538,"912 16TH AVE,MONROE,WI,53566",1,0,0,45,42.6024257,-89.6397035,0,0
539,"918 E. PARK AVE PLAZA,BELOIT,WI,53511",1,0,0,105,42.54559368,-89.09499799,0,0
540,"920 E 5TH ST,SHAWANO,WI,54166",1,0,0,115,44.78292593,-88.59461856,0,0
541,"9233 BEVERLY PLACE,WAUWATOSA,WI,53226",0,0,1,79,43.06134473,-88.02782803,0,0
542,"924 GENEVA NATIONAL AVE N,LAKE GENEVA,WI,53147",1,0,0,127,42.57073,-88.45166502,0,0
543,"929 LEXINGTON WAY,WAUNAKEE,WI,53597",1,0,0,25,43.20216345,-89.44492906,0,0
544,"933 E MEADOW CIR,EDGERTON,WI,53534",1,0,0,25,42.84999058,-89.08749972,0,0
545,"940 KATIE LN,OREGON,WI,53575",1,0,0,25,42.90834803,-89.37834476,0,0
546,"960 N. WASHINGTON ST.,PLATTEVILLE,WI,53818",1,0,0,43,42.74359138,-90.48572065,0,0
547,"9719 SANDHILL RD,MIDDLETON,WI,53562",1,0,0,25,43.08124259,-89.55526524,0,0
548,"9725 W SAINT MARTINS RD,FRANKLIN,WI,53132",1,0,0,79,42.88721976,-88.03628919,0,0
549,"9809 39TH AVE,PLEASANT PRAIRIE,WI,53158",1,0,0,59,42.52433961,-87.88550945,0,0
550,"983A STATE ROAD 21,FRIENDSHIP,WI,53934",1,0,0,1,43.98192657,-89.81916077,0,0
551,"999 WAMBOLD DR,MOSINEEE,WI,54455",1,0,0,73,44.6893935,-89.66327985,0,0
552,"ABBOTSFORD,WI,54405",2,0,0,73,44.96138796,-90.28743285,0,0
553,"ABRAMS,WI,54101",2,0,0,83,44.7895918,-88.06278209,0,0
554,"ADAMS,WI,53910",1,0,0,1,43.89014834,-89.80451217,0,0
555,"ADELL,WI,53001",1,0,0,117,43.60612849,-88.05510441,0,0
556,"ALGOMA,WI,54201",2,0,0,61,44.62103722,-87.49145679,0,0
557,"ALLENTON,WI,53002",1,0,0,131,43.47009134,-88.35697048,0,0
558,"ALMA,WI,54610",1,0,0,11,44.37168772,-91.83450684,0,0
559,"ALTOONA,WI,54720",1,0,1,35,44.80392986,-91.43563582,0,0
560,"AMERY,WI,54001",4,0,0,95,45.33475644,-92.38720441,0,0
561,"ANTIGO,WI,54409",4,0,0,67,45.11912844,-89.16990981,0,0
562,"APPLETON,WI,54911",14,0,1,87,44.28168488,-88.38183919,0,0
563,"APPLETON,WI,54912",1,0,0,87,44.266623,-88.434674,0,0
564,"APPLETON,WI,54913",24,0,4,87,44.34148484,-88.39992982,0,0
565,"APPLETON,WI,54914",11,0,2,87,44.2638704,-88.47529578,0,0
566,"APPLETON,WI,54915",18,0,1,15,44.24246103,-88.35644783,0,0
567,"ARBOR VITAE,WI,54568",1,0,0,125,45.94656867,-89.67519222,0,0
568,"ASHLAND,WI,54806",3,0,1,3,46.55433239,-90.86127762,0,0
569,"BALDWIN,WI,54002",0,1,0,109,44.96251133,-92.37134578,0,0
570,"BARABOO,WI,53913",5,0,2,111,43.49636272,-89.72978593,0,0
571,"BAYSIDE,WI,53217",2,0,0,79,43.15583201,-87.91267037,0,0
572,"BEAVER DAM,WI,53916",4,0,0,27,43.455746,-88.85963814,0,0
573,"BELOIT,WI,53511",4,0,0,105,42.54559368,-89.09499799,0,0
574,"BERLIN,WI,54923",4,0,0,137,43.99779884,-88.96727558,0,0
575,"BIG BEND,WI,53103",2,0,0,133,42.88167745,-88.21369578,0,0
576,"BIRNAMWOOD,WI,54414",1,0,0,115,44.95706003,-89.17890237,0,0
577,"BLACK CREEK,WI,54106",1,0,0,87,44.48471155,-88.45862329,0,0
578,"BLACK RIVER FALLS,WI,54615",4,0,0,53,44.26089926,-90.78611023,0,0
579,"BLOOMER,WI,54724",1,0,0,17,45.10642069,-91.4878659,0,0
580,"BOSCOBEL,WI,53805",1,0,0,43,43.14473803,-90.68722998,0,0
581,"BOULDER JUNCTION,WI,54512",1,0,0,125,46.09542895,-89.67098457,0,0
582,"BOX 164, 403 FREMONT ST,KIEL,WI,53042",1,0,0,71,43.9122249,-88.034557,0,0
583,"BOX 395,CUMBERLAND,WI,54829",1,0,0,5,45.55906637,-92.0523018,0,0
584,"BRISTOL,WI,53104",1,0,1,59,42.55730684,-88.03511569,0,0
585,"BRODHEAD,WI,53520",2,0,0,105,42.59969336,-89.35854161,0,0
586,"BROOKFIELD,WI,53005",32,0,8,133,43.0625637,-88.09925726,0,0
587,"BROOKFIELD,WI,53045",32,0,1,133,43.06084976,-88.15149174,0,0
588,"BROOKLYN,WI,53521",1,0,0,45,42.84112467,-89.40270846,0,0
589,"BROWN DEER,WI,53223",2,0,0,79,43.16339624,-87.99049655,0,0
590,"BURLINGTON,WI,53105",5,0,0,101,42.66410938,-88.27984668,0,0
591,"CALEDONIA,WI,53108",1,0,0,101,42.81986698,-87.94641955,0,0
592,"CAMBRIDGE,WI,53523",0,0,1,25,42.98437403,-89.031959,0,0
593,"CAMERON,WI,54822",1,0,0,5,45.39374368,-91.69649118,0,0
594,"CAMPBELLSPORT,WI,53010",2,0,0,39,43.60883298,-88.27785889,0,0
595,"CASCO,WI,54205",1,0,0,61,44.60088492,-87.62521675,0,0
596,"CEDARBURG,WI,53012",12,0,2,89,43.31476074,-88.03771215,0,0
597,"CHILTON,WI,53014",4,0,0,15,44.02432458,-88.17504213,0,0
598,"CHIPPEWA FALLS,WI,54729",8,0,0,17,44.94405638,-91.39493319,0,0
599,"CLEVELAND,WI,53015",0,1,0,71,43.90802866,-87.78657489,0,0
600,"CLINTON,WI,53525",2,0,0,105,42.5479896,-88.85536258,0,0
601,"CLINTONVILLE,WI,54929",3,0,0,135,44.63740441,-88.73882547,0,0
602,"COCHRANE,WI,54622",1,0,0,11,44.26716341,-91.77149921,0,0
603,"COLBY,WI,54421",1,0,0,73,44.89898807,-90.29503176,0,0
604,"COLEMAN,WI,54112",1,0,0,75,45.04581435,-88.04583575,0,0
605,"COLFAX,WI,54730",2,0,0,33,45.02006166,-91.72342734,0,0
606,"COLGATE,WI,53017",3,0,0,131,43.20381486,-88.25546565,0,0
607,"COLUMBUS,WI,53925",2,0,0,21,43.33474126,-89.05210576,0,0
608,"CONOVER,WI,54519",1,0,0,125,46.0498755,-89.26258578,0,0
609,"COTTAGE GROVE,WI,53527",3,0,0,25,43.06170247,-89.19264778,0,0
610,"CRIVITZ,WI,54114",1,0,0,75,45.25286013,-88.12939462,0,0
611,"CROSS PLAINS,WI,53528",3,0,0,25,43.1187087,-89.63877089,0,0
612,"CUBA CITY,WI,53807",1,0,0,43,42.61171672,-90.4701115,0,0
613,"CUDAHY,WI,53110",6,0,0,79,42.9469175,-87.86101008,0,0
614,"CUMBERLAND,WI,54829",1,0,0,5,45.55906637,-92.0523018,0,0
615,"DARLINGTON,WI,53530",0,0,1,65,42.69383585,-90.10587605,0,0
616,"DE FOREST,WI,53532",2,0,0,25,43.2464435,-89.32558232,0,0
617,"DE PERE,WI,54115",15,0,1,9,44.40463642,-88.0919826,0,0
618,"DEERBROOK,WI,54409",1,0,0,67,45.11912844,-89.16990981,0,0
619,"DEERBROOK,WI,54424",1,0,0,67,45.2877876,-89.18111544,0,0
620,"DEFOREST,WI,53532",1,0,0,25,43.2464435,-89.32558232,0,0
621,"DELAFIELD,WI,53018",5,0,0,133,43.0470881,-88.39193469,0,0
622,"DELAVAN,WI,53115",3,0,0,127,42.6554113,-88.67309261,0,0
623,"DENMARK,WI,54208",2,0,0,9,44.36406782,-87.79668268,0,0
624,"DEPERE,WI,54115",3,0,0,9,44.40463642,-88.0919826,0,0
625,"DODGEVILLE,WI,53533",1,0,0,49,42.99398211,-90.14675222,0,0
626,"DOUSMAN,WI,53118",5,0,0,133,42.97129988,-88.49086169,0,0
627,"DOWNTOWN FAMILY DENTAL OF BARABOO,BARABOO,WI,53913",2,0,0,111,43.49636272,-89.72978593,0,0
628,"EAGLE RIVER,WI,54521",6,0,0,125,45.93410072,-89.28506824,0,0
629,"EAGLE,WI,53119",1,0,0,133,42.88486804,-88.48552124,0,0
630,"EAST TROY,WI,53120",5,0,0,127,42.80060342,-88.41659246,0,0
631,"EAU CLAIRE,WI,54701",24,0,5,35,44.74445168,-91.51082219,0,0
632,"EAU CLAIRE,WI,54703",6,0,0,35,44.834552,-91.5159016,0,0
633,"ELCHO,WI,54428",1,0,0,67,45.43257024,-89.14738512,0,0
634,"ELKHORN,WI,53121",4,0,0,127,42.70883166,-88.52931897,0,0
635,"ELM GROVE,WI,53122",6,0,1,133,43.04810747,-88.08677988,0,0
636,"ELM GROVE,WI,53212",1,0,0,79,43.07464252,-87.90847167,0,0
637,"ELROY,WI,53929",1,0,0,57,43.75091997,-90.28435921,0,0
638,"EVANSVILLE,WI,53536",1,0,0,105,42.7619455,-89.26547358,0,0
639,"FAIRCHILD,WI,54741",1,0,0,35,44.61530071,-90.97798229,0,0
640,"FENNIMORE,WI,53809",2,0,0,43,42.99376574,-90.63364103,0,0
641,"FITCHBURG,WI,53711",3,0,0,25,43.0150436,-89.4092193,0,0
642,"FITCHBURG,WI,53713",1,0,0,25,43.03714438,-89.38563194,0,0
643,"FITCHBURG,WI,53719",2,0,0,25,43.02754971,-89.50150848,0,0
644,"FLORENCE,WI,54121",1,0,0,37,45.86476179,-88.31990439,0,0
645,"FOND DU LAC,WI,54935",12,1,3,39,43.77423722,-88.43523066,0,0
646,"FOND DU LAC,WI,54937",7,0,0,39,43.76133829,-88.4303238,0,0
647,"FONTANA,WI,53125",2,0,1,127,42.54786032,-88.56177618,0,0
648,"FORT ATKINSON,WI,53538",1,0,0,55,42.92089163,-88.86446995,0,0
649,"FOX LAKE,WI,53933",1,0,0,27,43.57371943,-88.8827001,0,0
650,"FOX POINT,WI,53217",5,1,3,79,43.15583201,-87.91267037,0,0
651,"FRANKLIN,WI,53132",13,0,3,79,42.88561435,-88.01084874,0,0
652,"FRANKSVILLE,WI,53126",1,0,0,101,42.78837405,-87.99668463,0,0
653,"FREDERIC,WI,54837",1,0,0,95,45.67310246,-92.35492424,0,0
654,"FREDONIA,WI,53021",2,0,0,89,43.49467993,-88.00162246,0,0
655,"FT. ATKINSON,WI,53538",1,0,0,55,42.92089163,-88.86446995,0,0
656,"GALESVILLE,WI,54630",2,0,0,121,44.10089036,-91.35794702,0,0
657,"GENESEE DEPOT,WI,53127",1,0,0,133,42.971014,-88.371705,0,0
658,"GERMANTOWN,WI,53022",10,0,2,131,43.23060925,-88.11353092,0,0
659,"GLENDALE,WI,53209",4,0,1,79,43.12840964,-87.94708872,0,0
660,"GLENDALE,WI,53217",12,0,2,79,43.15583201,-87.91267037,0,0
661,"GLENWOOD CITY,WI,54013",1,0,0,109,45.08089548,-92.23066042,0,0
662,"GRAFTON ,WI,53024",1,0,0,89,43.3321217,-87.9305574,0,0
663,"GRAFTON,WI,53024",8,0,2,89,43.3321217,-87.9305574,0,0
664,"GRAND CHUTE,WI,54913",1,0,0,87,44.34148484,-88.39992982,0,0
665,"GRAND MARSH,WI,53936",1,0,0,1,43.87434651,-89.70867913,0,0
666,"GREEN BAY,WI,54115",1,0,0,9,44.40463642,-88.0919826,0,0
667,"GREEN BAY,WI,54301",12,0,7,9,44.48189514,-88.02065244,0,0
668,"GREEN BAY,WI,54302",2,0,1,9,44.50761247,-87.97619463,0,0
669,"GREEN BAY,WI,54303",4,2,5,9,44.53883026,-88.05001677,0,0
670,"GREEN BAY,WI,54304",7,0,0,9,44.49402291,-88.06789587,0,0
671,"GREEN BAY,WI,54311",14,1,5,9,44.48319873,-87.89610829,0,0
672,"GREEN BAY,WI,54313",7,1,1,9,44.58591486,-88.11065802,0,0
673,"GREEN LAKE,WI,54941",1,0,0,47,43.84450398,-88.99314991,0,0
674,"GREENBAY,WI,54313",1,0,0,9,44.58591486,-88.11065802,0,0
675,"GREENDALE,WI,53129",3,0,1,79,42.93800742,-88.00004343,0,0
676,"GREENFIELD,WI,53220",2,0,2,79,42.96520435,-87.99136906,0,0
677,"GREENFIELD,WI,53221",3,0,0,79,42.95395803,-87.94371286,0,0
678,"GREENFIELD,WI,53228",5,0,0,79,42.96688498,-88.04335134,0,0
679,"GREENVILLE,WI,54942",1,1,1,87,44.29121405,-88.54784174,0,0
680,"GUNDERSEN CLINIC,LA CROSSE,WI,54601",1,0,0,63,43.804397,-91.14245708,0,0
681,"HALES CORNERS,WI,53130",10,0,2,79,42.94107557,-88.04895951,0,0
682,"HARTFORD,WI,53027",8,0,1,131,43.31635488,-88.37210691,0,0
683,"HARTLAND,WI,53029",9,0,1,133,43.14517957,-88.34694567,0,0
684,"HATLEY,WI,54440",1,0,0,73,44.8089303,-89.38628616,0,0
685,"HAYWARD,WI,54843",4,0,0,113,46.02609298,-91.29718016,0,0
686,"HILBERT,WI,54129",1,0,0,15,44.13196727,-88.20043365,0,0
687,"HOBART,WI,54155",1,0,0,87,44.52250827,-88.19815008,0,0
688,"HOLMEN,WI,54636",4,0,1,63,44.00755831,-91.22656594,0,0
689,"HORICON,WI,53032",3,0,0,27,43.45041817,-88.62613138,0,0
690,"HORTONVILLE,WI,54944",3,0,1,87,44.32501574,-88.62779648,0,0
691,"HOULTON,WI,54082",1,0,0,109,45.07197927,-92.75132665,0,0
692,"HOWARDS GROVE,WI,53083",2,0,0,117,43.81764931,-87.76599661,0,0
693,"HUBERTUS,WI,53033",1,0,0,131,43.23610572,-88.25569249,0,0
694,"HUDSON,WI,54016",11,0,1,109,44.97891547,-92.69326844,0,0
695,"HUSTISFORD,WI,53034",1,0,0,27,43.34065741,-88.60912746,0,0
696,"JACKSON,WI,53037",2,0,0,131,43.31226358,-88.16244251,0,0
697,"JANESVILLE,WI,53545",15,0,3,105,42.73547881,-89.04047574,0,0
698,"JANESVILLE,WI,53546",4,0,1,105,42.65274533,-88.94913843,0,0
699,"JANESVILLE,WI,53548",2,0,0,105,42.68520105,-89.1297075,0,0
700,"KAUKAUNA,WI,54130",6,0,0,87,44.31236949,-88.24223859,0,0
701,"KENOSHA,WI,53140",0,1,0,59,42.62179227,-87.82910975,0,0
702,"KENOSHA,WI,53142",13,0,1,59,42.54269925,-87.94241977,0,0
703,"KENOSHA,WI,53143",6,0,2,59,42.56090864,-87.82951561,0,0
704,"KENOSHA,WI,53144",6,0,3,59,42.61948233,-87.9231629,0,0
705,"KEWASKUM,WI,53040",3,0,0,131,43.52079742,-88.1907344,0,0
706,"KEWAUNEE,WI,54216",2,0,0,61,44.43883042,-87.57639359,0,0
707,"KIEL,WI,53042",1,0,0,71,43.95132437,-87.98166162,0,0
708,"KIMBERLY,WI,54136",2,0,0,87,44.26842577,-88.33881686,0,0
709,"KING,WI,54946",1,0,0,135,44.33660458,-89.14440001,0,0
710,"KOHLER,WI,53044",1,1,0,117,43.7423305,-87.78225095,0,0
711,"KRONENWETTER,WI,54455",3,0,0,73,44.76574019,-89.68459009,0,0
712,"LA CROSSE,WI,54601",13,0,3,63,43.804397,-91.14245708,0,0
713,"LA CROSSE,WI,54603",2,0,0,63,43.85701638,-91.2470307,0,0
714,"LA CROSSE,WI,54650",1,0,0,63,43.91062424,-91.22530821,0,0
715,"LA FARGE,WI,54639",1,0,0,123,43.60654736,-90.63969145,0,0
716,"LABADIE FAMILY DENTISTRY, S.C.,BURLINGTON,WI,53105",1,0,0,101,42.66410938,-88.27984668,0,0
717,"LAC DU FLAMBEAU,WI,54538",1,0,0,125,45.97047822,-89.90890882,0,0
718,"LACROSSE,WI,54601",3,0,0,63,43.804397,-91.14245708,0,0
719,"LAKE DELTON,WI,53940",1,0,0,111,43.59015913,-89.79332737,0,0
720,"LAKE GENEVA,WI,53147",9,0,1,127,42.57073,-88.45166502,0,0
721,"LAKE GENEVA,WI,53157",1,0,0,127,42.541376,-88.354927,0,0
722,"LAKE MILLS,WI,53551",4,0,0,55,43.08160084,-88.9161111,0,0
723,"LAKE NEBAGAMON,WI,54849",1,0,0,31,46.47650431,-91.72501083,0,0
724,"LANCASTER,WI,53813",2,0,0,43,42.84392948,-90.71961585,0,0
725,"LAND O LAKES,WI,54540",4,0,0,125,46.15613727,-89.38219636,0,0
726,"LARSEN,WI,54947",1,0,0,139,44.19996613,-88.68858347,0,0
727,"LAVALLE,WI,53941",1,0,0,111,43.57394321,-90.13769164,0,0
728,"LENA,WI,54139",1,0,0,83,44.95623349,-88.07502548,0,0
729,"LITTLE CHUTE,WI,54140",4,0,0,87,44.28656206,-88.31137623,0,0
730,"LITTLE SUAMICO,WI,54141",0,0,1,83,44.73228925,-87.99575236,0,0
731,"LODI,WI,53555",4,0,1,21,43.32154865,-89.55906937,0,0
732,"LOGANVILLE,WI,53943",1,0,0,111,43.39382018,-90.03059723,0,0
733,"LOMIRA,WI,53048",1,0,0,27,43.57945897,-88.45126714,0,0
734,"MADISON ORAL AND MAXILLOFACIAL SURGEONS,MADISON,WI,53719",0,0,1,25,43.02754971,-89.50150848,0,0
735,"MADISON,WI,53703",9,0,0,25,43.07982898,-89.37705244,0,0
736,"MADISON,WI,53704",7,0,0,25,43.1368795,-89.34730916,0,0
737,"MADISON,WI,53705",13,0,2,25,43.07364295,-89.46337042,0,0
738,"MADISON,WI,53711",5,0,1,25,43.0150436,-89.4092193,0,0
739,"MADISON,WI,53714",2,0,0,25,43.09871222,-89.31229818,0,0
740,"MADISON,WI,53715",1,0,1,25,43.06042121,-89.39732158,0,0
741,"MADISON,WI,53716",4,0,0,25,43.06450124,-89.31400585,0,0
742,"MADISON,WI,53717",5,0,0,25,43.07382902,-89.51957873,0,0
743,"MADISON,WI,53718",11,0,3,25,43.09841886,-89.2733556,0,0
744,"MADISON,WI,53719",14,0,3,25,43.02754971,-89.50150848,0,0
745,"MALONE,WI,53049",1,0,0,39,43.88522074,-88.28654958,0,0
746,"MANITOWOC,WI,54220",6,0,1,71,44.09649545,-87.72676192,0,0
747,"MARATHON,WI,54448",1,0,0,73,44.93362201,-89.83356197,0,0
748,"MARIBEL,WI,54227",2,0,0,71,44.28013731,-87.8078151,0,0
749,"MARINETTE,WI,54143",8,0,0,75,45.0843669,-87.69674026,0,0
750,"MARION,WI,54950",2,0,0,135,44.65491464,-88.90539786,0,0
751,"MARKESAN,WI,53946",1,0,0,47,43.71582189,-89.02506054,0,0
752,"MARSHFIELD,WI,54449",7,0,1,141,44.63692098,-90.19876235,0,0
753,"MAUSTON,WI,53948",0,0,1,57,43.7753001,-90.04817057,0,0
754,"MAYVILLE,WI,53050",2,0,0,27,43.5116687,-88.54777054,0,0
755,"MC FARLAND,WI,53558",2,0,0,25,43.00373705,-89.2826969,0,0
756,"MEDFORD,WI,54451",5,0,0,119,45.19522902,-90.40552627,0,0
757,"MELROSE,WI,54642",1,0,1,53,44.15145909,-91.053183,0,0
758,"MENASHA,WI,54952",9,0,1,15,44.20033753,-88.32886151,0,0
759,"MENOMONEE FALLS,WI,53051",20,0,1,133,43.14875147,-88.12277254,0,0
760,"MENOMONEE FLS,WI,53051",1,0,0,133,43.14875147,-88.12277254,0,0
761,"MENOMONIE,WI,54751",7,0,0,33,44.85069265,-91.93045013,0,0
762,"MEQUON DENTAL GROUP,MEQUON,WI,53092",1,0,0,89,43.22121917,-87.9507512,0,0
763,"MEQUON,WI,53024",1,0,0,89,43.3321217,-87.9305574,0,0
764,"MEQUON,WI,53092",26,1,8,89,43.22121917,-87.9507512,0,0
765,"MEQUON,WI,53097",4,0,0,89,43.24614451,-88.00463799,0,0
766,"MERRILL,WI,54452",2,0,1,69,45.2098566,-89.76843167,0,0
767,"MERRIMAC,WI,53561",1,0,0,111,43.39960895,-89.64155849,0,0
768,"MERTON,WI,53056",1,0,0,133,43.147758,-88.307088,0,0
769,"MIDDLETON,WI,53562",19,0,3,25,43.11644208,-89.54159923,0,0
770,"MIDDLETON,WI,53597",1,0,1,25,43.18256686,-89.45693336,0,0
771,"MIKANA ,WI,54857",1,0,0,5,45.59484601,-91.60293364,0,0
772,"MILTON,WI,53563",2,0,0,105,42.79168032,-88.93363235,0,0
773,"MILWAUKEE,WI,53201",1,0,2,79,43.036178,-87.916956,0,0
774,"MILWAUKEE,WI,53202",33,0,3,79,43.0439449,-87.89486304,0,0
775,"MILWAUKEE,WI,53203",1,0,0,79,43.03876527,-87.91609359,0,0
776,"MILWAUKEE,WI,53204",4,0,1,79,43.01827416,-87.92549717,0,0
777,"MILWAUKEE,WI,53205",2,0,0,79,43.05346232,-87.93380994,0,0
778,"MILWAUKEE,WI,53206",1,0,0,79,43.07512709,-87.93367562,0,0
779,"MILWAUKEE,WI,53207",10,0,0,79,42.97661642,-87.898456,0,0
780,"MILWAUKEE,WI,53209",2,0,0,79,43.12840964,-87.94708872,0,0
781,"MILWAUKEE,WI,53211",12,0,0,79,43.08237328,-87.88195496,0,0
782,"MILWAUKEE,WI,53212",4,0,0,79,43.07464252,-87.90847167,0,0
783,"MILWAUKEE,WI,53213",4,0,0,79,43.04880365,-88.00151136,0,0
784,"MILWAUKEE,WI,53214",1,0,0,79,43.02082731,-88.01348172,0,0
785,"MILWAUKEE,WI,53215",9,0,0,79,42.99921468,-87.94683145,0,0
786,"MILWAUKEE,WI,53217",16,1,1,79,43.15583201,-87.91267037,0,0
787,"MILWAUKEE,WI,53218",1,0,0,79,43.11474058,-87.99313985,0,0
788,"MILWAUKEE,WI,53219",2,0,0,79,42.99583519,-87.99160331,0,0
789,"MILWAUKEE,WI,53220",0,0,1,79,42.96520435,-87.99136906,0,0
790,"MILWAUKEE,WI,53221",3,0,0,79,42.95395803,-87.94371286,0,0
791,"MILWAUKEE,WI,53222",4,0,0,79,43.08239552,-88.03555008,0,0
792,"MILWAUKEE,WI,53223",3,0,0,79,43.16339624,-87.99049655,0,0
793,"MILWAUKEE,WI,53224",2,0,0,79,43.16331017,-88.03958615,0,0
794,"MILWAUKEE,WI,53225",1,0,0,79,43.11496284,-88.04189486,0,0
795,"MILWAUKEE,WI,53226",6,0,3,79,43.04943056,-88.04220926,0,0
796,"MILWAUKEE,WI,53227",2,0,1,79,42.9956319,-88.04254736,0,0
797,"MILWAUKEE,WI,53228",1,0,0,79,42.96688498,-88.04335134,0,0
798,"MILWAUKEE,WI,53233",3,0,0,79,43.0369187,-87.93382334,0,0
799,"MINOCQUA,WI,54548",7,0,0,85,45.85982894,-89.82101949,0,0
800,"MISHICOT,WI,54228",2,0,0,71,44.27674017,-87.64874538,0,0
801,"MONDOVI,WI,54755",2,0,0,11,44.57648177,-91.68466205,0,0
802,"MONONA,WI,53714",1,0,0,25,43.09871222,-89.31229818,0,0
803,"MONONA,WI,53716",4,0,0,25,43.06450124,-89.31400585,0,0
804,"MONROE,WI,53566",6,0,1,45,42.60869398,-89.64887128,0,0
805,"MONTICELLO,WI,53570",1,0,0,45,42.73921073,-89.61865964,0,0
806,"MORRISONVILLE,WI,53576",1,0,0,105,42.62423644,-89.23481003,0,0
807,"MOSINEE,WI,54455",3,0,0,73,44.76574019,-89.68459009,0,0
808,"MOUNT HOREB,WI,53572",1,0,0,25,42.96143082,-89.73561415,0,0
809,"MOUNT PLEASANT,WI,53177",1,0,0,101,42.70245183,-87.93541161,0,0
810,"MOUNT PLEASANT,WI,53403",1,0,0,101,42.68836359,-87.81536004,0,0
811,"MOUNT PLEASANT,WI,53406",4,0,0,101,42.72989521,-87.86490477,0,0
812,"MT CALVARY,WI,53057",1,0,0,39,43.78928871,-88.24522474,0,0
813,"MT PLEASANT,WI,53405",1,0,0,101,42.72609614,-87.82542417,0,0
814,"MUKWONAGO,WI,53149",4,0,2,133,42.87773432,-88.34098651,0,0
815,"MUSKEGO,WI,53150",15,0,1,133,42.88428311,-88.12764034,0,0
816,"N100W15159 SNOW HILL CT,GERMANTOWN,WI,53022",1,0,0,131,43.23060925,-88.11353092,0,0
817,"N108 W12617 CONEFLOWER CIRCLE,GERMANTOWN,WI,53022",1,0,0,131,43.23060925,-88.11353092,0,0
818,"N132 COUNTY RD H,FREMONT,WI,54940",1,0,0,139,44.22488747,-88.84421729,0,0
819,"N14 W23755 STONERIDGE DR. SUITE 260,WAUKESHA,WI,53188",1,0,0,133,43.02221279,-88.29131337,0,0
820,"N15805 PERCH RD,PARK FALLS,WI,54552",1,0,0,99,45.94081706,-90.31190921,0,0
821,"N16 W26593 TALL REEDS LN UNIT E,PEWAUKEE,WI,53072",1,0,0,133,43.0810858,-88.26658149,0,0
822,"N168 W20566 MAIN ST,JACKSON,WI,53037",1,0,0,131,43.31226358,-88.16244251,0,0
823,"N174W20332 CREEKSIDE DR,JACKSON,WI,53037",1,0,0,131,43.31226358,-88.16244251,0,0
824,"N24W22587,WAUKESHA,WI,53186",1,0,0,133,43.02332526,-88.20316173,0,0
825,"N30 W29273 HILLCREST DRIVE,PEWAUKEE,WI,53072",1,0,0,133,43.0810858,-88.26658149,0,0
826,"N3114 FOX HOLLOW DRIVE,LA CROSSE,WI,54601",1,0,0,63,43.804397,-91.14245708,0,0
827,"N37 W22936 WYNDEMERE DR,PEWAUKEE,WI,53072",1,0,0,133,43.0810858,-88.26658149,0,0
828,"N54W6135 MILL ST # 900,CEDARBURG,WI,53012",1,0,0,89,43.31476074,-88.03771215,0,0
829,"N56W30650 C0UNTY RD K,HARTLAND,WI,53029",1,0,0,133,43.14517957,-88.34694567,0,0
830,"N57 W6296 CENTER ST,CEDARBURG,WI,53012",1,0,0,89,43.31476074,-88.03771215,0,0
831,"N62 W23388 SILVER SPRING DR #212L,SUSSEX,WI,53089",1,0,0,133,43.1471856,-88.2348446,0,0
832,"N72W13524 LUND LN APT 314,MENOMONEE FALLS,WI,53051",1,0,0,133,43.14875147,-88.12277254,0,0
833,"N7915 902ND ST,RIVER FALLS,WI,54022",1,0,0,93,44.84798901,-92.60830869,0,0
834,"N79W14756 APPLETON AVE,MENOMONEE FALLS,WI,53051",2,0,0,133,43.14875147,-88.12277254,0,0
835,"N8412 578TH STREET,COLFAX,WI,54730",1,0,0,33,45.02006166,-91.72342734,0,0
836,"N89W16785 APPLETON AVE,MENOMONEE FALLS,WI,53051",0,0,1,133,43.14875147,-88.12277254,0,0
837,"N9050 SPRING VALLEY RD,MENASHA,WI,54952",1,0,0,15,44.20033753,-88.32886151,0,0
838,"N95 W25901 COUNTY HIGHWAY Q,COLGATE,WI,53017",1,0,0,131,43.20381486,-88.25546565,0,0
839,"N97W17095 DIVISION RD,GERMANTOWN,WI,53022",1,0,0,131,43.23060925,-88.11353092,0,0
840,"NASHOTAH,WI,53058",1,0,1,133,43.11004828,-88.40343458,0,0
841,"NEENAH,WI,54946",1,0,0,135,44.33660458,-89.14440001,0,0
842,"NEENAH,WI,54956",22,2,2,139,44.1825274,-88.52765958,0,0
843,"NEENAH,WI,54957",0,0,1,139,44.183332,-88.463405,0,0
844,"NEILLSVILLE,WI,54456",1,0,0,19,44.54705205,-90.63589083,0,0
845,"NEKOOSA,WI,54457",1,0,0,1,44.2274565,-89.89146837,0,0
846,"NEW BELIN,WI,53151",1,0,0,133,42.97406261,-88.09873198,0,0
847,"NEW BERLIN,WI,53146",5,0,0,133,42.97186405,-88.15890128,0,0
848,"NEW BERLIN,WI,53151",16,0,2,133,42.97406261,-88.09873198,0,0
849,"NEW FRANKEN,WI,54229",1,0,0,9,44.56156727,-87.82310225,0,0
850,"NEW HOLSTEIN,WI,53061",3,0,0,15,43.94408811,-88.12166846,0,0
851,"NEW LISBON,WI,53950",1,0,0,57,43.90181661,-90.13635683,0,0
852,"NEW RICHMOND,WI,54017",2,0,0,109,45.11889555,-92.52062255,0,0
853,"NICHOLAS ROMENESKO DDS 544 FAIRWAY DR,BRILLION,WI,54110",1,0,0,15,44.18847481,-88.0758452,0,0
854,"NORTH LAKE,WI,53064",1,0,0,133,43.160497,-88.371653,0,0
855,"NORTH PRAIRIE,WI,53153",2,0,0,133,42.93383751,-88.40761771,0,0
856,"OAK CREEK,WI,53154",16,0,1,79,42.87980379,-87.89815338,0,0
857,"OAKBROOK HEALTH CENTER,WEST BEND,WI,53095",0,0,1,131,43.38851073,-88.15629544,0,0
858,"OCONOMOWOC,WI,53066",18,0,4,133,43.11313657,-88.48992689,0,0
859,"OCONTO FALLS,WI,54154",2,0,0,83,44.86804,-88.18843583,0,0
860,"ONALASKA,WI,54650",12,0,2,63,43.91062424,-91.22530821,0,0
861,"ONEIDA,WI,54155",2,0,1,87,44.52250827,-88.19815008,0,0
862,"OOSTBURG,WI,53070",2,0,0,117,43.62008736,-87.80649322,0,0
863,"OREGON,WI,53575",5,0,1,25,42.9337594,-89.39004089,0,0
864,"OSCEOLA,WI,54020",1,0,0,95,45.27891633,-92.65079798,0,0
865,"OSHKOSH,WI,54901",1,0,1,139,44.06292779,-88.53303688,0,0
866,"OSHKOSH,WI,54902",6,0,3,139,43.94925677,-88.53970543,0,0
867,"OSHKOSH,WI,54904",12,0,3,139,44.02156811,-88.62508544,0,0
868,"OSSEO,WI,54758",1,0,0,121,44.54858923,-91.21871456,0,0
869,"OWEN,WI,54460",1,0,0,19,44.94240394,-90.53902878,0,0
870,"OXFORD,WI,53952",1,0,0,77,43.78321315,-89.59851144,0,0
871,"P.O. BOX 1005,TWIN LAKES,WI,53181",1,0,0,59,42.51631472,-88.24495435,0,0
872,"P.O. BOX 308,DOUSMAN,WI,53118",1,0,0,133,42.97129988,-88.49086169,0,0
873,"PADDOCK LAKE,WI,53168",2,0,0,59,42.58204408,-88.13143863,0,0
874,"PALMYRA,WI,53156",1,0,0,55,42.88766293,-88.59077274,0,0
875,"PARK FALLS,WI,54552",1,0,0,99,45.94081706,-90.31190921,0,0
876,"PEWAUKEE,WI,53072",24,0,3,133,43.0810858,-88.26658149,0,0
877,"PEWAUKEE,WI,53702",1,0,0,133,43.06092601,-88.23063592,0,0
878,"PHILLIPS,WI,52245",1,0,0,103,41.67079159,-91.50771961,0,0
879,"PHILLIPS,WI,54555",2,0,0,99,45.7066541,-90.39770804,0,0
880,"PLATTEVILLE,WI,53818",6,0,1,43,42.74737025,-90.48894083,0,0
881,"PLEASANT  PRAIRIE,WI,53158",1,0,0,59,42.52433961,-87.88550945,0,0
882,"PLEASANT PRAIRIE,WI,53142",1,0,0,59,42.54269925,-87.94241977,0,0
883,"PLEASANT PRAIRIE,WI,53158",1,0,1,59,42.52433961,-87.88550945,0,0
884,"PLOVER,WI,54467",9,0,1,97,44.41622115,-89.54173364,0,0
885,"PLYMOUTH,WI,53073",6,0,0,117,43.75211261,-87.98879195,0,0
886,"PO BOX 1075,EAGLE RIVER,WI,54521",1,0,0,125,45.93410072,-89.28506824,0,0
887,"PO BOX 1178,WISC RAPIDS,WI,54495",1,0,0,141,44.38629647,-89.9574917,0,0
888,"PO BOX 13796,WAUWATOSA,WI,53213",1,0,0,79,43.04880365,-88.00151136,0,0
889,"PO BOX 208,PRENTICE,WI,54556",1,0,0,99,45.53564082,-90.2996614,0,0
890,"PO BOX 220,WESTFIELD,WI,53964",1,0,0,77,43.90958652,-89.5093336,0,0
891,"PO BOX 240080,MILWAUKEE,WI,53224",1,0,0,79,43.16331017,-88.03958615,0,0
892,"PO BOX 260,FONTANA,WI,53125",0,0,1,127,42.54786032,-88.56177618,0,0
893,"PO BOX 326,JOHNSON CREEK,WI,53038",1,0,0,55,43.08336858,-88.78704044,0,0
894,"PO BOX 370410,MILWAUKEE,WI,53237",1,0,0,79,43.041809,-87.906837,0,0
895,"PO BOX 4,WEBSTER,WI,54893",1,0,0,13,45.87114234,-92.30638796,0,0
896,"PO BOX 400,STRUM,WI,54770",1,0,0,121,44.54830061,-91.37611907,0,0
897,"PO BOX 488,HAMMOND,WI,54015",1,0,0,109,44.96467788,-92.45626505,0,0
898,"PO BOX 5,WHITEHALL,WI,54773",1,0,0,121,44.39253674,-91.29405168,0,0
899,"PO BOX 520,LAKE NEBAGAMON,WI,54849",1,0,0,31,46.47650431,-91.72501083,0,0
900,"PO BOX 543,MEDFORD,WI,54451",1,0,0,119,45.19522902,-90.40552627,0,0
901,"PO BOX 788,KENOSHA,WI,53141",1,0,0,59,42.583868,-87.822442,0,0
902,"PO BOX 866,HAYWARD,WI,54843",1,0,0,113,46.02609298,-91.29718016,0,0
903,"PO BOX 928,WAUSAU,WI,54402",1,0,0,73,45.020657,-89.647204,0,0
904,"POB 310,ELLSWORTH,WI,54011",1,0,0,93,44.71612152,-92.45863343,0,0
905,"PORT WASHINGTON,WI,53074",4,1,0,89,43.42531627,-87.88077313,0,0
906,"PORTAAGE,WI,53901",1,0,0,21,43.55706537,-89.48645416,0,0
907,"PORTAGE,WI,53901",4,0,0,21,43.55706537,-89.48645416,0,0
908,"PRAIRIE DU CHIEN,WI,53821",4,0,1,23,43.05198309,-91.05836734,0,0
909,"PRAIRIE DU SAC,WI,53578",1,0,0,111,43.32208819,-89.77611834,0,0
910,"PRINCETON,WI,54968",2,0,0,47,43.84918449,-89.13052753,0,0
911,"PRT WASHINGTN,WI,53074",1,0,0,89,43.42531627,-87.88077313,0,0
912,"PULASKI,WI,54162",3,0,0,115,44.66276427,-88.27904979,0,0
913,"RACINE,WI,53402",6,0,1,101,42.79704494,-87.8160855,0,0
914,"RACINE,WI,53403",1,0,1,101,42.68836359,-87.81536004,0,0
915,"RACINE,WI,53404",2,0,0,101,42.7538675,-87.8112868,0,0
916,"RACINE,WI,53405",3,0,1,101,42.72609614,-87.82542417,0,0
917,"RACINE,WI,53406",14,0,3,101,42.72989521,-87.86490477,0,0
918,"RANDOLPH,WI,53956",2,0,0,21,43.54180523,-89.01821597,0,0
919,"REEDSBURG,WI,53959",2,0,0,111,43.53422232,-89.99902556,0,0
920,"RHINELANDER,WI,54501",8,0,0,85,45.65305431,-89.34501232,0,0
921,"RICE LAKE,WI,54868",4,0,2,5,45.52610481,-91.71362471,0,0
922,"RICHLAND CENTER,WI,53581",1,0,0,103,43.37271948,-90.41142153,0,0
923,"RIDGEWAY,WI,53582",1,0,0,49,43.01841039,-89.99168156,0,0
924,"RINGLE,WI,54471",1,0,0,73,44.93863773,-89.41642049,0,0
925,"RIPON ,WI,54971",1,0,0,39,43.85612081,-88.82981365,0,0
926,"RIPON,WI,54971",4,0,1,39,43.85612081,-88.82981365,0,0
927,"RIVER FALLS,WI,54022",6,0,1,93,44.84798901,-92.60830869,0,0
928,"RIVER HILLS,WI,53217",1,0,0,79,43.15583201,-87.91267037,0,0
929,"ROTHSCHILD,WI,54474",2,0,0,73,44.87480172,-89.62086679,0,0
930,"S11W32975 TIMBERLINE CIRCLE,DELAFIELD,WI,53018",1,0,0,133,43.0470881,-88.39193469,0,0
931,"S22 W22660 EAST BROADWAY #2-B,WAUKESHA,WI,53186",1,0,0,133,43.02332526,-88.20316173,0,0
932,"S459 NORDEN RD S,ELEVA,WI,54738",0,0,1,121,44.59182685,-91.48017075,0,0
933,"S46W30306 STATE ROAD 59,WAUKESHA,WI,53189",1,0,0,133,42.95327517,-88.28224752,0,0
934,"S69 W15466 JANESVILLE RD,MUSKEGO,WI,53150",1,0,0,133,42.88428311,-88.12764034,0,0
935,"S76 W17587 JANESVILLE RD,MUSKEGO,WI,53150",1,0,0,133,42.88428311,-88.12764034,0,0
936,"S79W18900 JANESVILLE RD,MUSKEGO,WI,53150",1,0,0,133,42.88428311,-88.12764034,0,0
937,"S90 W18360 PARKER DRIVE,MUSKEGO,WI,53150",1,0,0,133,42.88428311,-88.12764034,0,0
938,"SALEM,WI,53168",1,0,1,59,42.58204408,-88.13143863,0,0
939,"SAND CREEK,WI,54765",1,0,0,33,45.16913284,-91.68558975,0,0
940,"SCHOFIELD,WI,54476",1,0,0,73,44.88798893,-89.52370373,0,0
941,"SHAWANO,WI,54166",5,0,1,115,44.77713403,-88.63248387,0,0
942,"SHEBOYGAN FALLS,WI,53085",3,0,0,117,43.73586734,-87.85120859,0,0
943,"SHEBOYGAN,WI,53081",16,0,3,117,43.71001554,-87.73598207,0,0
944,"SHEBOYGAN,WI,53083",2,0,0,117,43.81764931,-87.76599661,0,0
945,"SHOREWOOD,WI,53211",7,0,0,79,43.08237328,-87.88195496,0,0
946,"SILVER LAKE,WI,53170",0,0,1,59,42.55195786,-88.16140444,0,0
947,"SISTER BAY,WI,54234",4,0,0,29,45.18273334,-87.09233432,0,0
948,"SLINGER,WI,53086",1,0,0,131,43.3233815,-88.27198104,0,0
949,"SOUTH MILWAUKEE,WI,53172",6,0,0,79,42.91186749,-87.85940107,0,0
950,"SPARTA,WI,54656",4,0,0,81,44.00279461,-90.81101871,0,0
951,"SPOONER,WI,54801",5,0,0,129,45.87252362,-91.93439271,0,0
952,"SPRING VALLEY,WI,54767",2,0,0,93,44.82853746,-92.26146536,0,0
953,"ST CROIX FALLS,WI,54024",1,0,0,95,45.49738874,-92.64643275,0,0
954,"STANLEY,WI,54768",1,0,0,17,44.95701342,-90.92921765,0,0
955,"STETSONVILLE,WI,54480",1,0,0,119,45.0598738,-90.27664238,0,0
956,"STEVENS POINT,WI,54481",7,0,5,97,44.51566532,-89.63783357,0,0
957,"STEVENS POINT,WI,54482",5,0,0,97,44.55630742,-89.51820306,0,0
958,"STOUGHTON,WI,53589",3,0,1,25,42.92693948,-89.21277339,0,0
959,"STRUM,WI,54770",2,0,0,121,44.54830061,-91.37611907,0,0
960,"STURGEON BAY,WI,54235",10,0,0,29,44.84088345,-87.37403968,0,0
961,"SUAMICO,WI,54313",1,0,0,9,44.58591486,-88.11065802,0,0
962,"SULLIVAN,WI,53178",1,0,0,55,43.02243358,-88.59833116,0,0
963,"SUN PRAIRIE,WI,53590",6,0,0,25,43.20079204,-89.20594287,0,0
964,"SUPERIOR,WI,54880",5,0,2,31,46.59062211,-92.12740276,0,0
965,"SURING,WI,54174",1,0,0,83,45.03767821,-88.42947816,0,0
966,"SUSSEX,WI,53089",8,0,1,133,43.1471856,-88.2348446,0,0
967,"THIENSVILLE,WI,53092",4,0,0,89,43.22121917,-87.9507512,0,0
968,"THORP,WI,54771",1,0,0,19,44.93238059,-90.80677125,0,0
969,"TOMAH,WI,54660",10,0,0,81,43.98248065,-90.4901846,0,0
970,"TOMAHAWK,WI,54487",5,0,0,69,45.50663001,-89.76292081,0,0
971,"TOWN OF BROOKFIELD,WI,53045",0,0,1,133,43.06084976,-88.15149174,0,0
972,"TOWNSEND,WI,54175",1,0,0,83,45.30651248,-88.62288578,0,0
973,"TWIN LAKES,WI,53181",1,0,0,59,42.51631472,-88.24495435,0,0
974,"TWO RIVERS,WI,54241",3,0,0,71,44.21836831,-87.59165747,0,0
975,"UNION GROVE,WI,53182",1,0,0,101,42.69813641,-88.04082789,0,0
976,"VALDERS,WI,54245",1,0,0,71,44.02708685,-87.89610647,0,0
977,"VERONA ,WI,53593",1,0,0,25,42.98451977,-89.57812449,0,0
978,"VERONA,WI,53593",16,0,1,25,42.98451977,-89.57812449,0,0
979,"VERONA,WI,53953",1,0,0,77,43.77253735,-89.46829248,0,0
980,"VIROQUA,WI,54665",2,0,0,123,43.52852971,-90.92659316,0,0
981,"W 196 S8784 WINDOVER DRIVE,MUSKEGO,WI,53150",1,0,0,133,42.88428311,-88.12764034,0,0
982,"W1373 WOODS DR,HELENVILLE,WI,53137",1,0,0,55,43.00567314,-88.66871415,0,0
983,"W178 N9201 WATER TOWER PLACE,MENOMONEE FALLS,WI,53051",1,0,0,133,43.14875147,-88.12277254,0,0
984,"W178S7791 KITTERY CT,MUSKEGO,WI,53150",1,0,0,133,42.88428311,-88.12764034,0,0
985,"W187 S8663 JEAN DR,MUSKEGO,WI,53150",1,0,0,133,42.88428311,-88.12764034,0,0
986,"W1909 BELLE MAPPS CT,GREEN LAKE,WI,54941",1,0,0,47,43.84450398,-88.99314991,0,0
987,"W224 N2544 RIDGEWOOD LN,PEWAUKEE,WI,53186",1,0,0,133,43.02332526,-88.20316173,0,0
988,"W263 N2020 E FIELDHACK DR APT 202,PEWAUKEE,WI,53072",1,0,0,133,43.0810858,-88.26658149,0,0
989,"W2642 BROOKHAVEN DR,APPLETON,WI,54915",1,0,0,15,44.24246103,-88.35644783,0,0
990,"W273N2496 ARLINGTON DR,PEWAUKEE,WI,53072",1,0,0,133,43.0810858,-88.26658149,0,0
991,"W28952876 HWY DT,WAUKESHA,WI,53188",1,0,0,133,43.02221279,-88.29131337,0,0
992,"W3132 VAN ROY RD,APPLETON,WI,54915",0,0,1,15,44.24246103,-88.35644783,0,0
993,"W314N360 LARA LANE,DELAFIELD,WI,53018",1,0,0,133,43.0470881,-88.39193469,0,0
994,"W336S8490 CTY RD E,MUKWONAGO,WI,53149",1,0,0,133,42.87773432,-88.34098651,0,0
995,"W51N893 KEUP RD,CEDARBURG,WI,53012",0,1,0,89,43.31476074,-88.03771215,0,0
996,"W5349 HIGHLAND DR,NEW GLARUS,WI,53574",1,0,0,45,42.81651535,-89.65016322,0,0
997,"W5460 ELM AVE,STETSONVILLE,WI,54480",1,0,0,119,45.0598738,-90.27664238,0,0
998,"W6088 ELLA LN,PLYMOUTH,WI,53073",1,0,0,117,43.75211261,-87.98879195,0,0
999,"W63 N757 SHEBOYGAN RD.,CEDARBURG ,WI,53102",1,0,0,59,42.50437,-88.07726,0,0
1000,"W9657 IVAN STREET,CAMBRIDGE ,WI,53523",1,0,0,25,42.98437403,-89.031959,0,0
1001,"WABENO,WI,54566",1,0,0,41,45.43210758,-88.62067112,0,0
1002,"WALDO,WI,53093",1,0,0,117,43.65996998,-87.94227893,0,0
1003,"WALES,WI,53183",2,0,0,133,43.00434545,-88.37330484,0,0
1004,"WALWORTH,WI,53184",1,0,0,127,42.53106344,-88.60672292,0,0
1005,"WASHBURN,WI,54891",3,0,0,7,46.70050857,-90.96458651,0,0
1006,"WATERFORD,WI,53185",7,0,0,101,42.79491417,-88.19529628,0,0
1007,"WATERTOWN,WI,53094",7,1,1,55,43.14559908,-88.7304071,0,0
1008,"WATERTOWN,WI,53098",3,0,0,27,43.24961119,-88.7129432,0,0
1009,"WAUKESHA,WI,53186",16,0,2,133,43.02332526,-88.20316173,0,0
1010,"WAUKESHA,WI,53188",16,0,4,133,43.02221279,-88.29131337,0,0
1011,"WAUKESHA,WI,53189",15,1,1,133,42.95327517,-88.28224752,0,0
1012,"WAUNAKEE,WI,53597",9,0,0,25,43.18256686,-89.45693336,0,0
1013,"WAUPACA,WI,54981",5,0,0,135,44.32667107,-89.12441661,0,0
1014,"WAUPUN,WI,53963",5,0,0,39,43.63944947,-88.74391263,0,0
1015,"WAUSAU,WI,54401",15,0,1,73,44.96542046,-89.70664263,0,0
1016,"WAUSAU,WI,54403",5,0,2,73,45.0314023,-89.5137837,0,0
1017,"WAUTOMA,WI,54982",2,0,0,137,44.07214273,-89.29134011,0,0
1018,"WAUWATOSA,WI,53213",9,0,2,79,43.04880365,-88.00151136,0,0
1019,"WAUWATOSA,WI,53226",33,1,3,79,43.04943056,-88.04220926,0,0
1020,"WAWAUTOSA,WI,53226",1,0,0,79,43.04943056,-88.04220926,0,0
1021,"WEST ALLIS,WI,53214",2,0,1,79,43.02082731,-88.01348172,0,0
1022,"WEST ALLIS,WI,53219",6,0,0,79,42.99583519,-87.99160331,0,0
1023,"WEST ALLIS,WI,53227",9,0,3,79,42.9956319,-88.04254736,0,0
1024,"WEST BEND,WI,53090",4,0,0,131,43.45567957,-88.18523673,0,0
1025,"WEST BEND,WI,53095",10,0,2,131,43.38851073,-88.15629544,0,0
1026,"WEST BEND,WI,54301",1,0,0,9,44.48189514,-88.02065244,0,0
1027,"WEST MILWAUKEE,WI,53214",2,0,0,79,43.02082731,-88.01348172,0,0
1028,"WEST SALEM,WI,54666",1,0,0,53,44.17460017,-90.4451431,0,0
1029,"WEST SALEM,WI,54669",7,0,0,63,43.91173059,-91.09104918,0,0
1030,"WESTBY,WI,54667",1,0,0,123,43.66724081,-90.85918719,0,0
1031,"WESTON,WI,54476",4,0,0,73,44.88798893,-89.52370373,0,0
1032,"WEYAUWEGA,WI,54983",1,0,0,135,44.31921664,-88.9335593,0,0
1033,"WHITEFISH  BAY,WI,53217",1,0,0,79,43.15583201,-87.91267037,0,0
1034,"WHITEFISH BAY,WI,53211",1,0,1,79,43.08237328,-87.88195496,0,0
1035,"WHITEFISH BAY,WI,53217",10,0,1,79,43.15583201,-87.91267037,0,0
1036,"WHITEFISHBAY,WI,53217",1,0,0,79,43.15583201,-87.91267037,0,0
1037,"WHITEWATER,WI,53190",2,0,0,127,42.80597265,-88.73337326,0,0
1038,"WI RAPIDS,WI,54494",1,0,0,141,44.33899684,-89.7377757,0,0
1039,"WILD ROSE,WI,54984",1,0,1,137,44.18830644,-89.21754573,0,0
1040,"WILLIAMS BAY,WI,53191",1,0,1,127,42.57946411,-88.54523434,0,0
1041,"WILSON,WI,54027",1,0,0,109,44.9241482,-92.19594007,0,0
1042,"WIND LAKE,WI,53185",2,0,0,101,42.79491417,-88.19529628,0,0
1043,"WINDSOR,WI,53598",3,0,0,25,43.2061432,-89.3376037,0,0
1044,"WINNECONNE,WI,54986",2,0,0,139,44.12075933,-88.74769553,0,0
1045,"WISCONSIN DELLS,WI,53965",3,0,0,1,43.67534857,-89.75560767,0,0
1046,"WISCONSIN RAPIDS,WI,54494",4,0,0,141,44.33899684,-89.7377757,0,0
1047,"WOODRUFF,WI,54568",4,0,0,125,45.94656867,-89.67519222,0,0
1048,"WOODVILLE,WI,54028",1,0,0,109,44.95432334,-92.27950817,0,0
1049,"WRIGHTSTOWN,WI,54180",1,0,0,9,44.32635071,-88.17486184,0,0
