IKN_addr,general_med,general_chip,pediatric_med,pediatric_chip,specialist_med,specialist_chip,hygienist_for_general_med,hygienist_for_general_chip,hygienist_for_pediatric_med,hygienist_for_pediatric_chip,Y_lat_med,X_long_med,Y_lat_chip,X_long_chip,med_indicator_med,chip_indicator_med,med_indicator_chip,chip_indicator_chip
"1 ELIZABETH ST STE 6,BURLINGTN TWP,PA,18848-1629",1.5,,0.0,,0.0,,3.0,,0.0,,41.76340638,-76.44231011,,,1.0,0.0,,
"1 GUTHRIE SQ,SAYRE,PA,18840-1625",2.0,,0.0,,0.0,,4.0,,0.0,,41.98089748,-76.51876239,,,1.0,0.0,,
"1 MEDICAL CENTER BLVD,CHESTER,PA,19013",0.0,,0.0,,0.3333333333333333,,0.0,,0.0,,39.85608007,-75.36862995,,,1.0,0.0,,
"100 HOSPITAL AVE,DU BOIS,PA,15801-1440",0.0,,0.0,,0.3666666666666667,,0.0,,0.0,,41.11427059,-78.77555408,,,1.0,0.0,,
"100 N 3RD ST FL,EASTON,PA,18042-1869",3.033333333333333,,0.3333333333333333,,0.0,,6.066666666666666,,0.6666666666666666,,40.69342746,-75.2093602,,,1.0,0.0,,
"101 OLD YORK RD,JENKINTOWN,PA,19046",2.9014563652721552,,2.608485958485958,,0.3333333333333333,,5.8029127305443104,,5.216971916971916,,40.09297287,-75.12532471,,,1.0,0.0,,
"1019 GHANER RD STE 100,PORT MATILDA,PA,16870-7236",0.5,,1.5,,2.25,,1.0,,3.0,,40.81639953,-77.93939249,,,1.0,0.0,,
"1019 GHANER RD STE A,PORT MATILDA,PA,16870-7235",0.5,,0.5,,0.0,,1.0,,1.0,,40.81640154,-77.93916299,,,1.0,0.0,,
"1023 PITTSBURGH RD,UNIONTOWN,PA,15401-8407",0.027777777777777776,,0.0,,0.0,,0.05555555555555555,,0.0,,39.93132754,-79.72880304,,,1.0,0.0,,
"1032 PARK RD,BLANDON,PA,19510-9558",0.3333333333333333,,0.0,,0.0,,0.6666666666666666,,0.0,,40.44079514,-75.88743961,,,1.0,0.0,,
"104 FRONT ST STE 1,MOUNT MORRIS,PA,15349-2342",0.3333333333333333,,0.0,,0.0,,0.6666666666666666,,0.0,,39.73719802,-80.06493694,,,1.0,0.0,,
"1040 DEKALB PIKE STE 100,BLUE BELL,PA,19422-1812",0.0,,1.1428571428571428,,0.0,,0.0,,2.2857142857142856,,40.16383612,-75.29340919,,,1.0,0.0,,
"1040 POND ST,BRISTOL,PA,19007-5340",0.14285714285714285,,0.0,,0.0,,0.2857142857142857,,0.0,,40.10286074,-74.84827622,,,1.0,0.0,,
"106 MORAITIS BLVD,LEWISTOWN,PA,17044-2110",0.5,,0.0,,0.0,,1.0,,0.0,,40.597989,-77.57048149,,,1.0,0.0,,
"109 MAIN AVE,CLARKS GREEN,PA,18411-1522",1.0,,0.0,,0.0,,2.0,,0.0,,41.49497696,-75.70306933,,,1.0,0.0,,
"110 DANIEL DR STE 5,UNIONTOWN,PA,15401-8002",0.0,,0.0,,0.3333333333333333,,0.0,,0.0,,39.90314597,-79.7579763,,,1.0,0.0,,
"1100 MONTOUR RD,LOYSVILLE,PA,17047-9200",1.0,,0.0,,0.0,,2.0,,0.0,,40.36414945,-77.33940925,,,1.0,0.0,,
"111 ELWYN RD,MEDIA,PA,19063-4622",0.7,,0.0,,0.0,,1.4,,0.0,,39.9064214,-75.41429000000002,,,1.0,0.0,,
"111 PERRYMONT RD,PITTSBURGH,PA,15237-5246",0.5,,0.0,,0.0,,1.0,,0.0,,40.55810049,-80.02601193,,,1.0,0.0,,
"1110 ROCKLAND ST,READING,PA,19604-1525",1.25,,0.0,,0.0,,2.5,,0.0,,40.36517095,-75.91505535,,,1.0,0.0,,
"112 S HESS ST,QUARRYVILLE,PA,17566-1250",1.0,,0.0,,0.0,,2.0,,0.0,,39.89548304,-76.16043975,,,1.0,0.0,,
"1127 SHAKESPEARE AVE,MILTON,PA,17847-9558",1.0,,0.0,,0.0,,2.0,,0.0,,41.00184061,-76.84077562,,,1.0,0.0,,
"113 W MCMURRAY RD,CANONSBURG,PA,15317-2427",0.3333333333333333,,0.0,,0.0,,0.6666666666666666,,0.0,,40.27374135,-80.12917294,,,1.0,0.0,,
"1144 HAMILTON ST,ALLENTOWN,PA,18101-1042",2.0,,0.0,,0.0,,4.0,,0.0,,40.59952916,-75.48145333,,,1.0,0.0,,
"1150 1ST AVE STE 805,KING OF PRUSSIA,PA,19406-1338",0.25,,0.0,,0.0,,0.5,,0.0,,40.09509944,-75.41409163,,,1.0,0.0,,
"1157 MCKINNEY LN,PITTSBURGH,PA,15220-3409",0.027777777777777776,,0.0,,0.0,,0.05555555555555555,,0.0,,40.42559084,-80.04109989,,,1.0,0.0,,
"11625 PENN HILLS DR,PENN HILLS,PA,15235-3329",0.3333333333333333,,0.0,,0.0,,0.6666666666666666,,0.0,,40.46433753,-79.827626,,,1.0,0.0,,
"118 FRALEY ST,KANE,PA,16735-1327",0.5666666666666667,,0.0,,0.0,,1.1333333333333333,,0.0,,41.65155179,-78.81239662,,,1.0,0.0,,
"119 MAIN ST,OLYPHANT,PA,18447-1291",1.3333333333333333,,0.0,,0.0,,2.6666666666666665,,0.0,,41.47192338,-75.60708663,,,1.0,0.0,,
"12 DAKOTA DR,EMLENTON,PA,16373-2534",1.0,,0.0,,0.0,,2.0,,0.0,,41.1707346,-79.75245634,,,1.0,0.0,,
"1200 OLD YORK RD,ABINGTON,PA,19001",2.0,,0.0,,0.0,,4.0,,0.0,,40.11899542,-75.11928329,,,1.0,0.0,,
"1200 S CEDAR CREST BLVD,ALLENTOWN,PA,18103-6202",0.3333333333333333,,0.0,,0.0,,0.6666666666666666,,0.0,,40.56673064,-75.51865475,,,1.0,0.0,,
"1223 SCALP AVE,JOHNSTOWN,PA,15904-3150",0.0,,0.0,,1.0,,0.0,,0.0,,40.27791515,-78.86124996,,,1.0,0.0,,
"1229 SILVER LN,MC KEES ROCKS,PA,15136-1063",0.0,,0.5,,0.0,,0.0,,1.0,,40.46978626,-80.1364444,,,1.0,0.0,,
"1235 BRIDGETOWN PIKE,FEASTERVILLE TREVOSE,PA,19053-4301",0.5,,0.0,,0.0,,1.0,,0.0,,40.15435873,-75.00035141,,,1.0,0.0,,
"1247 S CEDAR CREST BLVD STE 30,ALLENTOWN,PA,18103-6298",5.078556138628814,,0.16285714285714284,,0.8922733184689706,,10.157112277257628,,0.3257142857142857,,40.56668461,-75.51852867,,,1.0,0.0,,
"125 FAIRWAY LANDINGS DR,CANONSBURG,PA,15317-9568",0.027777777777777776,,0.0,,0.0,,0.05555555555555555,,0.0,,40.28519267,-80.16812956,,,1.0,0.0,,
"1253 SCALP AVE,JOHNSTOWN,PA,15904-3137",1.0,,0.0,,0.0,,2.0,,0.0,,40.27594521,-78.86022812,,,1.0,0.0,,
"1259 S CEDAR CREST BLVD STE 30,ALLENTOWN,PA,18103-6372",0.0,,0.0,,1.0,,0.0,,0.0,,40.56452692,-75.51807648,,,1.0,0.0,,
"128 W 12TH ST STE 300,ERIE,PA,16501-1753",0.0,,0.5,,0.0,,0.0,,1.0,,42.12259449,-80.08373386,,,1.0,0.0,,
"128 W 12TH ST,ERIE,PA,16501-1750",0.0,,0.5,,0.0,,0.0,,1.0,,42.12259449,-80.08373386,,,1.0,0.0,,
"129 HILLCREST SHOPPING CTR,NEW KENSINGTON,PA,15068-3504",2.191059757236228,,0.05882352941176471,,0.3958333333333333,,4.382119514472456,,0.11764705882352942,,40.58402175,-79.70890645,,,1.0,0.0,,
"132 E BROAD ST,TAMAQUA,PA,18252-2016",1.0,,0.0,,0.0,,2.0,,0.0,,40.79732657,-75.96828846,,,1.0,0.0,,
"132 GRAHAM PARK DR,CRANBERRY TOWNSHIP,PA,16066-8330",0.0,,0.0,,1.0,,0.0,,0.0,,40.6989338,-80.12219338,,,1.0,0.0,,
"1320 MILL RD,QUAKERTOWN,PA,18951-1137",0.2,,0.0,,0.0,,0.4,,0.0,,40.43686963,-75.35262885,,,1.0,0.0,,
"1320 W RITNER ST,PHILADELPHIA,PA,19148-3525",1.0,,0.0,,0.0,,2.0,,0.0,,39.92044471,-75.16916570000002,,,1.0,0.0,,
"134 S STATE RD,UPPER DARBY,PA,19082-2902",1.0,,0.0,,0.0,,2.0,,0.0,,39.96123334,-75.27745631,,,1.0,0.0,,
"1399 S QUEEN ST STE A,YORK,PA,17403-3801",0.5,,1.0,,0.0,,1.0,,2.0,,39.94657609,-76.70971251,,,1.0,0.0,,
"14 MACDADE BLVD STE A # 20,COLLINGDALE,PA,19023-1806",0.14285714285714285,,0.0,,0.0,,0.2857142857142857,,0.0,,39.91695901,-75.26552182,,,1.0,0.0,,
"14-20 MACDADE BLVD STE A,DARBY,PA,19023-1822",0.6428571428571428,,0.0,,0.0,,1.2857142857142856,,0.0,,39.91686001,-75.26574232,,,1.0,0.0,,
"140 N BEESON AVE,UNIONTOWN,PA,15401",0.28525641025641024,,0.0,,0.0,,0.5705128205128205,,0.0,,39.90610466,-79.72546681,,,1.0,0.0,,
"1401 S 31ST ST FL 1,PHILADELPHIA,PA,19146-3506",2.094444444444444,,0.0196078431372549,,0.0,,4.188888888888888,,0.0392156862745098,,39.93608588,-75.19549789,,,1.0,0.0,,
"1412 BYWOOD AVE,UPPER DARBY,PA,19082-3720",0.5,,0.0,,0.0,,1.0,,0.0,,39.9558479,-75.27334555,,,1.0,0.0,,
"145 N 6TH ST FL,READING,PA,19601-3096",0.5,,0.0,,0.0,,1.0,,0.0,,40.33760851,-75.92579801,,,1.0,0.0,,
"1500 JFK BLVD,PHILADELPHIA,PA,19102",0.2,,0.0,,0.0,,0.4,,0.0,,39.95368864,-75.16582672,,,1.0,0.0,,
"1521 LOCUST ST STE 600,PHILADELPHIA,PA,19102-3715",0.0,,0.0,,1.0,,0.0,,0.0,,39.948539399999994,-75.16699118,,,1.0,0.0,,
"154 MONTGOMERY MALL STE 230,NORTH WALES,PA,19454-3909",0.0,,0.0,,0.3206349206349206,,0.0,,0.0,,40.23457755,-75.24183329,,,1.0,0.0,,
"155 S ARCH ST STE B,MILTON,PA,17847-1172",0.5,,0.3333333333333333,,0.0,,1.0,,0.6666666666666666,,41.01781767,-76.85424169,,,1.0,0.0,,
"1555 HIGHLANDS DR STE PEDO,LITITZ,PA,17543-2800",0.020408163265306117,,0.02,,0.0,,0.040816326530612235,,0.04,,40.1320055,-76.30990706,,,1.0,0.0,,
"1575 N 52ND ST STE 105,PHILADELPHIA,PA,19131-4729",0.07692307692307693,,0.0,,0.0,,0.15384615384615385,,0.0,,39.97865147,-75.22581234,,,1.0,0.0,,
"1590 WYOMING AVE,KINGSTON,PA,18704-4226",0.3333333333333333,,0.0,,0.0,,0.6666666666666666,,0.0,,41.29244635,-75.86720461,,,1.0,0.0,,
"160 E ERIE AVE # N1-08,PHILADELPHIA,PA,19134-1011",0.25,,1.75,,0.525,,0.5,,3.5,,40.0074756,-75.12556339,,,1.0,0.0,,
"1600 BLACK ROCK RD,ROYERSFORD,PA,19468-3147",0.25,,0.0,,0.0,,0.5,,0.0,,40.16364984,-75.50753584,,,1.0,0.0,,
"1600 E HIGH ST,POTTSTOWN,PA,19464-5008",0.0,,0.0,,1.0,,0.0,,0.0,,40.24392468,-75.6134392,,,1.0,0.0,,
"1601 WALNUT ST STE 300,PHILADELPHIA,PA,19102-2902",0.0,,0.0,,0.05882352941176471,,0.0,,0.0,,39.9497894,-75.16773062,,,1.0,0.0,,
"1612 N 2ND ST,HARRISBURG,PA,17102-2438",1.0,,0.0,,0.0,,2.0,,0.0,,40.27224315,-76.89420974,,,1.0,0.0,,
"17 ARENTZEN BLVD,CHARLEROI,PA,15022-1085",0.0,,0.0,,0.3333333333333333,,0.0,,0.0,,40.12454063,-79.88608149999997,,,1.0,0.0,,
"170 JAMISON LN,MONROEVILLE,PA,15146-2327",0.5,,0.0,,0.0,,1.0,,0.0,,40.42711574,-79.7873245,,,1.0,0.0,,
"1717 SKYLINE DR,PITTSBURGH,PA,15227-1744",1.0,,0.0,,0.0,,2.0,,0.0,,40.36626837,-79.96257257,,,1.0,0.0,,
"1720 WASHINGTON RD,PITTSBURGH,PA,15241-1208",0.0,,0.0,,0.07142857142857142,,0.0,,0.0,,40.34758118,-80.05385417,,,1.0,0.0,,
"1725 WASHINGTON RD,PITTSBURGH,PA,15241-1207",0.0,,0.0,,1.0,,0.0,,0.0,,40.3475638,-80.05376039,,,1.0,0.0,,
"175 E BROWN ST STE 112,E STROUDSBURG,PA,18301-3098",0.3333333333333333,,0.0,,0.0,,0.6666666666666666,,0.0,,40.99213064,-75.17506786,,,1.0,0.0,,
"175 E BROWN ST STE 112,EAST STROUDSBURG,PA,18301-3098",0.3333333333333333,,0.0,,0.0,,0.6666666666666666,,0.0,,40.99213064,-75.17506786,,,1.0,0.0,,
"175 E BROWN ST STE 201B,E STROUDSBURG,PA,18301-3098",0.0,,0.0,,1.0,,0.0,,0.0,,40.99213064,-75.17506786,,,1.0,0.0,,
"1750 S EASTON RD,DOYLESTOWN,PA,18901-2885",0.5,,0.0,,0.0,,1.0,,0.0,,40.27671778,-75.12735343,,,1.0,0.0,,
"180 IMPERIAL PLAZA DR,IMPERIAL,PA,15126-9331",0.0,,0.0,,1.0,,0.0,,0.0,,40.44196754,-80.23577491,,,1.0,0.0,,
"1800 SULLIVAN TRL STE 102,EASTON,PA,18040-8397",0.0,,0.2361111111111111,,0.05263157894736842,,0.0,,0.4722222222222222,,40.71740122,-75.22160915,,,1.0,0.0,,
"1827 W CHELTENHAM AVE,ELKINS PARK,PA,19027-1049",1.0,,0.0,,0.0,,2.0,,0.0,,40.06742552,-75.14647053,,,1.0,0.0,,
"183 LANCASTER AVE FL 1,MALVERN,PA,19355-2122",1.0,,0.0,,0.0,,2.0,,0.0,,40.04149619,-75.53697691,,,1.0,0.0,,
"1854 WAYNE RD,CHAMBERSBURG,PA,17202-8836",1.5,,0.0,,0.0,,3.0,,0.0,,39.90519558,-77.64550874,,,1.0,0.0,,
"190 W PARK AVE,DU BOIS,PA,15801-2277",0.0,,0.0,,1.0,,0.0,,0.0,,41.12155084,-78.76304064,,,1.0,0.0,,
"1900 E MARKET ST,YORK,PA,17402-2890",1.0,,0.0,,0.0,,2.0,,0.0,,39.97333454,-76.68964802,,,1.0,0.0,,
"1929 LINCOLN HWY E STE 100,LANCASTER,PA,17602-3347",0.8333333333333333,,1.0,,0.0,,1.6666666666666663,,2.0,,40.03356223,-76.24789733,,,1.0,0.0,,
"1929 LINCOLN HWY E STE 150,LANCASTER,PA,17602-3685",0.8333333333333333,,0.0,,0.0,,1.6666666666666663,,0.0,,40.03356223,-76.24789733,,,1.0,0.0,,
"1936 COTTMAN AVE,PHILADELPHIA,PA,19111-3800",0.3333333333333333,,0.0,,0.0,,0.6666666666666666,,0.0,,40.05147491,-75.06656511,,,1.0,0.0,,
"1943 SMITH TOWNSHIP STATE RD,BURGETTSTOWN,PA,15021",0.8333333333333333,,0.0,,0.0,,1.6666666666666663,,0.0,,40.35996064,-80.39015636,,,1.0,0.0,,
"1943 SMITH TOWNSHIP STATE RD,BURGETTSTOWN,PA,15021-2433",0.3333333333333333,,0.0,,0.0,,0.6666666666666666,,0.0,,40.35996064,-80.39015636,,,1.0,0.0,,
"1952 UNIVERSITY DR,CONNELLSVILLE,PA,15425-3806",0.3333333333333333,,0.0,,0.0,,0.6666666666666666,,0.0,,39.99539665,-79.61095229,,,1.0,0.0,,
"1992 EWINGS MILL RD,CORAOPOLIS,PA,15108-3310",0.07692307692307693,,0.0,,0.0,,0.15384615384615385,,0.0,,40.49031903,-80.1493543,,,1.0,0.0,,
"2 1/2 MARKET ST,BENTON,PA,17814",0.3333333333333333,,0.0,,0.0,,0.6666666666666666,,0.0,,41.30701642,-76.36118419,,,1.0,0.0,,
"2 AVENUE L,MATAMORAS,PA,18336-1404",1.0,,0.0,,0.0,,2.0,,0.0,,41.37037388,-74.69733872,,,1.0,0.0,,
"2 JIM MOUNTAIN RD,NORMALVILLE,PA,15469-1164",1.0,,0.0,,0.0,,2.0,,0.0,,39.99538624,-79.44551901,,,1.0,0.0,,
"2 PARKWAY CTR,PITTSBURGH,PA,15220-3510",0.16666666666666666,,0.0,,0.3333333333333333,,0.3333333333333333,,0.0,,40.42526623,-80.03994911,,,1.0,0.0,,
"200 BARR HARBOR DR # 400-4079,CONSHOHOCKEN,PA,19428-2977",2.2333333333333334,,0.0,,0.0,,4.466666666666667,,0.0,,40.06924378,-75.30940762,,,1.0,0.0,,
"200 BARR HARBOR DR STE 100-4079,CONSHOHOCKEN,PA,19428-2977",0.25,,0.0,,0.0,,0.5,,0.0,,40.06924378,-75.30940762,,,1.0,0.0,,
"200 BARR HARBOR DR STE 400,W CNSHOHOCKEN,PA,19428-2978",4.2,,0.5,,0.0,,8.4,,1.0,,40.06924378,-75.30940762,,,1.0,0.0,,
"200 BARR HARBOR DR STE 400-407,CONSHOHOCKEN,PA,19428-2977",8.305555555555554,,0.25,,0.25,,16.611111111111107,,0.5,,40.06924378,-75.30940762,,,1.0,0.0,,
"200 BARR HARBOR DR STE 400-408,CONSHOHOCKEN,PA,19428-2977",2.916666666666666,,0.0,,0.0,,5.833333333333332,,0.0,,40.06924378,-75.30940762,,,1.0,0.0,,
"200 E BROWN ST,EAST STROUDSBURG,PA,18301-3006",0.09090909090909093,,0.0,,0.0,,0.18181818181818185,,0.0,,40.99213438,-75.17548712,,,1.0,0.0,,
"201 ARCH ST,MEADVILLE,PA,16335-3443",0.0,,0.0,,0.25,,0.0,,0.0,,41.63726120000001,-80.15520584,,,1.0,0.0,,
"2012 BRIDGE RD,SKIPPACK,PA,19474-0137",1.0,,0.0,,0.0,,2.0,,0.0,,40.221789,-75.38797249,,,1.0,0.0,,
"202 UNION ST STE 3,TITUSVILLE,PA,16354-1166",0.5,,0.0,,0.0,,1.0,,0.0,,41.63315221,-79.67514817,,,1.0,0.0,,
"202 UNION ST,TITUSVILLE,PA,16354-1166",1.5,,0.0,,0.0,,3.0,,0.0,,41.63315221,-79.67514817,,,1.0,0.0,,
"2031 W CHESTNUT ST,WASHINGTON,PA,15301-2641",0.8333333333333333,,0.0,,0.0,,1.6666666666666663,,0.0,,40.16318643,-80.28559552,,,1.0,0.0,,
"20421 ROUTE 19 STE 320,CRANBERRY TWP,PA,16066-7517",0.0,,0.2,,0.0,,0.0,,0.4,,40.69547182,-80.10455613,,,1.0,0.0,,
"20421 ROUTE 19,CRANBERRY TOWNSHIP,PA,16066-7513",0.0,,0.2,,0.0,,0.0,,0.4,,40.69547182,-80.10455613,,,1.0,0.0,,
"20421 ROUTE 19,CRANBERRY TWP,PA,16066-7513",0.0,,0.2,,0.0,,0.0,,0.4,,40.69547182,-80.10455613,,,1.0,0.0,,
"209 HUNTER ST STE 103-4,MEDIA,PA,19063-5700",0.09090909090909093,,0.0,,0.3206349206349206,,0.18181818181818185,,0.0,,39.90971323,-75.4401846,,,1.0,0.0,,
"211 N 12TH ST,LEHIGHTON,PA,18235",0.5,,0.0,,0.0,,1.0,,0.0,,40.83246713,-75.72676863,,,1.0,0.0,,
"2131 NORTHAMPTON ST STE 1,EASTON,PA,18042-3141",0.0,,0.0,,0.3333333333333333,,0.0,,0.0,,40.68907543,-75.24452378,,,1.0,0.0,,
"214 STATE RD,ELWYN,PA,19063-1319",1.0,,0.0,,0.0,,2.0,,0.0,,39.93020813,-75.38099108,,,1.0,0.0,,
"2144 CECIL B MOORE AVE,PHILADELPHIA,PA,19121-4014",3.0,,0.0,,0.5,,6.0,,0.0,,39.98025063,-75.17022517,,,1.0,0.0,,
"2159 WHITE ST STE B118,YORK,PA,17404-4943",1.0,,0.0,,0.0,,2.0,,0.0,,39.96294059,-76.77124207,,,1.0,0.0,,
"2160 NOLL DR STE 300,LANCASTER,PA,17603-7608",0.05555555555555555,,0.17257038204990882,,0.0,,0.1111111111111111,,0.34514076409981764,,40.04756534,-76.36195791,,,1.0,0.0,,
"219 E MAIN ST STE 113,MECHANICSBURG,PA,17055-6541",0.5,,0.0,,0.0,,1.0,,0.0,,40.21452591,-77.00377723,,,1.0,0.0,,
"219 N MAIN ST,PUNXSUTAWNEY,PA,15767-1217",0.3333333333333333,,0.0,,0.0,,0.6666666666666666,,0.0,,40.945161799999994,-78.99291312,,,1.0,0.0,,
"2215 MARKET ST,WARREN,PA,16365-4656",1.0,,0.0,,0.0,,2.0,,0.0,,41.8718402,-79.15360466,,,1.0,0.0,,
"222 W CUNNINGHAM ST,MIDLAND,PA,15059-1312",0.1111111111111111,,0.0,,0.0,,0.2222222222222222,,0.0,,40.639092,-80.45595349,,,1.0,0.0,,
"2230 N 5TH STREET HWY STE 10,READING,PA,19605-2802",0.020408163265306117,,0.0,,0.0,,0.040816326530612235,,0.0,,40.36899631,-75.92679845,,,1.0,0.0,,
"226 WILLOW VALLEY LAKES DR,WILLOW STREET,PA,17584-9665",0.0,,0.0,,0.3333333333333333,,0.0,,0.0,,39.98704037,-76.2737162,,,1.0,0.0,,
"227 BUSTLETON PIKE,FEASTERVILLE TREVOSE,PA,19053-6448",1.0,,0.0,,0.0,,2.0,,0.0,,40.14179733,-75.00598384,,,1.0,0.0,,
"227 GRANITE RUN DR STE 110,LANCASTER,PA,17601-6813",0.0,,0.0,,1.0,,0.0,,0.0,,40.07618492,-76.33286301,,,1.0,0.0,,
"2299 BRODHEAD RD STE C-1,BETHLEHEM,PA,18020-8908",1.0909090909090908,,2.125,,0.0,,2.1818181818181817,,4.25,,40.677650299999996,-75.37238526,,,1.0,0.0,,
"230 N CRAIG ST,PITTSBURGH,PA,15213-1565",0.0,,0.0,,0.2,,0.0,,0.0,,40.4509017,-79.95137179,,,1.0,0.0,,
"2300 W MASTER ST,PHILADELPHIA,PA,19121-4739",0.75,,0.0,,0.0,,1.5,,0.0,,39.97644466,-75.17421781,,,1.0,0.0,,
"2310 E ALLEGHENY AVE,PHILADELPHIA,PA,19134-4401",0.08333333333333333,,0.0,,0.0,,0.16666666666666666,,0.0,,39.98935896,-75.10713559999998,,,1.0,0.0,,
"2320 DOGWOOD RD,DOVER,PA,17315-4426",1.0,,0.0,,0.0,,2.0,,0.0,,39.98666034,-76.83504467,,,1.0,0.0,,
"2323 CARLISLE RD,YORK,PA,17408-4057",1.0,,0.0,,0.0,,2.0,,0.0,,39.97883679,-76.80010556,,,1.0,0.0,,
"2327 COTTMAN AVE,PHILADELPHIA,PA,19149",0.5,,0.0,,0.0,,1.0,,0.0,,40.04741109,-75.05934881,,,1.0,0.0,,
"235 CIRCLE AVE,LANCASTER,PA,17602-4668",0.3333333333333333,,0.0,,0.0,,0.6666666666666666,,0.0,,40.0326656,-76.2841894,,,1.0,0.0,,
"2360 HOSPITAL DR STE 7,ALIQUIPPA,PA,15001-2160",0.0,,0.0,,0.0625,,0.0,,0.0,,40.61169569,-80.28645638,,,1.0,0.0,,
"2361 BRISTOL RD,ANDALUSIA,PA,19020-6000",0.0,,0.0625,,0.0,,0.0,,0.125,,40.13163892,-74.92375519,,,1.0,0.0,,
"2361 BRISTOL RD,WARRINGTON,PA,18976",0.0,,0.0,,0.05263157894736842,,0.0,,0.0,,40.2512211,-75.13266772,,,1.0,0.0,,
"237 PENN AVE,SCRANTON,PA,18503-1921",1.0,,0.0,,0.0,,2.0,,0.0,,41.41047741,-75.66533173,,,1.0,0.0,,
"238 FREDERICK ST,HANOVER,PA,17331-3653",1.0,,0.0,,0.0,,2.0,,0.0,,39.79824842,-76.98667653,,,1.0,0.0,,
"239 NORTHERN BLVD STE B,SOUTH ABINGTON TOWNSHIP,PA,18411-9302",0.5,,0.0,,0.0,,1.0,,0.0,,41.46834245,-75.67201551,,,1.0,0.0,,
"239 NORTHERN BLVD,S ABINGTN TWP,PA,18411-9302",0.5,,0.0,,0.0,,1.0,,0.0,,41.46834245,-75.67201551,,,1.0,0.0,,
"24 S 14TH ST # 101,QUAKERTOWN,PA,18951-1147",0.14285714285714285,,0.0,,0.0,,0.2857142857142857,,0.0,,40.44184355,-75.35399836,,,1.0,0.0,,
"242 S HIGHLAND AVE STE 201,PITTSBURGH,PA,15206-3937",4.766666666666667,,0.0,,0.0,,9.533333333333333,,0.0,,40.45771959,-79.92518955,,,1.0,0.0,,
"2471 NAPFLE ST STE 3C,PHILADELPHIA,PA,19152-3855",0.5,,0.0,,0.0,,1.0,,0.0,,40.05238695,-75.05240483,,,1.0,0.0,,
"2471 NAPFLE ST,PHILADELPHIA,PA,19152-3855",0.5,,0.0,,0.0,,1.0,,0.0,,40.05238695,-75.05240483,,,1.0,0.0,,
"2480 S GRANDE BLVD,GREENSBURG,PA,15601-8902",0.2,,0.0,,0.0,,0.4,,0.0,,40.26943872,-79.55806543,,,1.0,0.0,,
"2496 BRODHEAD RD STE D,ALIQUIPPA,PA,15001-4232",0.07692307692307693,,0.0,,0.0,,0.15384615384615385,,0.0,,40.5951437,-80.27378027,,,1.0,0.0,,
"2501 N 3RD ST,HARRISBURG,PA,17110",1.0,,0.0,,0.0,,2.0,,0.0,,40.285699,-76.89879894,,,1.0,0.0,,
"260 NEW YORK DR # 104,FORT WASHINGTON,PA,19034-2515",0.028571428571428567,,0.0,,0.0,,0.057142857142857134,,0.0,,40.13926495,-75.19840943,,,1.0,0.0,,
"2600 W 9TH ST,CHESTER,PA,19013-2040",1.8333333333333333,,0.0,,0.0,,3.6666666666666665,,0.0,,39.83748933,-75.39299007,,,1.0,0.0,,
"2601 E ALLEGHENY AVE FL 1,PHILADELPHIA,PA,19134-5103",1.0,,0.0,,0.0,,2.0,,0.0,,39.98549472,-75.10363992,,,1.0,0.0,,
"2685 KNIGHTS RD,BENSALEM,PA,19020-3406",0.25,,0.0,,0.0,,0.5,,0.0,,40.10082417,-74.95469346,,,1.0,0.0,,
"2690 WILLIAM PENN AVE,JOHNSTOWN,PA,15909-1029",0.5,,0.0,,0.0,,1.0,,0.0,,40.40442498,-78.85557509,,,1.0,0.0,,
"2734 E ALLEGHENY AVE FL 1,PHILADELPHIA,PA,19134-5917",0.5,,0.0,,0.0,,1.0,,0.0,,39.98333082,-75.1017829,,,1.0,0.0,,
"275 WILMINGTON W CHESTER PIKE STE 111,CHADDS FORD,PA,19317-9077",0.0,,0.0,,0.5,,0.0,,0.0,,39.85403265,-75.53958022,,,1.0,0.0,,
"275 WILMINGTON W CHESTER PIKE,CHADDS FORD,PA,19317-9077",0.5,,0.0,,0.0,,1.0,,0.0,,39.85403265,-75.53958022,,,1.0,0.0,,
"2795 SULLIVANS TRL # 92,FALLS,PA,18615-7949",0.3333333333333333,,0.0,,0.0,,0.6666666666666666,,0.0,,41.44534478,-75.85739772,,,1.0,0.0,,
"2807 WILMINGTON RD,NEW CASTLE,PA,16105",1.3527777777777783,,0.0,,0.08465608465608465,,2.7055555555555566,,0.0,,41.0388292,-80.35701274,,,1.0,0.0,,
"2888 SR 29 S STE 1,MONROE TWP,PA,18636-7854",0.5833333333333333,,0.0,,0.0,,1.1666666666666663,,0.0,,41.42699476,-76.02466609,,,1.0,0.0,,
"292 W RIDGE PIKE  STE A,ROYERSFORD,PA,19468-3716",0.08056265984654731,,0.125,,0.0,,0.16112531969309465,,0.25,,40.22881819,-75.51826951,,,1.0,0.0,,
"300 COMMUNITY DR STE C2,TOBYHANNA,PA,18466-8992",0.5,,0.0,,0.0,,1.0,,0.0,,41.14853345,-75.37310557,,,1.0,0.0,,
"300 COMMUNITY DR,TOBYHANNA,PA,18466-8978",0.5,,0.0,,0.0,,1.0,,0.0,,41.14853345,-75.37310557,,,1.0,0.0,,
"301 OXFORD VALLEY RD STE 1301,YARDLEY,PA,19067-7706",1.0,,0.0,,0.0,,2.0,,0.0,,40.20750588,-74.86580707,,,1.0,0.0,,
"301 OXFORD VALLEY RD STE 301A,YARDLEY,PA,19067-7709",0.5,,0.0,,0.0,,1.0,,0.0,,40.20618969,-74.86656373,,,1.0,0.0,,
"303 E MAPLE ST,COUDERSPORT,PA,16915-1522",0.3333333333333333,,0.0,,0.0,,0.6666666666666666,,0.0,,41.77042448,-78.01821077,,,1.0,0.0,,
"3101 BRISTOL RD STE 1,BENSALEM,PA,19020-2168",2.4585946255897,,0.34560386530827963,,0.0,,4.9171892511794,,0.6912077306165593,,40.13467157,-74.93699029,,,1.0,0.0,,
"3115 MAIN ST,W MIDDLESEX,PA,16159-3411",0.5,,0.0,,0.0,,1.0,,0.0,,41.17424026,-80.45400136,,,1.0,0.0,,
"3136 MAIN ST,HOMESTEAD,PA,15120-2758",1.0,,0.0,,0.0,,2.0,,0.0,,40.38820943,-79.90178043,,,1.0,0.0,,
"315 W PROSPECT AVE,PITTSBURGH,PA,15205-1924",0.07692307692307693,,0.0,,0.0,,0.15384615384615385,,0.0,,40.44644856,-80.07877199,,,1.0,0.0,,
"3156 KENSINGTON AVE STE 7,PHILADELPHIA,PA,19134-2400",2.0,,0.0,,0.0,,4.0,,0.0,,39.99604329,-75.11427416,,,1.0,0.0,,
"315W MARKET SQ,POTTSVILLE,PA,17901-2233",1.0,,0.0,,0.0,,2.0,,0.0,,40.68471925,-76.19783913,,,1.0,0.0,,
"32 NORTHEAST DR STE 102,HERSHEY,PA,17033-2760",0.0,,0.0,,0.3333333333333333,,0.0,,0.0,,40.29297052,-76.64898199,,,1.0,0.0,,
"320 E NORTH AVE STE 107,PITTSBURGH,PA,15212-4756",0.5833333333333333,,0.0,,0.5,,1.1666666666666663,,0.0,,40.45610117,-80.00338914,,,1.0,0.0,,
"320 E NORTH AVE STE 111,PITTSBURGH,PA,15212-4756",1.25,,0.0,,0.0,,2.5,,0.0,,40.45610117,-80.00338914,,,1.0,0.0,,
"3200 DICKINSON ST,PHILADELPHIA,PA,19146",0.06666666666666668,,0.0,,0.0,,0.13333333333333336,,0.0,,39.93538192,-75.19735412,,,1.0,0.0,,
"3217 WEST CHESTER PIKE STE C,NEWTOWN SQ,PA,19073-4289",0.0,,0.0,,0.3333333333333333,,0.0,,0.0,,39.98424244,-75.38220069,,,1.0,0.0,,
"3217 WEST CHESTER PIKE,NEWTOWN SQUARE,PA,19073-4289",0.0,,0.0,,0.3333333333333333,,0.0,,0.0,,39.984252500000004,-75.38220094,,,1.0,0.0,,
"324 S 34TH ST FL 2,PHILADELPHIA,PA,19104-5401",0.0,,0.5,,0.0,,0.0,,1.0,,39.94925536,-75.19283289,,,1.0,0.0,,
"3307 LINCOLN HWY STE 105,THORNDALE,PA,19372-1010",0.14285714285714285,,0.0,,0.0,,0.2857142857142857,,0.0,,39.99419509,-75.75736073,,,1.0,0.0,,
"331 W BOOT RD,WEST CHESTER,PA,19380-1109",1.0,,0.0,,0.0,,2.0,,0.0,,40.006530100000006,-75.62926448,,,1.0,0.0,,
"332 5TH AVE STE 309,MCKEESPORT,PA,15132-2616",0.25,,0.5,,0.0,,0.5,,1.0,,40.35110259,-79.86355176,,,1.0,0.0,,
"332 BUSTLETON PIKE REAR,FEASTERVILLE TREVOSE,PA,19053-7856",0.5,,0.0,,0.0,,1.0,,0.0,,40.14288524,-75.00566266,,,1.0,0.0,,
"332 BUSTLETON PIKE STE REAR,FEASTERVILLE TREVOSE,PA,19053-7856",0.5,,0.0,,0.0,,1.0,,0.0,,40.14288524,-75.00566266,,,1.0,0.0,,
"335 MARKET ST STE 1,SUNBURY,PA,17801-3411",3.45,,0.0,,0.0,,6.9,,0.0,,40.86147018,-76.79209991,,,1.0,0.0,,
"339 5TH AVE,MCKEESPORT,PA,15132",1.0,,0.0,,0.0,,2.0,,0.0,,40.3511544,-79.86357473,,,1.0,0.0,,
"34 S MAIN ST STE 10,WILKES BARRE,PA,18701-1723",0.0,,0.0,,1.25,,0.0,,0.0,,41.24488343,-75.88360746,,,1.0,0.0,,
"3400 ARAMINGO AVE # A-4,PHILADELPHIA,PA,19134-4513",0.5,,0.0,,0.0,,1.0,,0.0,,39.99161064,-75.10050703,,,1.0,0.0,,
"3400 CIVIC CENTER BLVD # 4,PHILADELPHIA,PA,19104-5127",3.783333333333333,,0.0,,0.6666666666666666,,7.566666666666666,,0.0,,39.94805431,-75.19315373,,,1.0,0.0,,
"3400 CIVIC CENTER BLVD,PHILADELPHIA,PA,19104",1.9333333333333331,,0.0,,0.0,,3.8666666666666663,,0.0,,39.94805431,-75.19315373,,,1.0,0.0,,
"3400 CIVIC CENTER BLVD,PHILADELPHIA,PA,19104-5127",0.0,,0.0,,0.3333333333333333,,0.0,,0.0,,39.94805431,-75.19315373,,,1.0,0.0,,
"3400 SPRUCE ST,PHILADELPHIA,PA,19104-4238",1.0,,0.0,,0.0,,2.0,,0.0,,39.95094265,-75.19686323,,,1.0,0.0,,
"344 BUDFIELD ST STE 1,JOHNSTOWN,PA,15904-3214",0.0,,0.0,,0.2,,0.0,,0.0,,40.270476200000004,-78.84681582,,,1.0,0.0,,
"344 N WYOMISSING BLVD,READING,PA,19610-2936",0.5,,0.0,,0.0,,1.0,,0.0,,40.3440805,-75.95528069,,,1.0,0.0,,
"3459 5TH AVE STE 202,PITTSBURGH,PA,15213-3236",0.7833333333333333,,0.0,,0.0,,1.5666666666666669,,0.0,,40.43998212,-79.96096979,,,1.0,0.0,,
"3459 5TH AVE,PITTSBURGH,PA,15213-3236",0.7833333333333333,,0.0,,0.3333333333333333,,1.5666666666666669,,0.0,,40.43998212,-79.96096979,,,1.0,0.0,,
"35 S MAIN ST,PITTSTON,PA,18640-1815",0.5,,0.0,,0.0,,1.0,,0.0,,41.32179977,-75.79116822,,,1.0,0.0,,
"350 BIRCH ST,PATTON,PA,16668-1138",0.3333333333333333,,0.0,,0.0,,0.6666666666666666,,0.0,,40.63844867,-78.64636473,,,1.0,0.0,,
"350 SHARON NEW CASTLE RD,FARRELL,PA,16121",2.2916666666666665,,0.0,,0.08465608465608465,,4.583333333333333,,0.0,,41.20815539,-80.47159019,,,1.0,0.0,,
"3500 5TH AVE,PITTSBURGH,PA,15213-3337",0.5,,0.0,,0.0,,1.0,,0.0,,40.44056812,-79.96007509,,,1.0,0.0,,
"3501 TERRACE ST SALK HALL,PITTSBURGH,PA,15261-0001",0.5,,0.0,,0.8333333333333333,,1.0,,0.0,,40.4428609,-79.96200008,,,1.0,0.0,,
"3501 TERRACE STREET SUITE 3189,PITTSBURGH,PA,15261-0001",0.0,,0.0,,0.3333333333333333,,0.0,,0.0,,40.4428609,-79.96200008,,,1.0,0.0,,
"3509 N BROAD ST # 6,PHILADELPHIA,PA,19140-4105",1.4688375350140055,,0.8888888888888888,,0.0,,2.937675070028011,,1.7777777777777777,,40.00629902,-75.15180541,,,1.0,0.0,,
"351 LOUCKS RD STE E4,YORK,PA,17404-1740",0.5,,0.0,,0.0,,1.0,,0.0,,39.98362006,-76.74010226,,,1.0,0.0,,
"351 W SCHUYLKILL RD STE G,POTTSTOWN,PA,19465-7438",0.4777777777777778,,0.0,,0.0,,0.9555555555555556,,0.0,,40.23563400000001,-75.66252749,,,1.0,0.0,,
"355  5TH AVE  STE 1300,PITTSBURGH,PA,15222-2410",0.0,,0.0,,0.3333333333333333,,0.0,,0.0,,40.44017246,-79.99884399999998,,,1.0,0.0,,
"356 N POTTSTOWN PIKE # 100,EXTON,PA,19341-2220",0.5,,0.0,,0.0,,1.0,,0.0,,40.04087324,-75.63376999,,,1.0,0.0,,
"356 N POTTSTOWN PIKE STE 100,EXTON,PA,19341-2220",0.5,,0.0,,0.0,,1.0,,0.0,,40.04087324,-75.63376999,,,1.0,0.0,,
"3564 HEINDEL RD,YORK,PA,17402-8624",0.3333333333333333,,0.0,,0.0,,0.6666666666666666,,0.0,,39.98947299,-76.65296184,,,1.0,0.0,,
"357 S GULPH RD STE 1,KING OF PRUSSIA,PA,19406-3136",0.3333333333333333,,0.0,,0.0,,0.6666666666666666,,0.0,,40.08012312,-75.37094931,,,1.0,0.0,,
"360 KIDDER ST STE 5,WILKES BARRE,PA,18702-5619",1.3333333333333333,,0.0,,0.0,,2.6666666666666665,,0.0,,41.2499659,-75.85616747,,,1.0,0.0,,
"360 KIDDER ST STE 5A,WILKES BARRE,PA,18702-5619",0.5,,0.0,,0.0,,1.0,,0.0,,41.2499659,-75.85616747,,,1.0,0.0,,
"360 KIDDER ST,BEAR CREEK TOWNSHIP,PA,18702-5619",1.3333333333333333,,0.0,,0.0,,2.6666666666666665,,0.0,,41.2499659,-75.85616747,,,1.0,0.0,,
"363 E STREET RD,FEASTERVILLE TREVOSE,PA,19053-7711",0.5,,0.0,,0.0,,1.0,,0.0,,40.1449684,-74.99251024,,,1.0,0.0,,
"3737 MARKET ST FL 3,PHILADELPHIA,PA,19104-5545",0.2,,0.0,,0.0,,0.4,,0.0,,39.95660774,-75.19675367,,,1.0,0.0,,
"375 MARTZVILLE RD,BERWICK,PA,18603-1334",2.0,,0.0,,0.0,,4.0,,0.0,,41.06784920000001,-76.25307592,,,1.0,0.0,,
"3808 BRIGHTON RD,ALLEGHENY,PA,15212-1676",1.5,,0.0,,0.0,,3.0,,0.0,,40.48486884,-80.03601276,,,1.0,0.0,,
"3835 GREEN POND RD,BETHLEHEM,PA,18020-7568",1.0,,0.0,,0.0,,2.0,,0.0,,40.67459546,-75.3278622,,,1.0,0.0,,
"3901 PENN AVE BLDG 1,PITTSBURGH,PA,15224-1318",0.5,,0.0,,0.0,,1.0,,0.0,,40.46498725,-79.95929892,,,1.0,0.0,,
"394 RODI RD,PENN HILLS,PA,15235-3307",0.5,,0.0,,0.0,,1.0,,0.0,,40.45707039,-79.82325739,,,1.0,0.0,,
"399 ARCOLA RD STE 1,COLLEGEVILLE,PA,19426-3998",0.3333333333333333,,0.0,,0.0,,0.6666666666666666,,0.0,,40.15725108,-75.46496492,,,1.0,0.0,,
"4 S 4TH ST FL 1,READING,PA,19602-2819",0.5,,0.0,,0.0,,1.0,,0.0,,40.33524577,-75.92986477,,,1.0,0.0,,
"40 BERKSHIRE CT,WYOMISSING,PA,19610-1224",1.0,,0.0,,0.0,,2.0,,0.0,,40.34145605,-75.97538618,,,1.0,0.0,,
"400 MCFARLAN RD STE 200,KENNETT SQ,PA,19348-2477",0.3333333333333333,,0.0,,0.0,,0.6666666666666666,,0.0,,39.85538067,-75.69353846,,,1.0,0.0,,
"400 W ALLEGHENY AVE STE B-1,PHILADELPHIA,PA,19133-3614",0.8058913308913309,,0.0,,0.0,,1.6117826617826618,,0.0,,39.99946165,-75.13645549,,,1.0,0.0,,
"4000 WATERDAM PLAZA DR,MCMURRAY,PA,15317-2494",0.0,,0.4,,0.0,,0.0,,0.8,,40.26412557,-80.13562426,,,1.0,0.0,,
"401 COMMERCE DR UNIT 204,FORT WASHINGTON,PA,19034-2714",0.07142857142857142,,0.0,,0.0,,0.14285714285714285,,0.0,,40.13778117,-75.19655163,,,1.0,0.0,,
"404 MCFARLAN RD STE 302A,KENNETT SQUARE,PA,19348-2479",0.5,,0.0,,0.0,,1.0,,0.0,,39.85537167,-75.69353846,,,1.0,0.0,,
"404 MCFARLAN RD,KENNETT SQ,PA,19348-2479",0.5,,0.0,,0.0,,1.0,,0.0,,39.85537167,-75.69353846,,,1.0,0.0,,
"4040 MARKET ST,PHILADELPHIA,PA,19104-3003",2.7,,0.0,,0.0,,5.4,,0.0,,39.957314600000004,-75.2034851,,,1.0,0.0,,
"415 13TH ST,FRANKLIN,PA,16323-1310",1.0,,0.0,,0.0,,2.0,,0.0,,41.39772864,-79.83147655,,,1.0,0.0,,
"415 E OHIO ST,PITTSBURGH,PA,15212-5586",1.0,,0.0,,0.0,,2.0,,0.0,,40.45337281,-80.00112453,,,1.0,0.0,,
"416 CONSTITUTION BLVD,NEW BRIGHTON,PA,15066-2900",0.0,,1.0,,0.0,,0.0,,2.0,,40.71685835,-80.3090439,,,1.0,0.0,,
"4227 MANOR DR,STROUDSBURG,PA,18360-9451",0.2,,0.0,,0.0,,0.4,,0.0,,40.9491714,-75.28838368,,,1.0,0.0,,
"4230 CRUMS MILL RD FL,HARRISBURG,PA,17112-2898",0.2213411934822238,,0.6712670547758168,,0.08711433756805806,,0.4426823869644476,,1.3425341095516337,,40.30755441,-76.82651175,,,1.0,0.0,,
"4230 CRUMS MILL RD STE 2,HARRISBURG,PA,17112-2898",0.5084555310502819,,0.7895371052709312,,0.0,,1.0169110621005637,,1.5790742105418625,,40.30755441,-76.82651175,,,1.0,0.0,,
"4230 CRUMS MILL RD STE 2ND,HARRISBURG,PA,17112-2898",0.31172350490649103,,0.7395371052709314,,0.03448275862068965,,0.6234470098129821,,1.4790742105418628,,40.30755441,-76.82651175,,,1.0,0.0,,
"4290 WILLIAM FLYNN HWY,ALLISON PARK,PA,15101-1443",0.25,,0.0,,0.0,,0.5,,0.0,,40.57628196,-79.95450935,,,1.0,0.0,,
"432 N 6TH ST,PHILADELPHIA,PA,19123",1.3206349206349204,,0.0,,0.0,,2.6412698412698408,,0.0,,39.95907748,-75.14868198,,,1.0,0.0,,
"4401 PENN AVE FL 3,PITTSBURGH,PA,15224-1334",0.25,,0.3333333333333333,,0.0,,0.5,,0.6666666666666666,,40.46608029,-79.95288863,,,1.0,0.0,,
"4401 PENN AVE FL 7,PITTSBURGH,PA,15224-1334",0.25,,1.6666666666666663,,0.0,,0.5,,3.3333333333333326,,40.46608029,-79.95288872,,,1.0,0.0,,
"4411 STILLEY RD,BRENTWOOD,PA,15227-1368",0.25,,0.0,,0.0,,0.5,,0.0,,40.36128112,-79.98230594,,,1.0,0.0,,
"446 N CLAUDE A LORD BLVD,POTTSVILLE,PA,17901-2706",0.3333333333333333,,0.0,,0.0,,0.6666666666666666,,0.0,,40.69382006,-76.19153859,,,1.0,0.0,,
"450 CRESSON BLVD BLD STE # 210,PHOENIXVILLE,PA,19460-6127",1.2337662337662338,,0.0,,0.15942307692307695,,2.467532467532468,,0.0,,40.13134563,-75.450846,,,1.0,0.0,,
"450 CRESSON BLVD STE 210,OAKS,PA,19456",1.7163714765593585,,0.02,,0.7256206574045448,,3.432742953118717,,0.04,,40.129129999999996,-75.45309999,,,1.0,0.0,,
"451 HYDE PARK RD,LEECHBURG,PA,15656-9417",0.0,,0.0,,0.3333333333333333,,0.0,,0.0,,40.60454904,-79.60488740000002,,,1.0,0.0,,
"4512 NEW FALLS RD,LEVITTOWN,PA,19056-3011",1.0,,0.0,,0.0,,2.0,,0.0,,40.13595733,-74.88206842,,,1.0,0.0,,
"455 COCHRAN RD,MT LEBANON,PA,15228-1253",0.0,,0.0,,0.2,,0.0,,0.0,,40.38330048,-80.05254813,,,1.0,0.0,,
"456 SCHOOL LN # 104,HARLEYSVILLE,PA,19438-1703",0.14285714285714285,,0.0,,0.0,,0.2857142857142857,,0.0,,40.27927395,-75.38370536,,,1.0,0.0,,
"460 WASHINGTON RD,WASHINGTON,PA,15301-2765",0.1984126984126984,,0.0,,0.8672619047619048,,0.3968253968253968,,0.0,,40.18836855,-80.21632204,,,1.0,0.0,,
"4725 MCKNIGHT RD,PITTSBURGH,PA,15237-3414",0.0,,0.0,,0.5833333333333333,,0.0,,0.0,,40.51864839,-80.00485738,,,1.0,0.0,,
"4877 WEST CHESTER PIKE,NEWTOWN SQUARE,PA,19073",0.0,,0.0,,0.3333333333333333,,0.0,,0.0,,39.97520874,-75.44194313,,,1.0,0.0,,
"4920 US-202,HOLICONG,PA,18928",1.0,,0.0,,0.0,,2.0,,0.0,,40.32898413,-75.05480290000001,,,1.0,0.0,,
"500 E 3RD ST,BETHLEHEM,PA,18015-1314",0.16666666666666666,,0.0,,0.0,,0.3333333333333333,,0.0,,40.61207635,-75.37192522,,,1.0,0.0,,
"500 S AIKEN AVE,PITTSBURGH,PA,15232-1505",1.0,,0.0,,0.0,,2.0,,0.0,,40.45571175,-79.93848121,,,1.0,0.0,,
"501 HOWARD AVE,ALTOONA,PA,16601-4810",1.0,,0.0,,0.0,,2.0,,0.0,,40.5220326,-78.39734982,,,1.0,0.0,,
"501 W HIGH ST STE 1,WAYNESBURG,PA,15370-7209",0.125,,0.0,,0.0,,0.25,,0.0,,39.89838547,-80.19652988,,,1.0,0.0,,
"5030 STATE RD STE 2,DREXEL HILL,PA,19026-4605",0.8214285714285714,,0.0,,0.0,,1.6428571428571428,,0.0,,39.94652287,-75.32247723,,,1.0,0.0,,
"505 S WAWASET RD,WEST CHESTER,PA,19382-6762",1.0,,0.0,,0.0,,2.0,,0.0,,39.91062694,-75.66206702,,,1.0,0.0,,
"506 S MAIN ST STE 1203,ZELIENOPLE,PA,16063-1603",1.0,,0.0,,0.0,,2.0,,0.0,,40.78672239,-80.13513032,,,1.0,0.0,,
"508 PRUDENTIAL RD STE 300,HORSHAM,PA,19044-2309",0.5,,0.0,,0.0,,1.0,,0.0,,40.17043543,-75.13673957,,,1.0,0.0,,
"508 PRUDENTIAL RD,HORSHAM,PA,19044-2309",0.5,,0.0,,0.0,,1.0,,0.0,,40.17043543,-75.13673957,,,1.0,0.0,,
"51 N 39TH ST # WS565,PHILADELPHIA,PA,19104-2640",0.2,,0.2,,0.0,,0.4,,0.4,,39.95759236,-75.19943871,,,1.0,0.0,,
"510 DARBY RD STE 201,HAVERTOWN,PA,19083-4630",0.0,,0.5,,0.0,,0.0,,1.0,,39.97287344,-75.30096918,,,1.0,0.0,,
"5109 STATE ROUTE 30,GREENSBURG,PA,15601-7750",2.0277777777777777,,0.0,,0.0,,4.055555555555555,,0.0,,40.30185385,-79.49338476,,,1.0,0.0,,
"520 S MAIN ST,OLD FORGE,PA,18518-1785",1.0,,0.0,,0.0,,2.0,,0.0,,41.36688786,-75.73884862,,,1.0,0.0,,
"520 W 4TH ST STE 1C,WILLIAMSPORT,PA,17701-6038",1.0,,0.0,,0.0,,2.0,,0.0,,41.24002646,-77.01118097,,,1.0,0.0,,
"5201 OLD YORK RD STE 106,PHILADELPHIA,PA,19141-2987",0.25,,0.0,,0.0,,0.5,,0.0,,40.03237848,-75.1455673,,,1.0,0.0,,
"524 MAIN ST,KNOX,PA,16232-1916",1.0,,0.0,,0.0,,2.0,,0.0,,41.23494978,-79.53718503,,,1.0,0.0,,
"5473 VILLAGE COMMON DR,ERIE,PA,16506-4961",1.0,,0.0,,0.0,,2.0,,0.0,,42.06752142,-80.11463722,,,1.0,0.0,,
"5501  OLD YORK RD  BLDG 2ND,PHILADELPHIA,PA,19141-3018",1.0,,0.0,,1.0,,2.0,,0.0,,40.03687462,-75.14458312,,,1.0,0.0,,
"555 N DUKE ST,LANCASTER,PA,17602-2250",1.0,,0.0,,0.0,,2.0,,0.0,,40.0462534,-76.30517909,,,1.0,0.0,,
"555 SECOND AVE STE E-100,COLLEGEVILLE,PA,19426-3622",0.16666666666666666,,0.0,,0.2,,0.3333333333333333,,0.0,,40.17663037,-75.46033234,,,1.0,0.0,,
"560 RUGH ST,GREENSBURG,PA,15601-5601",0.0,,0.0,,1.0,,0.0,,0.0,,40.28545244,-79.54176051,,,1.0,0.0,,
"5629 VINE ST # C-9,PHILADELPHIA,PA,19139-1303",0.0,,1.0,,0.03448275862068965,,0.0,,2.0,,39.96581301,-75.23311213,,,1.0,0.0,,
"5629 VINE ST # C9,PHILADELPHIA,PA,19139-1303",0.020408163265306117,,0.0,,0.0,,0.040816326530612235,,0.0,,39.96581301,-75.23311213,,,1.0,0.0,,
"5629 VINE ST STE C,PHILADELPHIA,PA,19139-1303",0.27724074628580136,,0.7395371052709314,,0.0689655172413793,,0.5544814925716027,,1.4790742105418628,,39.96581301,-75.23311213,,,1.0,0.0,,
"5629 VINE ST STE C-0,PHILADELPHIA,PA,19139-1303",0.027777777777777776,,0.0,,0.0,,0.05555555555555555,,0.0,,39.96581301,-75.23311213,,,1.0,0.0,,
"5629 VINE ST STE C-9,PHILADELPHIA,PA,19139-1303",0.0,,0.021739130434782608,,0.0,,0.0,,0.043478260869565216,,39.96581301,-75.23311213,,,1.0,0.0,,
"5828 MARKET ST # 2B,PHILADELPHIA,PA,19139-3152",3.5317460317460316,,0.1111111111111111,,0.0,,7.063492063492062,,0.2222222222222222,,39.96153564,-75.23801381,,,1.0,0.0,,
"5828 MARKET ST FL B2,PHILADELPHIA,PA,19139-3152",0.0,,0.1111111111111111,,0.0,,0.0,,0.2222222222222222,,39.96153564,-75.23801381,,,1.0,0.0,,
"5923 CHAPMANS RD,OREFIELD,PA,18069-8821",1.0,,0.0,,0.0,,2.0,,0.0,,40.5944584,-75.59406405,,,1.0,0.0,,
"5940 HAMILTON BLVD,WESCOSVILLE,PA,18106-9648",1.0,,0.0,,0.0,,2.0,,0.0,,40.55837945,-75.57263163,,,1.0,0.0,,
"596 LANCASTER AVE STE 300,MALVERN,PA,19355-1808",0.05555555555555555,,0.07437070938215103,,0.0,,0.1111111111111111,,0.14874141876430205,,40.03499576,-75.57279823,,,1.0,0.0,,
"5990 UNIVERSITY BLVD,CORAOPOLIS,PA,15108-4229",2.0,,0.0,,0.0,,4.0,,0.0,,40.51993309,-80.2178002,,,1.0,0.0,,
"6  DICKINSON DR  STE 116,CHADDS FORD,PA,19317-9689",0.25,,0.0,,0.0,,0.5,,0.0,,39.87560977,-75.54798226,,,1.0,0.0,,
"6 DICKINSON DR,CHADDS FORD,PA,19317-9689",0.25,,0.0,,0.0,,0.5,,0.0,,39.87560977,-75.54798226,,,1.0,0.0,,
"600 E TOWNSHIP LINE RD STE 1,HAVERTOWN,PA,19083-5716",1.1428571428571428,,0.0,,0.0,,2.2857142857142856,,0.0,,39.97340593,-75.28388484,,,1.0,0.0,,
"600 E TOWNSHIP LINE RD,HAVERTOWN,PA,19083-5716",0.14285714285714285,,0.0,,0.0,,0.2857142857142857,,0.0,,39.97358809,-75.28350385,,,1.0,0.0,,
"608 E MCMURRAY RD,MCMURRAY,PA,15317-3440",0.027777777777777776,,0.0,,0.0,,0.05555555555555555,,0.0,,40.2797033,-80.08253924,,,1.0,0.0,,
"6100 WOODLAND AVE,PHILADELPHIA,PA,19142-3224",0.2,,0.0,,0.0,,0.4,,0.0,,39.92914383,-75.22921284,,,1.0,0.0,,
"6120 WOODLAND AVE,PHILADELPHIA,PA,19142-3224",0.65,,0.0,,0.0,,1.3,,0.0,,39.92890367,-75.22948502,,,1.0,0.0,,
"6140A WOODLAND AVE,PHILADELPHIA,PA,19142-3224",0.4666666666666667,,0.0,,0.0,,0.9333333333333332,,0.0,,39.92870070000001,-75.22976471,,,1.0,0.0,,
"616 S PIKE RD,SARVER,PA,16055-9539",0.0,,0.0,,0.3333333333333333,,0.0,,0.0,,40.70194564,-79.72167915,,,1.0,0.0,,
"62 MAIN ST,GRAMPIAN,PA,16838",0.5,,0.0,,0.0,,1.0,,0.0,,40.96402841,-78.60936966,,,1.0,0.0,,
"625 N CHARLOTTE ST STE 2,POTTSTOWN,PA,19464-4645",0.0,,0.16666666666666666,,0.0,,0.0,,0.3333333333333333,,40.25569045,-75.6412468,,,1.0,0.0,,
"626 WATER ST STE 2,ORBISONIA,PA,17243-9432",0.5,,0.0,,0.0,,1.0,,0.0,,40.24041253,-77.89185408,,,1.0,0.0,,
"639 RED LION RD,HUNTINGDON VALLEY,PA,19006-6216",1.2,,0.0,,0.0,,2.4,,0.0,,40.12456265,-75.06162961,,,1.0,0.0,,
"6404 ROOSEVELT BLVD LOWR LEVEL,PHILADELPHIA,PA,19149-2943",1.7923024472947071,,0.875,,0.0,,3.5846048945894142,,1.75,,40.03559304,-75.0695902,,,1.0,0.0,,
"6404 ROOSEVELT BLVD STE 2ND,PHILADELPHIA,PA,19149-2943",0.3333333333333333,,0.0,,2.0,,0.6666666666666666,,0.0,,40.03559304,-75.0695902,,,1.0,0.0,,
"6412 FRANKFORD AVE # 10,PHILADELPHIA,PA,19135-3005",0.3333333333333333,,0.0,,0.0,,0.6666666666666666,,0.0,,40.02880345,-75.05746887,,,1.0,0.0,,
"66 CAREY SCHOOL RD,LIGONIER,PA,15658-8758",1.0,,0.0,,0.0,,2.0,,0.0,,40.2572975,-79.23699302,,,1.0,0.0,,
"6660 PEACH ST STE C-12,ERIE,PA,16509-7720",7.007695082695083,,0.0,,0.5124338624338625,,14.015390165390166,,0.0,,42.05803497,-80.09120416,,,1.0,0.0,,
"6660 PEACH ST UNIT 012,ERIE,PA,16509-7718",0.0,,0.0,,0.2,,0.0,,0.0,,42.05803497,-80.09120416,,,1.0,0.0,,
"680 WASHINGTON RD,PITTSBURGH,PA,15228-1925",0.0,,0.5,,0.0,,0.0,,1.0,,40.38038679,-80.04467258,,,1.0,0.0,,
"7 CHAMBERSBURG ST,GETTYSBURG,PA,17325-1102",1.0,,0.0,,0.0,,2.0,,0.0,,39.83099959,-77.2314734,,,1.0,0.0,,
"7 GLASSWORKS RD STE 1,GREENSBORO,PA,15338-9507",0.125,,0.0,,0.0,,0.25,,0.0,,39.80068166,-79.9151012,,,1.0,0.0,,
"70 2 1/2 ST,BENTON,PA,17814-7513",0.3333333333333333,,0.0,,0.0,,0.6666666666666666,,0.0,,41.30447467,-76.36226884,,,1.0,0.0,,
"700 HERITAGE DR STE 701,POTTSTOWN,PA,19464-3297",0.2361111111111111,,0.0,,0.0,,0.4722222222222222,,0.0,,40.24599555,-75.60125961,,,1.0,0.0,,
"7001 N ROUTE 309 STE 169,COOPERSBURG,PA,18036-1100",0.5,,0.0,,0.0,,1.0,,0.0,,40.51783394,-75.38595566,,,1.0,0.0,,
"701 SATHERS DR,PITTSTON,PA,18640-9403",0.5,,0.0,,0.0,,1.0,,0.0,,41.31323458,-75.72737075,,,1.0,0.0,,
"716 BETHLEHEM PIKE,ERDENHEIM,PA,19038-8102",0.0,,1.0,,0.0,,0.0,,2.0,,40.09342228,-75.213808,,,1.0,0.0,,
"7235 RISING SUN AVE,PHILADELPHIA,PA,19111-3926",0.1111111111111111,,0.0,,0.0,,0.2222222222222222,,0.0,,40.06049194,-75.08480247,,,1.0,0.0,,
"7265 REVERE ST,PHILADELPHIA,PA,19149-1429",0.16666666666666666,,0.0,,0.0,,0.3333333333333333,,0.0,,40.04345903,-75.05328847,,,1.0,0.0,,
"727 E NORWEGIAN ST,POTTSVILLE,PA,17901-2709",0.2,,0.0,,0.0,,0.4,,0.0,,40.69080975,-76.18733369,,,1.0,0.0,,
"7412 WASHINGTON AVE,SWISSVALE,PA,15218-2521",1.0,,0.0,,0.0,,2.0,,0.0,,40.4201815,-79.88865115,,,1.0,0.0,,
"7439 FRANKFORD AVE BSMT 2,PHILADELPHIA,PA,19136-3637",0.3333333333333333,,0.0,,0.0,,0.6666666666666666,,0.0,,40.03834752,-75.03653437,,,1.0,0.0,,
"7439 FRANKFORD AVE STE 2ND,PHILADELPHIA,PA,19136-3600",0.3333333333333333,,0.0,,0.0,,0.6666666666666666,,0.0,,40.03834752,-75.03653437,,,1.0,0.0,,
"7439 FRANKFORD AVE,PHILADELPHIA,PA,19136-3600",0.3333333333333333,,0.0,,0.0,,0.6666666666666666,,0.0,,40.03834752,-75.03653437,,,1.0,0.0,,
"750 3RD ST,OAKMONT,PA,15139-1971",0.0,,0.0,,1.0,,0.0,,0.0,,40.5240404,-79.84353561,,,1.0,0.0,,
"767 5TH AVE STE B,CHAMBERSBURG,PA,17201-4207",1.6,,0.0,,0.0,,3.2,,0.0,,39.9448439,-77.64451971,,,1.0,0.0,,
"767 5TH AVE,CHAMBERSBURG,PA,17201",1.6,,0.0,,0.0,,3.2,,0.0,,39.9448439,-77.64451971,,,1.0,0.0,,
"7686 W RIDGE RD STE 65,FAIRVIEW,PA,16415-1074",0.0,,0.0,,0.3333333333333333,,0.0,,0.0,,42.02733994,-80.25989337,,,1.0,0.0,,
"7900 OLD YORK RD STE 115A,ELKINS PARK,PA,19027-2324",0.3333333333333333,,0.0,,0.0,,0.6666666666666666,,0.0,,40.07387107,-75.13280815,,,1.0,0.0,,
"7922 W CHESTER PIKE,UPPER DARBY,PA,19082-1930",0.25,,0.0,,0.0,,0.5,,0.0,,39.96498872,-75.27629584,,,1.0,0.0,,
"797 E LANCASTER AVE STE 15,DOWNINGTOWN,PA,19335-3315",0.0,,0.0,,1.0,,0.0,,0.0,,40.01465208,-75.68847473,,,1.0,0.0,,
"8001  ROOSEVELT BLVD  STE 304,PHILADELPHIA,PA,19152-3039",0.0,,0.0,,0.125,,0.0,,0.0,,40.05650773,-75.04628319,,,1.0,0.0,,
"8115 RIDGE AVE,PHILADELPHIA,PA,19128-2901",0.3333333333333333,,0.0,,0.0,,0.6666666666666666,,0.0,,40.05732212,-75.23630138,,,1.0,0.0,,
"813 BETHLEHEM PIKE STE 100,GLENSIDE,PA,19038-8100",0.25,,0.0,,1.4,,0.5,,0.0,,40.0949203,-75.21338625,,,1.0,0.0,,
"816 STATE ST FL 1,CURWENSVILLE,PA,16833-1039",3.333333333333333,,0.0,,0.0,,6.666666666666666,,0.0,,40.97749644,-78.53110313,,,1.0,0.0,,
"824 E MAIN ST STE 2,NANTICOKE,PA,18634-1832",0.3333333333333333,,0.0,,0.0,,0.6666666666666666,,0.0,,41.20801086,-75.98725537,,,1.0,0.0,,
"8332 BUSTLETON AVE STE C,PHILADELPHIA,PA,19152-1909",0.375,,0.0,,0.0,,0.75,,0.0,,40.06795569,-75.05116312,,,1.0,0.0,,
"8332C BUSTLETON AVE UNIT C,PHILADELPHIA,PA,19152-1909",0.35000000000000003,,0.0,,0.4583333333333333,,0.7000000000000001,,0.0,,40.06795569,-75.05116312,,,1.0,0.0,,
"8332C BUSTLETON AVE,PHILADELPHIA,PA,19152-1909",0.1,,0.0,,0.0,,0.2,,0.0,,40.06795569,-75.05116312,,,1.0,0.0,,
"8355 LORETTO AVE # 104,PHILADELPHIA,PA,19152-1830",0.04166666666666666,,0.0,,0.0,,0.08333333333333331,,0.0,,40.06810085,-75.05261951,,,1.0,0.0,,
"841 HOSPITAL RD,INDIANA,PA,15701-3620",0.0,,0.0,,0.5,,0.0,,0.0,,40.60844122,-79.15886555,,,1.0,0.0,,
"850 MAIN ST,COALPORT,PA,16627",2.0,,0.0,,0.0,,4.0,,0.0,,40.74748615,-78.53491682,,,1.0,0.0,,
"865 EISENHOWER BLVD BLDG B # 4,JOHNSTOWN,PA,15904-3318",0.1111111111111111,,0.0,,0.0,,0.2222222222222222,,0.0,,40.26576036,-78.86507789,,,1.0,0.0,,
"865 EISENHOWER BLVD BLDG B,JOHNSTOWN,PA,15904-3318",1.9611111111111108,,0.0,,0.0,,3.9222222222222216,,0.0,,40.26576036,-78.86507789,,,1.0,0.0,,
"865 EISENHOWER BLVD BLDG STE # 4,JOHNSTOWN,PA,15904-3318",0.3111111111111111,,0.0,,0.0,,0.6222222222222222,,0.0,,40.26576036,-78.86507789,,,1.0,0.0,,
"890 POPLAR CHURCH RD STE 4,CAMP HILL,PA,17011-2250",2.0,,1.0,,1.0,,4.0,,2.0,,40.25476991,-76.92374140000003,,,1.0,0.0,,
"8950 KREWSTOWN RD,PHILADELPHIA,PA,19115",1.0,,0.0,,0.0,,2.0,,0.0,,40.08403345,-75.04823252,,,1.0,0.0,,
"90 BEAVER DR,DU BOIS,PA,15801",0.0,,0.0,,0.25,,0.0,,0.0,,41.12278679999999,-78.74941605,,,1.0,0.0,,
"900 MANCHESTER RD,FAIRVIEW,PA,16415-1703",0.5,,0.0,,0.0,,1.0,,0.0,,42.06936423,-80.22825801,,,1.0,0.0,,
"900 OLD ORCHARD LN # A,BRISTOL,PA,19007-6414",1.25,,0.0,,0.0,,2.5,,0.0,,40.10748461,-74.86852942,,,1.0,0.0,,
"900 WATER ST,MEADVILLE,PA,16335-3428",1.25,,0.0,,0.0,,2.5,,0.0,,41.6391425,-80.15491871,,,1.0,0.0,,
"909 WALNUT ST FL 3,PHILADELPHIA,PA,19107-5211",0.5,,0.0,,0.0,,1.0,,0.0,,39.9483554,-75.15627829,,,1.0,0.0,,
"911 GIBSON BLVD,HARRISBURG,PA,17113-1860",0.3333333333333333,,0.0,,0.0,,0.6666666666666666,,0.0,,40.25076484,-76.84324240000002,,,1.0,0.0,,
"917 MAIN ST,SCRANTON,PA,18519-1337",1.0,,0.0,,0.0,,2.0,,0.0,,41.461985999999996,-75.62169190000002,,,1.0,0.0,,
"921 DRINKER TPKE STE 19,COVINGTON TOWNSHIP,PA,18444-7948",1.0,,0.0,,0.0,,2.0,,0.0,,41.31081685,-75.51429258,,,1.0,0.0,,
"924 ARCH ST BSMT,PHILADELPHIA,PA,19107-3180",1.0,,0.0,,0.0,,2.0,,0.0,,39.95344166,-75.15568567,,,1.0,0.0,,
"935 THORN RUN RD,CORAOPOLIS,PA,15108-2861",0.0,,0.5,,0.0,,0.0,,1.0,,40.51462752,-80.19837199999998,,,1.0,0.0,,
"9400 MCKNIGHT RD,PITTSBURGH,PA,15237-6007",1.0,,0.0,,0.0,,2.0,,0.0,,40.57688714,-80.02607475,,,1.0,0.0,,
"970 LOUCKS RD # 30,YORK,PA,17404-2273",0.5,,0.0,,0.0,,1.0,,0.0,,39.97934304,-76.75458394,,,1.0,0.0,,
"980 BEAVER GRADE RD STE 101,CORAOPOLIS,PA,15108-2774",0.0,,1.5,,0.0,,0.0,,3.0,,40.50707453,-80.2093428,,,1.0,0.0,,
"980 BEAVER GRADE RD STE 103,CORAOPOLIS,PA,15108-2774",0.0,,0.0,,0.1111111111111111,,0.0,,0.0,,40.50707453,-80.2093428,,,1.0,0.0,,
"E ERIE AVE & N FRONT ST,PHILADELPHIA,PA,19134",0.4166666666666666,,0.0,,0.0,,0.8333333333333331,,0.0,,40.00768199,-75.127284,,,1.0,0.0,,
"E MAIN ST,NEW KINGSTOWN,PA,17072",0.3333333333333333,,0.0,,0.0,,0.6666666666666666,,0.0,,40.23452528,-77.07489864,,,1.0,0.0,,
"LIBERTY ST,BETHEL PARK,PA,15102",0.5,,0.0,,0.0,,1.0,,0.0,,40.33603799,-80.02988549999998,,,1.0,0.0,,
"N 39TH ST & MARKET ST,PHILADELPHIA,PA,19104",0.0,,0.0,,0.3333333333333333,,0.0,,0.0,,39.956859,-75.1996125,,,1.0,0.0,,
"W CHEW ST,ALLENTOWN,PA,18102",1.3333333333333333,,0.0,,0.0,,2.6666666666666665,,0.0,,40.61004632,-75.46057693,,,1.0,0.0,,
