IKN_addr,general_med,general_chip,pediatric_med,pediatric_chip,specialist_med,specialist_chip,Y_lat_med,X_long_med,Y_lat_chip,X_long_chip,med_indicator_med,chip_indicator_med,med_indicator_chip,chip_indicator_chip
"100 PRICE DR,WEST MONROE,LA,71292-6315",0.1,,0.0,,0.0,,32.48702552,-92.17712186,,,1,0,,
"100 WARRINGTON DR STE B,NEW ORLEANS,LA,70122-3000",0.25,1.0,0.0,0.0,0.0,0.0,29.99764156,-90.06364985,29.99764156,-90.06364985,1,0,0.0,1.0
"100 WARRINGTON DR,NEW ORLEANS,LA,70122-3000",2.844298245614035,1.0,0.0,0.0,0.0,0.0,29.99764156,-90.06364985,29.99764156,-90.06364985,1,0,0.0,1.0
"1000 C M FAGAN DR STE A,HAMMOND,LA,70403-6055",0.3333333333333333,1.0,0.0,0.0,0.0,0.0,30.48276151,-90.46672191,30.48276151,-90.46672191,1,0,0.0,1.0
"1000 C M FAGAN DR,HAMMOND,LA,70403-6055",0.5,,0.0,,0.0,,30.48276151,-90.46672191,,,1,0,,
"1000 VETERANS MEMORIAL BLVD,METAIRIE,LA,70005-2852",0.0625,,0.0,,0.0,,30.00153114,-90.13281863,,,1,0,,
"1001 N CAUSEWAY BLVD,METAIRIE,LA,70001-4156",2.0666666666666664,3.0,0.0,0.0,0.0,0.0,29.98222082,-90.15582127,29.98222082,-90.15582127,1,0,0.0,1.0
"1001 W MADISON AVE,BASTROP,LA,71220-4331",0.1,,0.0,,0.0,,32.77523711,-91.92472957,,,1,0,,
"1002 HIGHWAY 59,MANDEVILLE,LA,70448-3720",0.2,0.0,0.5,1.0,0.0,0.0,30.36491654,-90.06065381,30.36491654,-90.06065381,1,0,0.0,1.0
"1002 NW MAIN ST,BUNKIE,LA,71322-1519",1.0,,0.0,,0.0,,30.96114927,-92.19435795,,,1,0,,
"1003 W JUDGE PEREZ DR,CHALMETTE,LA,70043-4703",1.5,1.0,0.0,0.0,0.0,0.0,29.94522822,-89.97029358,29.94522822,-89.97029358,1,0,0.0,1.0
"1004 SURREY ST,LAFAYETTE,LA,70501-6143",0.7380952380952379,,0.0,,0.0,,30.22532289,-92.00058873,,,1,0,,
"1006 SURREY ST,LAFAYETTE,LA,70501-6143",0.5,1.0,0.0,0.0,0.0,0.0,30.22507083,-92.00026118,30.22507083,-92.00026118,1,0,0.0,1.0
"1007 SHIRLEY RD,BUNKIE,LA,71322-1544",1.0833333333333333,1.0,0.0,0.0,0.0,0.0,30.95939931,-92.19445459,30.95939931,-92.19445459,1,0,0.0,1.0
"1008 W THOMAS ST,HAMMOND,LA,70401-3040",1.0,0.0,1.5,1.0,0.0,0.0,30.50155398,-90.47228613,30.50155398,-90.47228613,1,0,0.0,1.0
"101 SMART PL,SLIDELL,LA,70458-2039",2.182936507936508,,0.0,,0.0,,30.28589137,-89.77394007,,,1,0,,
"1014 W TUNNEL BLVD,HOUMA,LA,70360-4050",1.0833333333333333,1.0,0.0,0.0,0.0,0.0,29.59143097,-90.73270089,29.59143097,-90.73270089,1,0,0.0,1.0
"102 GENEVIEVE DR,LAFAYETTE,LA,70503-4811",1.0,,0.0,,0.0,,30.18420385,-92.06737086,,,1,0,,
"1025 N VICTOR II BLVD,MORGAN CITY,LA,70380-1349",1.0,,0.0,,0.0,,29.70569135,-91.19909394,,,1,0,,
"103 SE CENTRAL AVE,AMITE,LA,70422-2837",0.5,,0.0,,0.0,,30.72659196,-90.50824399,,,1,0,,
"1030 LESSEPS ST,NEW ORLEANS,LA,70117-4736",2.541666666666667,,0.0,,0.0,,29.9641467,-90.03286406,,,1,0,,
"10343 SIEGEN LN,BATON ROUGE,LA,70810-4979",1.0,,0.0,,0.0,,30.35443292,-91.08117666,,,1,0,,
"104 CLECO DR,PINEVILLE,LA,71360-5325",1.0,,0.0,,0.0,,31.33395941,-92.4096293,,,1,0,,
"104 ENERGY PKWY,LAFAYETTE,LA,70508-3818",3.833333333333333,1.0,0.0,0.0,0.0,0.0,30.18291736,-92.00889047,30.18291736,-92.00889047,1,0,0.0,1.0
"104 GRIFFITH ST,PINEVILLE,LA,71360-5288",1.0,,0.0,,0.0,,31.33544857,-92.42136689,,,1,0,,
"104 S SPRUCE ST,HAMMOND,LA,70403-4153",0.0,,0.0,,0.5,,30.50291084,-90.46571099,,,1,0,,
"10410 PLANK RD,CLINTON,LA,70722-3710",0.4974747474747475,,0.0,,0.0,,30.85689606,-91.01051539,,,1,0,,
"105 RUE CENTRE ST,ABBEVILLE,LA,70510-4212",1.0,,0.0,,0.0,,29.97105454,-92.09046495,,,1,0,,
"1050 BANCORP SOUTH CIR,BOSSIER CITY,LA,71111-2215",0.0,,0.0,,0.75,,32.56032827,-93.71209325,,,1,0,,
"1050 N ROBINSON ST,MANY,LA,71449-3536",0.8809523809523808,1.0,0.0,0.0,0.0,0.0,31.57107639,-93.47192679999999,31.57107639,-93.47192679999999,1,0,0.0,1.0
"10522 S GLENSTONE PL,BATON ROUGE,LA,70810-2875",0.0,0.0,1.0,1.0,1.0,0.0,30.36737633,-91.10568472,30.36737633,-91.10568472,1,0,0.0,1.0
"10530 LIONS AVE,MARINGOUIN,LA,70757-3234",0.5,1.0,0.0,0.0,0.0,0.0,30.49315303,-91.51853449,30.49315303,-91.51853449,1,0,0.0,1.0
"10701 REILEY ST,CLINTON,LA,70722-3507",0.4974747474747475,,0.0,,0.0,,30.85818596,-91.02238253,,,1,0,,
"108 N 16TH ST,MER ROUGE,LA,71261-9726",0.1,,0.0,,0.0,,32.77583721,-91.79297519,,,1,0,,
"1081 COPPER MILL BLVD,ZACHARY,LA,70791-7393",3.70594922214084,2.0,0.0,0.0,1.2526315789473683,0.0,30.64060653,-91.19230681,30.64060653,-91.19230681,1,0,0.0,1.0
"109 CARY AVE,JENNINGS,LA,70546-5802",1.0,,0.0,,0.0,,30.22195122,-92.65984706,,,1,0,,
"10914 OLD HAMMOND HWY,BATON ROUGE,LA,70816-8313",1.5,1.0,0.0,0.0,0.0,0.0,30.43490824,-91.06442318,30.43490824,-91.06442318,1,0,0.0,1.0
"10964 RIVER RD,SAINT ROSE,LA,70087-3400",1.0,,0.0,,0.0,,29.95735124,-90.30664726,,,1,0,,
"110 VETERANS MEMORIAL BLVD,METAIRIE,LA,70005-3027",1.0,,0.0,,0.0,,29.99994958,-90.12418266,,,1,0,,
"1100 ANDRE ST,NEW IBERIA,LA,70563-2159",0.0,,0.0,,0.3333333333333333,,30.00793002,-91.79463581,,,1,0,,
"1100 FLORIDA AVE # 227,NEW ORLEANS,LA,70119-2715",2.0,3.0,0.0,0.0,0.0,0.0,29.99132689,-90.08631088,29.99132689,-90.08631088,1,0,0.0,1.0
"1100 FLORIDA AVE,NEW ORLEANS,LA,70119-2715",1.6166666666666667,1.0,0.5,0.0,1.2,0.0,29.99132689,-90.08631088,29.99132689,-90.08631088,1,0,0.0,1.0
"1101 ROYAL AVE STE B,MONROE,LA,71201-5643",0.0,0.0,0.5,1.0,0.0,0.0,32.51674217,-92.11561846,32.51674217,-92.11561846,1,0,0.0,1.0
"1101 ROYAL AVE,MONROE,LA,71201-5642",0.0,,0.5,,0.0,,32.51674217,-92.11561846,,,1,0,,
"1101 S COLLEGE RD,LAFAYETTE,LA,70503-3038",0.5,,0.0,,0.0,,30.199911600000004,-92.02793375,,,1,0,,
"1107 LOUISA ST,RAYVILLE,LA,71269-2925",1.0,,0.0,,0.0,,32.47198959,-91.75808162,,,1,0,,
"111 LAKEWOOD DR,LULING,LA,70070-3006",1.0666666666666669,,0.0,,0.0,,29.91243261,-90.34456309999999,,,1,0,,
"111 NOEL DR,LAFAYETTE,LA,70503-3729",1.0,1.0,0.0,0.0,0.0,0.0,30.20184742,-92.05008507,30.20184742,-92.05008507,1,0,0.0,1.0
"111 NOUVEAU LN,LAFAYETTE,LA,70501-2131",0.5,,0.0,,0.0,,30.25046659,-92.00702497,,,1,0,,
"1111 NEWTON ST,NEW ORLEANS,LA,70114-2500",2.0,1.0,0.0,0.0,0.0,0.0,29.94531952,-90.04482291,29.94531952,-90.04482291,1,0,0.0,1.0
"1112 WEBER ST,FRANKLIN,LA,70538-4125",1.0,1.0,0.0,0.0,0.0,0.0,29.79872732,-91.50515774,29.79872732,-91.50515774,1,0,0.0,1.0
"1113 S RANGE AVE,DENHAM SPRINGS,LA,70726-4820",1.0,,0.0,,0.0,,30.47012088,-90.95659433,,,1,0,,
"1113A AUDUBON AVE,THIBODAUX,LA,70301-4940",0.5,1.0,0.0,0.0,0.0,0.0,29.78353782,-90.80763947,29.78353782,-90.80763947,1,0,0.0,1.0
"1115 AUDUBON AVE,THIBODAUX,LA,70301-4940",0.5,,0.0,,0.0,,29.78326659,-90.80782374,,,1,0,,
"1115 WEBER ST,FRANKLIN,LA,70538-4124",0.5833333333333333,1.0,0.0,0.0,0.0,0.0,29.79841615,-91.50530954,29.79841615,-91.50530954,1,0,0.0,1.0
"112 N SIXTH ST,OBERLIN,LA,70655",1.5345238095238094,,0.0,,0.0,,30.62046044,-92.76166701,,,1,0,,
"112 N SIXTH ST,OBERLIN,LA,70655-6109",0.14285714285714285,1.0,0.0,0.0,0.0,0.0,30.62046044,-92.76166701,30.62046044,-92.76166701,1,0,0.0,1.0
"1124 7TH ST,MORGAN CITY,LA,70380-1951",0.5833333333333333,,0.0,,0.0,,29.703942200000004,-91.2036064,,,1,0,,
"1126 MARGUERITE ST STE A,MORGAN CITY,LA,70380-1892",0.0,,0.0,,0.5,,29.70552735,-91.20216926,,,1,0,,
"1128 CLEARVIEW PKWY,METAIRIE,LA,70001-3418",0.8650793650793651,,0.0,,0.0,,29.98534461,-90.18093253,,,1,0,,
"1128 OLD SPANISH TRL,SLIDELL,LA,70458-5020",2.38975279106858,1.0,0.30952380952380953,0.0,0.0,0.0,30.257880600000004,-89.77369289,30.257880600000004,-89.77369289,1,0,0.0,1.0
"1128 PECANLAND RD STE 1,MONROE,LA,71203-7019",1.0,1.0,0.0,0.0,0.0,0.0,32.49892482,-92.06362483,32.49892482,-92.06362483,1,0,0.0,1.0
"113 CALCASIEU ST,VILLE PLATTE,LA,70586-4401",2.0,,0.0,,0.0,,30.69008878,-92.27866387,,,1,0,,
"113 PROFESSIONAL DR,WEST MONROE,LA,71291-5331",1.0,,0.0,,0.0,,32.51446094,-92.14967176,,,1,0,,
"11312 JEFFERSON HWY,RIVER RIDGE,LA,70123-1709",0.7666666666666666,,0.0,,0.0,,29.970374100000004,-90.23566407,,,1,0,,
"1134 SWAN AVE,BATON ROUGE,LA,70807-4574",1.0,,0.0,,0.0,,30.52364655,-91.18170921,,,1,0,,
"114 DEREK PLAZA DR STE E,CARENCRO,LA,70520-3644",0.5,1.0,0.0,0.0,0.0,0.0,30.321436699999996,-92.04013027,30.321436699999996,-92.04013027,1,0,0.0,1.0
"114 DEREK PLAZA DR,CARENCRO,LA,70520-3632",1.0,,0.0,,0.0,,30.321436699999996,-92.04013027,,,1,0,,
"1140 POLK ST STE A,MANSFIELD,LA,71052-2526",0.5,1.0,0.0,0.0,0.0,0.0,32.03755551,-93.7088325,32.03755551,-93.7088325,1,0,0.0,1.0
"1140 POLK ST,MANSFIELD,LA,71052-2538",0.5,,0.0,,0.0,,32.03755551,-93.70883249,,,1,0,,
"1144 COOLIDGE BLVD,LAFAYETTE,LA,70503-2622",2.0,,0.0,,0.0,,30.20341308,-92.01776442,,,1,0,,
"1148 LOGAN SEWELL DR,VIDALIA,LA,71373-3342",1.0,,0.0,,0.0,,31.55769239,-91.45128113,,,1,0,,
"116 E TEXAS AVE,RAYNE,LA,70578-5822",4.090909090909091,2.0,0.0,0.0,0.0,0.0,30.23509448,-92.26805425,30.23509448,-92.26805425,1,0,0.0,1.0
"116 N 11TH ST,OAKDALE,LA,71463-2646",1.0,,0.0,,0.0,,30.81702142,-92.66077284,,,1,0,,
"116 RUE BEAUREGARD,LAFAYETTE,LA,70508-3102",1.8333333333333333,,0.0,,0.0,,30.19353961,-92.01336849,,,1,0,,
"116 SOUTH DR STE 102,NATCHITOCHES,LA,71457-5055",0.5,1.0,0.0,0.0,0.0,0.0,31.75037127,-93.08247526,31.75037127,-93.08247526,1,0,0.0,1.0
"116 SOUTH DR,NATCHITOCHES,LA,71457-5067",0.5,,0.0,,0.0,,31.75037127,-93.08247525,,,1,0,,
"117 BLUE LAKE DR,CROWLEY,LA,70526-2356",1.0,,0.0,,0.0,,30.23031548,-92.38314149,,,1,0,,
"117 PROFESSIONAL DR,WEST MONROE,LA,71291-5331",0.07142857142857142,,0.0,,0.0,,32.51432225,-92.14936288,,,1,0,,
"117 RUE FONTAINE,LAFAYETTE,LA,70508-5744",0.0,0.0,0.0,0.0,0.3333333333333333,1.0,30.16982735,-92.02423144,30.16982735,-92.02423144,1,0,0.0,1.0
"117 RUE FOUNTAINE,LAFAYETTE,LA,70508-5744",0.0,,0.0,,0.3333333333333333,,30.16982735,-92.02423144,,,1,0,,
"117 SAINT MICHAEL ST,THIBODAUX,LA,70301-3437",0.0,0.0,0.0,0.0,1.0,1.0,29.79596337,-90.81884307,29.79596337,-90.81884307,1,0,0.0,1.0
"11822 JUSTICE AVE,BATON ROUGE,LA,70816-2306",3.033333333333333,,0.0,,0.0,,30.424154499999997,-91.04955266,,,1,0,,
"119 FUSELIER RD,ARNAUDVILLE,LA,70512-6134",1.0,,0.0,,0.0,,30.3954627,-91.93798219,,,1,0,,
"11918 SUNRAY AVE,BATON ROUGE,LA,70816-5316",1.0,1.0,0.0,0.0,0.0,0.0,30.42507654,-91.04917125,30.42507654,-91.04917125,1,0,0.0,1.0
"11962 COURSEY BLVD,BATON ROUGE,LA,70816-4405",0.0,0.0,0.0,0.0,1.0,1.0,30.41119707,-91.04717791,30.41119707,-91.04717791,1,0,0.0,1.0
"11990 JACKSON ST,CLINTON,LA,70722-3210",0.4974747474747475,,0.0,,0.0,,30.86425017,-91.02203277,,,1,0,,
"12 WESTBANK EXPY APT A,GRETNA,LA,70053-3647",0.3333333333333333,,0.0,,0.0,,29.91941235,-90.04367308,,,1,0,,
"120 OCHSNER BLVD STE 300,GRETNA,LA,70056-5249",0.0,0.0,0.0,0.0,0.5,1.0,29.893056,-90.03058099,29.893056,-90.03058099,1,0,0.0,1.0
"120 OCHSNER BLVD,GRETNA,LA,70056-5255",0.0,,0.0,,0.5,,29.893056,-90.03058099,,,1,0,,
"120 PROFESSIONAL DR,WEST MONROE,LA,71291-5332",1.0,,0.0,,0.0,,32.51421773,-92.14932009,,,1,0,,
"1201 POWELL ST,MONROE,LA,71203-5342",1.0,,0.0,,0.0,,32.513736800000004,-92.07666019,,,1,0,,
"1203 N 5TH ST,MONROE,LA,71201-5317",0.0,0.0,0.6666666666666666,1.0,0.0,0.0,32.51414816,-92.12230605,32.51414816,-92.12230605,1,0,0.0,1.0
"1204 N BROAD ST,NEW ORLEANS,LA,70119-3303",1.0,1.0,0.0,0.0,1.0,0.0,29.97462529,-90.07936038,29.97462529,-90.07936038,1,0,0.0,1.0
"121 RUE LOUIS XIV,LAFAYETTE,LA,70508-5786",3.25,,0.0,,0.0,,30.1720167,-92.02862555,,,1,0,,
"1217 WILLOW GLEN RIVER RD,ALEXANDRIA,LA,71302-5458",1.3214285714285714,2.0,0.0,0.0,0.0,0.0,31.28617255,-92.42668876,31.28617255,-92.42668876,1,0,0.0,1.0
"12183 RICHARDSON HILL RD,FOLSOM,LA,70437-5926",1.0,1.0,0.0,0.0,0.0,0.0,30.64679949,-90.20306592,30.64679949,-90.20306592,1,0,0.0,1.0
"1219 N 19TH ST,MONROE,LA,71201-5435",1.0,1.0,0.0,0.0,0.0,0.0,32.52296646,-92.10915558,32.52296646,-92.10915558,1,0,0.0,1.0
"12192 HIGHWAY 190 W,HAMMOND,LA,70401-4940",1.0,1.0,0.0,0.0,0.0,0.0,30.50438147,-90.52775099,30.50438147,-90.52775099,1,0,0.0,1.0
"122 E 21ST AVE,COVINGTON,LA,70433-2814",1.0,,0.0,,0.0,,30.47516743,-90.0999488,,,1,0,,
"122 HERITAGE,BROUSSARD,LA,70518-8046",1.0,,0.0,,0.0,,30.09074292,-91.94119074,,,1,0,,
"1227 PAUL MAILLARD RD,LULING,LA,70070-4547",1.0,,0.0,,0.0,,29.92184701,-90.37371803,,,1,0,,
"123 METAIRIE RD,METAIRIE,LA,70005-4537",0.3333333333333333,,0.5,,0.0,,29.98003996,-90.12614295,,,1,0,,
"1230 S MORRISON BLVD,HAMMOND,LA,70403-5702",0.0,,1.0,,0.0,,30.48763424,-90.48278538,,,1,0,,
"124 LONGVIEW DR,DESTREHAN,LA,70047-5077",1.0,,0.0,,0.0,,29.95450217,-90.37685038,,,1,0,,
"124 TOWER RD,CROWLEY,LA,70526-2211",1.0,,0.0,,0.0,,30.22953258,-92.36253868,,,1,0,,
"1255 BELLEVIEW ST,MORGAN CITY,LA,70380-5351",1.0,,0.0,,0.0,,29.68539892,-91.26305706,,,1,0,,
"126 JEFFERSON ST,MANSFIELD,LA,71052-2600",1.0,,0.0,,0.0,,32.03697193,-93.70917795,,,1,0,,
"126 WESTFIELD DR,LAFAYETTE,LA,70503-5484",1.0,1.0,0.0,0.0,0.0,0.0,30.16571326,-92.07119262,30.16571326,-92.07119262,1,0,0.0,1.0
"12763 LAY ST,GILLIAM,LA,71029",0.6904761904761904,,0.0,,0.0,,32.82660993,-93.8459506,,,1,0,,
"128 HOMER RD,MINDEN,LA,71055-2732",0.6904761904761904,,0.0,,0.0,,32.62099419,-93.27963055,,,1,0,,
"12841 PLANK RD,BAKER,LA,70714-4908",0.7,,0.0,,0.0,,30.56248713,-91.13228357,,,1,0,,
"129 E 5TH ST,NATCHITOCHES,LA,71457-5723",1.0,,0.0,,0.0,,31.7491722,-93.07972182,,,1,0,,
"1297 SHREVEPORT BARKSDALE HWY,SHREVEPORT,LA,71105-2405",2.0,1.0,0.0,0.0,0.0,0.0,32.48828954,-93.70423471,32.48828954,-93.70423471,1,0,0.0,1.0
"12A WESTBANK EXPY STE 200,GRETNA,LA,70053-3659",0.3333333333333333,1.0,0.0,0.0,0.0,0.0,29.91941235,-90.04367308,29.91941235,-90.04367308,1,0,0.0,1.0
"130 HUMMELL ST,DENHAM SPRINGS,LA,70726-3418",2.583333333333333,1.0,0.0,0.0,0.0,0.0,30.48525,-90.95510209999999,30.48525,-90.9551021,1,0,0.0,1.0
"130 S HUMMELL ST,DENHAM SPRINGS,LA,70726-3437",0.25,0.5,0.0,0.0,0.0,0.0,30.48367630000001,-90.95508131,30.48367630000001,-90.95508131,1,0,0.0,1.0
"1301 EASTRIDGE DR # 1,SLIDELL,LA,70458-3026",0.4958333333333334,3.0,0.0,0.0,0.0,0.0,30.28337966,-89.76584579,30.28337966,-89.76584579,1,0,0.0,1.0
"1301 EASTRIDGE DR,SLIDELL,LA,70458-3026",6.493686381782022,2.0,0.0,0.0,0.5086755349913246,0.0,30.28337966,-89.76584579,30.28337966,-89.76584579,1,0,0.0,1.0
"1305 W CAUSEWAY APPROACH,MANDEVILLE,LA,70471-3043",0.0,,0.5,,0.0,,30.38521572,-90.096514,,,1,0,,
"1305 W ESPLANADE AVE,KENNER,LA,70065-2744",2.0400793650793645,,0.0,,0.14285714285714285,,30.02044961,-90.25084619,,,1,0,,
"1310 S RANGE AVE,DENHAM SPRINGS,LA,70726-4810",2.0,,0.0,,0.0,,30.46891436,-90.95650911,,,1,0,,
"1315 SURREY ST,LAFAYETTE,LA,70501-7617",1.0,1.0,0.0,0.0,0.0,0.0,30.22252607,-91.99671568,30.22252607,-91.99671568,1,0,0.0,1.0
"1329 GRAND POINTE AVE,BREAUX BRIDGE,LA,70517-3921",2.0,,0.0,,0.0,,30.27850957,-91.88879481,,,1,0,,
"13318 BERRY BOWL RD,INDEPENDENCE,LA,70443-2363",1.0916666666666666,,0.0,,0.0,,30.62037575,-90.49900248,,,1,0,,
"13353 HIGHWAY 73,GEISMAR,LA,70734-3089",1.5,,0.0,,0.0,,30.26378548,-90.98881045,,,1,0,,
"13354 COURSEY BLVD,BATON ROUGE,LA,70816-4970",0.0,,0.0,,1.0,,30.40855718,-91.03091056,,,1,0,,
"13375 LA-73,GEISMAR,LA,70734",0.2,,0.9,,0.0,,30.26479015,-90.98842262,,,1,0,,
"135 LA RUE MEDECINE ST,MARKSVILLE,LA,71351-2637",1.0,,0.0,,0.0,,31.13103666,-92.08058754,,,1,0,,
"137 BELLE TERRE BLVD,LA PLACE,LA,70068-3349",1.0,,0.0,,0.0,,30.07447555,-90.50088857,,,1,0,,
"137 BELLEMEADE BLVD,GRETNA,LA,70056-7108",1.0,1.0,0.0,0.0,0.0,0.0,29.89116821,-90.03696933,29.89116821,-90.03696933,1,0,0.0,1.0
"137 E KINGS HWY,SHREVEPORT,LA,71104-3404",1.0,,0.0,,0.0,,32.48173748,-93.73031125,,,1,0,,
"13794 FLORIDA BLVD,LIVINGSTON,LA,70754-6102",1.0,,0.0,,0.0,,30.50307554,-90.75103116,,,1,0,,
"1400 METRO DR STE A,ALEXANDRIA,LA,71301-3451",0.0,0.0,0.5,1.0,0.0,0.0,31.27617141,-92.47876574,31.27617141,-92.47876574,1,0,0.0,1.0
"1400 METRO DR,ALEXANDRIA,LA,71301-3451",0.3333333333333333,,0.5,,0.0,,31.27617141,-92.47876574,,,1,0,,
"1401 INDUSTRIAL DR,COUSHATTA,LA,71019",0.6666666666666666,,0.0,,0.0,,32.02827624,-93.34265903,,,1,0,,
"1401 W COURT ST,WINNFIELD,LA,71483-2649",1.0,,0.0,,0.0,,31.92947009,-92.65327508,,,1,0,,
"1403 JOHNSON ST,TALLULAH,LA,71282-5513",0.3333333333333333,,0.0,,0.0,,32.39805655,-91.18274288,,,1,0,,
"1403 PETERMAN DR,ALEXANDRIA,LA,71301-3433",0.0,,0.0,,1.0,,31.27534854,-92.47939204,,,1,0,,
"1408 PETERMAN DR,ALEXANDRIA,LA,71301-3432",1.0,,0.0,,0.0,,31.27525049,-92.47930247,,,1,0,,
"14088 FLORIDA BLVD,LIVINGSTON,LA,70754-6307",1.0,1.0,0.0,0.0,0.0,0.0,30.50333946,-90.74157355,30.50333946,-90.74157355,1,0,0.0,1.0
"141 FAIRVIEW OAKS DR,MADISONVILLE,LA,70447-9634",0.3333333333333333,,0.0,,0.0,,30.40920574,-90.13887120000001,,,1,0,,
"1413 S 2ND ST,MONROE,LA,71202-2739",2.0,1.0,0.0,0.0,0.0,0.0,32.48520393,-92.10130861,32.48520393,-92.10130861,1,0,0.0,1.0
"1416 HAZEL ST,ARCADIA,LA,71001-4114",1.5833333333333333,1.0,0.0,0.0,0.0,0.0,32.55768633,-92.91506471,32.55768633,-92.91506471,1,0,0.0,1.0
"14243 HIGHWAY 90,BOUTTE,LA,70039-3517",5.43892447702012,,0.0,,0.7753422016579912,,29.890073200000003,-90.41326155,,,1,0,,
"1431 PETERMAN DR,ALEXANDRIA,LA,71301-3433",0.0,,0.0,,2.0,,31.27437582,-92.47694409,,,1,0,,
"14340 HIGHWAY 37,GREENSBURG,LA,70441-5213",0.125,,0.0,,0.0,,30.823723699999995,-90.6732873,,,1,0,,
"14401 CHEF MENTEUR HWY STE B,NEW ORLEANS,LA,70129-2014",0.5,1.0,0.0,0.0,0.0,0.0,30.03663946,-89.91091999,30.03663946,-89.91091999,1,0,0.0,1.0
"14401B CHEF MENTEUR HWY,NEW ORLEANS,LA,70129-2014",3.0,1.0,0.0,0.0,0.0,0.0,30.03652873,-89.9114111,30.03652873,-89.9114111,1,0,0.0,1.0
"14608 S HARRELLS FERRY RD,BATON ROUGE,LA,70816-2926",1.0,,0.0,,0.0,,30.42940261,-91.02309186,,,1,0,,
"14639 AIRLINE HWY,GONZALES,LA,70737-6632",0.0,,0.08333333333333333,,0.25,,30.282911499999997,-90.95418982,,,1,0,,
"14666 W MAIN ST,CUT OFF,LA,70345-3208",1.0,,0.0,,0.0,,29.53054887,-90.33655326,,,1,0,,
"149 DEL ORLEANS AVE,DENHAM SPRINGS,LA,70726-4818",0.2,,0.9,,0.0,,30.46997575,-90.95517059999999,,,1,0,,
"149 N 3RD ST,EUNICE,LA,70535-3307",1.0,,0.0,,0.0,,30.49539644,-92.41756979,,,1,0,,
"14948 MARKET ST,BATON ROUGE,LA,70817-1397",0.2407268170426065,,0.0,,0.0,,30.40736818,-91.01883231,,,1,0,,
"1500 METRO DR,ALEXANDRIA,LA,71301-3308",0.5,1.0,0.0,0.0,0.0,0.0,31.27508982,-92.47630843,31.27508982,-92.47630843,1,0,0.0,1.0
"1501 32ND ST,KENNER,LA,70065",0.3620503464543712,,0.0,,0.0,,30.01448396,-90.24685796,,,1,0,,
"1501 KINGS HWY,SHREVEPORT,LA,71103-4228",0.75,0.0,0.4,1.0,0.5,1.0,32.48175549,-93.76155398,32.48175549,-93.76155398,1,0,0.0,1.0
"1504 MAIN ST,JEANERETTE,LA,70544-3528",1.0,,0.0,,0.0,,29.91632594,-91.66804878,,,1,0,,
"15097 HIGHWAY 73,PRAIRIEVILLE,LA,70769-3504",0.0,,0.5,,0.0,,30.28816799,-90.97978949,,,1,0,,
"1511 8TH ST,WINNSBORO,LA,71295",0.5,,0.0,,0.0,,32.154417800000004,-91.72659577,,,1,0,,
"1511 EIGHTH ST,WINNSBORO,LA,71295-3905",0.5,1.0,0.0,0.0,0.0,0.0,32.154417800000004,-91.72659577,32.154417800000004,-91.72659577,1,0,0.0,1.0
"15110 WAX RD,BATON ROUGE,LA,70818-5423",1.0,,0.0,,0.0,,30.54311648,-91.02131999,,,1,0,,
"1512 ROYAL AVE,MONROE,LA,71201-5610",1.0,1.0,0.0,0.0,0.0,0.0,32.51952582,-92.11116501,32.51952582,-92.11116501,1,0,0.0,1.0
"1514 DOCTORS DR,BOSSIER CITY,LA,71111-3379",1.5333333333333332,2.0,0.0,0.0,0.0,0.0,32.53437948,-93.70972803,32.53437948,-93.70972803,1,0,0.0,1.0
"1515 CHURCH ST,ZACHARY,LA,70791-2748",0.0,,1.0,,0.0,,30.65430527,-91.18925536,,,1,0,,
"1516 E HIGHWAY 30,GONZALES,LA,70737-4766",0.0,,0.3333333333333333,,0.0,,30.21108546,-90.90524211,,,1,0,,
"1518 PAUL MAILLARD RD,LULING,LA,70070-4552",1.0,1.0,0.0,0.0,0.0,0.0,29.91510997,-90.37882801,29.91510997,-90.37882801,1,0,0.0,1.0
"1520 E MAIN ST,VILLE PLATTE,LA,70586-4715",1.0,,0.0,,0.0,,30.68191713,-92.25915135,,,1,0,,
"1525 DOCTORS DR,BOSSIER CITY,LA,71111-3321",0.25,,0.0,,0.3333333333333333,,32.535790500000004,-93.71013002,,,1,0,,
"153 N 17TH ST,BATON ROUGE,LA,70802-3800",0.5,,0.0,,0.0,,30.44848455,-91.17149586,,,1,0,,
"1534 W PINHOOK RD,LAFAYETTE,LA,70503-3159",1.0,,0.0,,0.0,,30.19652953,-92.01645337,,,1,0,,
"1537 N BROAD ST,NEW ORLEANS,LA,70119-2333",1.0,,0.0,,0.0,,29.978402799999998,-90.07628605,,,1,0,,
"15384 W MAIN ST,CUT OFF,LA,70345-3413",1.0,,0.0,,0.0,,29.50934841,-90.33106882,,,1,0,,
"1539 MARTIN LUTHER KING JR BLVD,HOUMA,LA,70360-2442",1.3333333333333333,,0.0,,0.0,,29.60796973,-90.74741800000001,,,1,0,,
"1540 COUNTRY CLUB RD,LAKE CHARLES,LA,70605-5324",2.0,,0.0,,0.0,,30.16874751,-93.24507077,,,1,0,,
"15420 S HARRELLS FERRY RD STE C,BATON ROUGE,LA,70816-2933",1.5,2.0,0.0,0.0,0.0,0.0,30.42700586,-91.01509845,30.42700586,-91.01509845,1,0,0.0,1.0
"15420 S HARRELLS FERRY RD,BATON ROUGE,LA,70816-2933",0.5,,0.0,,0.0,,30.42693571,-91.01464734,,,1,0,,
"156 W MAIN ST,THIBODAUX,LA,70301-5216",1.8333333333333333,1.0,1.0,1.0,0.0,0.0,29.77573328,-90.81712098,29.77573328,-90.81712098,1,0,0.0,1.0
"1562 N BROAD ST,NEW ORLEANS,LA,70119-2356",1.0,,0.0,,0.0,,29.97886933,-90.07559178,,,1,0,,
"15696 PROFESSIONAL PLZ,HAMMOND,LA,70403-1410",0.0,,0.0,,1.0,,30.47420899,-90.45955453,,,1,0,,
"15716 PROFESSIONAL PLZ,HAMMOND,LA,70403-1451",1.0,1.0,0.0,0.0,0.0,0.0,30.47400214,-90.45961393,30.47400214,-90.45961393,1,0,0.0,1.0
"159 LONGVIEW DR STE A,DESTREHAN,LA,70047-5076",0.3333333333333333,1.0,0.0,0.0,0.0,0.0,29.95104698,-90.37840552,29.95104698,-90.37840552,1,0,0.0,1.0
"159 LONGVIEW DR,DESTREHAN,LA,70047-5075",0.3333333333333333,,0.5,,0.0,,29.95104698,-90.37840552,,,1,0,,
"160 WINDERMERE BLVD,ALEXANDRIA,LA,71303-3535",1.0,,0.0,,0.0,,31.29399345,-92.49213262,,,1,0,,
"16004 RIVER RD,NORCO,LA,70079-2040",0.4,,0.0,,0.0,,29.99850071,-90.42025278,,,1,0,,
"1602 BARKSDALE BLVD,BOSSIER CITY,LA,71111-4604",1.5,,0.0,,0.0,,32.51575052,-93.72188152,,,1,0,,
"1602 W PINHOOK RD STE 303,LAFAYETTE,LA,70508-3735",3.5,5.0,0.0,0.0,0.0,0.0,30.19383106,-92.01604428,30.19383106,-92.01604428,1,0,0.0,1.0
"1607 MARTENS DR,HAMMOND,LA,70401-1619",1.0,,0.0,,0.0,,30.51919796,-90.47922189,,,1,0,,
"1608 POLK ST,HOUMA,LA,70360-6011",0.0,0.0,0.0,0.0,1.1666666666666663,1.0,29.58694646,-90.73566026,29.58694646,-90.73566026,1,0,0.0,1.0
"1616 W MCNEESE ST,LAKE CHARLES,LA,70605-4244",1.6666666666666663,1.0,0.0,0.0,0.0,0.0,30.17611647,-93.24719116,30.17611647,-93.24719116,1,0,0.0,1.0
"1625 DAVID RAINES RD,SHREVEPORT,LA,71107-5899",1.1666666666666663,1.0,0.0,0.0,0.0,0.0,32.53617486,-93.82887543,32.53617486,-93.82887543,1,0,0.0,1.0
"16270 AIRLINE HWY,PRAIRIEVILLE,LA,70769-4589",0.5,,0.0,,0.0,,30.30434482,-90.9725238,,,1,0,,
"1631 ELYSIAN FIELDS AVE,NEW ORLEANS,LA,70117-8208",0.5,1.0,0.0,0.0,0.0,0.0,29.97435626,-90.05708947,29.97435626,-90.05708947,1,0,0.0,1.0
"1635 MARVEL ST,COUSHATTA,LA,71019-9022",1.0,1.0,0.0,0.0,0.0,0.0,32.02076999,-93.34438702,32.02076999,-93.34438702,1,0,0.0,1.0
"164 COUNTRY CLUB CIR STE A,MINDEN,LA,71055-7502",0.3333333333333333,1.0,1.0,1.0,0.0,0.0,32.62662203,-93.24965348,32.62662203,-93.24965348,1,0,0.0,1.0
"164 COUNTRY CLUB CIR,MINDEN,LA,71055-7502",1.3333333333333333,1.0,0.0,0.0,0.0,0.0,32.62662203,-93.24965348,32.62662203,-93.24965348,1,0,0.0,1.0
"1640 BREAZEALE SPRINGS ST,NATCHITOCHES,LA,71457-4278",0.5,,0.0,,0.0,,31.78361226,-93.10618493,,,1,0,,
"1644 CARTER ST STE 1,VIDALIA,LA,71373-3143",0.5,1.0,0.0,0.0,0.0,0.0,31.57190923,-91.44530068,31.57190923,-91.44530068,1,0,0.0,1.0
"1644 CARTER ST,VIDALIA,LA,71373-3143",0.5,,0.0,,0.0,,31.57190923,-91.44530067,,,1,0,,
"16606 GREENWELL SPRINGS RD,GREENWELL SPRINGS,LA,70739-4128",0.0,,0.0,,0.25,,30.51825047,-91.00361122,,,1,0,,
"170 NORTHSHORE BLVD,SLIDELL,LA,70460-6820",0.5,,0.0,,0.0,,30.30727981,-89.82574825,,,1,0,,
"1702 OAK PARK BLVD,LAKE CHARLES,LA,70601-8912",1.1666666666666663,1.0,0.0,0.0,0.0,0.0,30.20323853,-93.19715999,30.20323853,-93.19715999,1,0,0.0,1.0
"1705 LAPALCO BLVD,HARVEY,LA,70058-3017",1.0,,0.0,,0.0,,29.87486762,-90.04949829,,,1,0,,
"1708 MANHATTAN BLVD STE C,HARVEY,LA,70058-3400",0.25,1.0,0.0,0.0,0.0,0.0,29.88935286,-90.05725618,29.88935286,-90.05725618,1,0,0.0,1.0
"1708 MANHATTAN BLVD,HARVEY,LA,70058-3400",1.25,,0.0,,0.0,,29.88962786,-90.05743819999998,,,1,0,,
"17097 AIRLINE HWY STE 106,PRAIRIEVILLE,LA,70769-3576",0.5,1.0,0.0,0.0,0.0,0.0,30.31896182,-90.97808521,30.31896182,-90.97808521,1,0,0.0,1.0
"17097 AIRLINE HWY,PRAIRIEVILLE,LA,70769-3572",0.7,,0.0,,0.0,,30.31896182,-90.97808521,,,1,0,,
"1729 LAFAYETTE ST,GRETNA,LA,70053-5775",1.0,,0.0,,0.0,,29.90674799,-90.05421949999999,,,1,0,,
"17534 OLD JEFFERSON HWY,PRAIRIEVILLE,LA,70769-3978",0.2,,0.9,,0.0,,30.32290088,-90.97699128,,,1,0,,
"179 BELLE TERRE BLVD STE C,LA PLACE,LA,70068-3356",1.0,1.0,0.0,0.0,0.0,0.0,30.07624006,-90.50145164,30.07624006,-90.50145164,1,0,0.0,1.0
"1800 LOUISIANA AVE,LAFAYETTE,LA,70501-3702",0.5333333333333333,,0.0,,0.0,,30.24122392,-92.00090024,,,1,0,,
"1801 C M FAGAN DR STE 5,HAMMOND,LA,70403-5849",0.0,0.0,0.0,0.0,0.5,1.0,30.4813657,-90.48031987,30.4813657,-90.48031987,1,0,0.0,1.0
"1808 HIGHWAY 190 W STE D,DERIDDER,LA,70634-6023",0.3333333333333333,1.0,0.0,0.0,0.0,0.0,30.84702448,-93.30427349,30.84702448,-93.30427349,1,0,0.0,1.0
"1808 HIGHWAY 190 W,DERIDDER,LA,70634-6023",0.8333333333333333,,0.0,,0.0,,30.84702448,-93.30427349,,,1,0,,
"18331 HIGHWAY 182,BALDWIN,LA,70514-1449",1.0,1.0,0.0,0.0,0.0,0.0,29.85678689,-91.56530254,29.85678689,-91.56530254,1,0,0.0,1.0
"18335 LA-42,DENHAM SPRINGS,LA,70726",2.5,3.0,0.0,0.0,0.0,0.0,30.33289727,-90.84865857,30.33289727,-90.84865857,1,0,0.0,1.0
"1837 LEGLISE ST,MANSURA,LA,71350-4001",1.0,,0.0,,0.0,,31.06190564,-92.0504344,,,1,0,,
"185 S BEADLE RD,LAFAYETTE,LA,70508-4287",1.0833333333333337,1.0,1.0,0.0,0.0,0.0,30.17441246,-92.01543459,30.17441246,-92.01543459,1,0,0.0,1.0
"1850 DR MARTIN LUTHER KING DR,SHREVEPORT,LA,71107-5020",1.0,,0.0,,0.0,,32.54359235,-93.80438382,,,1,0,,
"1855 AMES BLVD,MARRERO,LA,70072-3429",1.2666666666666666,1.0,0.0,0.0,0.0,0.0,29.88197443,-90.11410083,29.88197443,-90.11410083,1,0,0.0,1.0
"189 GREENBRIER BLVD STE A,COVINGTON,LA,70433-7297",0.0,0.0,0.5,1.0,0.0,0.0,30.45664604,-90.13528317,30.45664604,-90.13528317,1,0,0.0,1.0
"189 GREENBRIER BLVD,COVINGTON,LA,70433-7296",0.0,0.0,1.0,1.0,0.5,0.0,30.45664604,-90.13528317,30.45664604,-90.13528317,1,0,0.0,1.0
"189 KEYSTONE RD,MONROE,LA,71203-8936",2.0,,0.0,,0.0,,32.64712578,-92.06084743,,,1,0,,
"189 MOZART DR,HOUMA,LA,70363-7990",0.25,,0.0,,0.0,,29.53682845,-90.67602393,,,1,0,,
"1900 W ESPLANADE AVE STE 101,KENNER,LA,70065-3463",0.0,0.0,0.0,0.0,0.25,1.0,30.02009289,-90.24128762,30.02009289,-90.24128762,1,0,0.0,1.0
"1900 W ESPLANADE AVE,KENNER,LA,70065-3463",0.0,,0.0,,0.25,,30.02009289,-90.24128762,,,1,0,,
"1901  MANHATTAN BLVD  BLDG F,HARVEY,LA,70058-3583",1.0,2.0,0.0,0.0,0.0,0.0,29.88569878,-90.05460453,29.88569878,-90.05460453,1,0,0.0,1.0
"1901 MANHATTAN BLVD STE F201,HARVEY,LA,70058-3589",0.5,1.0,0.0,0.0,0.0,0.0,29.88569878,-90.05460453,29.88569878,-90.05460453,1,0,0.0,1.0
"1901 MANHATTAN BLVD,HARVEY,LA,70058-3582",1.0,,0.0,,0.0,,29.88569878,-90.05460453,,,1,0,,
"195 GREENBRIER BLVD STE 100,COVINGTON,LA,70433-7242",0.0,0.0,0.0,0.0,0.5,1.0,30.45669054,-90.13631399,30.45669054,-90.13631399,1,0,0.0,1.0
"195 GREENBRIER BLVD,COVINGTON,LA,70433-7242",0.0,,0.0,,0.5,,30.45670051,-90.13631399,,,1,0,,
"1953 MAIN ST,HAYNESVILLE,LA,71038-4907",1.6904761904761902,1.0,0.0,0.0,0.0,0.0,32.96180157,-93.13827138,32.96180157,-93.13827138,1,0,0.0,1.0
"1960 JEFFERSON HWY,LUTCHER,LA,70071-5119",5.333333333333333,1.0,0.0,0.0,0.0,0.0,30.0391918,-90.69266732,30.0391918,-90.69266732,1,0,0.0,1.0
"1962 ONEAL LN,BATON ROUGE,LA,70816-3250",1.8472222222222217,,0.0,,0.0,,30.43979702,-91.00755537,,,1,0,,
"19900 OLD SCENIC HWY,ZACHARY,LA,70791-7368",1.0,,0.0,,0.0,,30.64809597,-91.19296812,,,1,0,,
"2 SAINT ANN DR STE 5,MANDEVILLE,LA,70471-3418",0.3333333333333333,1.0,0.0,0.0,0.0,0.0,30.38808235,-90.08056685,30.38808235,-90.08056685,1,0,0.0,1.0
"2 SAINT ANN DR,MANDEVILLE,LA,70471-3418",0.3333333333333333,,0.0,,0.0,,30.38808235,-90.08056685,,,1,0,,
"200 HENRY CLAY AVE STE 2103,NEW ORLEANS,LA,70118-5720",0.5,0.5,0.0,0.0,0.0,0.0,29.91765984,-90.12704903,29.91765984,-90.12704903,1,0,0.0,1.0
"200 HENRY CLAY AVE,NEW ORLEANS,LA,70118-5720",0.5833333333333333,,0.5,,0.0,,29.91765984,-90.12704903,,,1,0,,
"200 HIGHWAY 21,MADISONVILLE,LA,70447-9676",0.3333333333333333,,0.0,,0.25,,30.41865029,-90.16144065,,,1,0,,
"200 N 15TH ST,OAKDALE,LA,71463-2732",0.0,,0.6666666666666666,,0.0,,30.817424900000002,-92.65247597,,,1,0,,
"200 NE CENTRAL AVE,AMITE,LA,70422-2549",1.0,,0.0,,0.0,,30.72820541,-90.50831052,,,1,0,,
"200 RAILROAD AVE,DONALDSONVILLE,LA,70346-2528",0.0,,0.0,,0.25,,30.10507378,-90.98788475,,,1,0,,
"2000 CANAL ST,NEW ORLEANS,LA,70112-3018",0.2,,0.0,,0.7833333333333333,,29.96093653,-90.08073861,,,1,0,,
"2000 OPELOUSAS ST,LAKE CHARLES,LA,70601-2641",1.7345238095238094,1.0,0.0,0.0,0.0,0.0,30.24220551,-93.1927005,30.24220551,-93.1927005,1,0,0.0,1.0
"2001 NE EVANGELINE TRWY,LAFAYETTE,LA,70501-1926",2.407114624505929,1.0,0.18333333333333326,0.0,0.0,0.0,30.24968973,-92.01376368,30.24968973,-92.01376368,1,0,0.0,1.0
"2003 FORSYTHE AVE,MONROE,LA,71201-3608",1.5,,0.0,,1.5,,32.533061100000005,-92.11089669,,,1,0,,
"2004 E MADISON AVE,BASTROP,LA,71220-4035",0.0,,0.0,,0.25,,32.77833828,-91.88955862,,,1,0,,
"201 LESSARD ST,DONALDSONVILLE,LA,70346-2507",1.0,1.0,0.0,0.0,0.0,0.0,30.1044517,-90.98685492,30.1044517,-90.98685492,1,0,0.0,1.0
"201 RIGGS ST,WEST MONROE,LA,71291-2640",0.1,,0.0,,0.0,,32.51227258,-92.13844407,,,1,0,,
"201 S SAINT CHARLES ST,ABBEVILLE,LA,70510-5901",1.0,,0.0,,0.0,,29.97275052,-92.13480192,,,1,0,,
"2010 E 70TH ST,SHREVEPORT,LA,71105-5306",1.0,,0.0,,0.0,,32.44460122,-93.70762118,,,1,0,,
"2016 TOWER DR,MONROE,LA,71201-5036",1.6,,0.0,,0.0,,32.52530095,-92.10811167,,,1,0,,
"2016 WASHINGTON ST,FRANKLINTON,LA,70438-2533",0.0625,,0.0,,0.0,,30.84655565,-90.1362396,,,1,0,,
"202 S HOLLY ST,DEQUINCY,LA,70633-3526",0.5,1.0,0.0,0.0,0.0,0.0,30.44880925,-93.43403011,30.44880925,-93.43403011,1,0,0.0,1.0
"20204 HIGHWAY 190 E,HAMMOND,LA,70401-4149",1.0,1.0,0.0,0.0,0.0,0.0,30.51228752,-90.39207239,30.51228752,-90.39207239,1,0,0.0,1.0
"2021 PERDIDO ST,NEW ORLEANS,LA,70112-1352",0.0,0.0,0.0,0.0,0.3333333333333333,1.0,29.95629761,-90.08531092,29.95629761,-90.08531092,1,0,0.0,1.0
"2024 FORSYTHE AVE,MONROE,LA,71201-3609",1.6547619047619044,1.0,0.0,0.0,0.0,0.0,32.53235561,-92.11188835,32.53235561,-92.11188835,1,0,0.0,1.0
"2029 ORETHA CASTLE HALEY BLVD,NEW ORLEANS,LA,70113-1410",0.5,,0.0,,0.0,,29.93785371,-90.08181601,,,1,0,,
"203 ALLENDE DR,PORT ALLEN,LA,70767",0.4974747474747475,,0.0,,0.0,,30.4524245,-91.20939269,,,1,0,,
"203 ENERGY PKWY APT A,LAFAYETTE,LA,70508-3815",0.0,,0.0,,1.0,,30.18088424,-92.01044648,,,1,0,,
"204 N 5TH ST,IOTA,LA,70543-6036",0.5,,0.0,,0.0,,30.33036898,-92.49089921,,,1,0,,
"205 N HOOD ST STE B,LAKE PROVIDENCE,LA,71254-2103",0.0,0.0,0.0,0.0,1.0,1.0,32.80639455,-91.17152889,32.80639455,-91.17152889,1,0,0.0,1.0
"206 HIGHLAND PARK PLZ,COVINGTON,LA,70433-7129",1.0,,0.0,,0.0,,30.45863133,-90.13369599,,,1,0,,
"206 MCMILLAN RD,WEST MONROE,LA,71291-5322",0.0,,0.0,,0.25,,32.51542408,-92.15062185,,,1,0,,
"206 N THOMSON AVE,IOWA,LA,70647-7033",1.0,1.0,0.0,0.0,1.0,1.0,30.24037626,-93.01360602,30.24037626,-93.01360602,1,0,0.0,1.0
"206 NEVADA ST,DELHI,LA,71232-3100",1.0,,0.0,,0.0,,32.45243548,-91.49450358,,,1,0,,
"207 AVENUE G,KENTWOOD,LA,70444-2803",0.5,1.0,0.0,0.0,0.0,0.0,30.93688647,-90.508104,30.93688647,-90.508104,1,0,0.0,1.0
"207 SERIO BLVD,FERRIDAY,LA,71334-2014",2.0,,0.0,,0.0,,31.64928858,-91.55460779,,,1,0,,
"2070 N HIGHWAY 190,COVINGTON,LA,70433-9056",0.3333333333333333,,0.0,,0.0,,30.46404024,-90.0835339,,,1,0,,
"208 E VAUGHN AVE,RUSTON,LA,71270-5926",1.5714285714285712,,0.0,,0.0,,32.51498554,-92.63540849,,,1,0,,
"20970 HIGHWAY 167,DRY PRONG,LA,71423-3468",1.0,,0.0,,0.0,,31.44831418,-92.48751824,,,1,0,,
"210 BEAULLIEU DR,LAFAYETTE,LA,70508-7226",0.0,0.0,1.0,1.0,0.3333333333333333,0.0,30.1629935,-92.04550967,30.1629935,-92.04550967,1,0,0.0,1.0
"2100 BARATARIA BLVD,MARRERO,LA,70072-5019",0.2,,0.0,,0.0,,29.86846976,-90.09775195,,,1,0,,
"2101 S CLAIBORNE AVE STE F,NEW ORLEANS,LA,70125-3340",0.5,1.0,0.0,0.0,0.0,0.0,29.94564278,-90.08948942,29.94564278,-90.08948942,1,0,0.0,1.0
"2101 S CLAIBORNE AVE,NEW ORLEANS,LA,70125-3300",0.5,,0.0,,0.0,,29.94564278,-90.08948942,,,1,0,,
"2102 RUE SIMONE,HAMMOND,LA,70403-5728",2.0,,0.0,,0.0,,30.48822451,-90.48394349,,,1,0,,
"211 4TH ST,ALEXANDRIA,LA,71301-8421",0.0,,0.25,,0.0,,31.31437392,-92.44966156,,,1,0,,
"211 E OAK ST,AMITE,LA,70422-2817",1.0,,0.0,,0.0,,30.72674751,-90.50562033,,,1,0,,
"2114 HIGHWAY 80,HAUGHTON,LA,71037-9497",2.0,1.0,0.0,0.0,0.0,0.0,32.55568451,-93.60449125,32.55568451,-93.60449125,1,0,0.0,1.0
"2119 AIRLINE DR,BOSSIER CITY,LA,71111-3100",2.2026315789473685,,0.0,,0.0,,32.53521119,-93.70735947,,,1,0,,
"212 W MINNESOTA PARK RD,HAMMOND,LA,70403-6125",5.333333333333333,1.0,0.0,0.0,0.0,0.0,30.48466401,-90.45804931,30.48466401,-90.45804931,1,0,0.0,1.0
"2120 AIRLINE DR,BOSSIER CITY,LA,71111-3106",1.0,,0.0,,0.0,,32.5345137,-93.70690611,,,1,0,,
"2120 BERT KOUNS INDUSTRIAL LOOP STE A,SHREVEPORT,LA,71118-3351",2.5,6.0,0.0,0.0,0.0,0.0,32.40207451,-93.79472383,32.40207451,-93.79472383,1,0,0.0,1.0
"2120 BERT KOUNS INDUSTRIAL LOOP STE D,SHREVEPORT,LA,71118-3351",0.25,1.0,0.0,0.0,0.0,0.0,32.40207451,-93.79472383,32.40207451,-93.79472383,1,0,0.0,1.0
"2120 BERT KOUNS INDUSTRIAL LOOP,SHREVEPORT,LA,71118-3351",1.7499999999999998,,0.5,,0.3333333333333333,,32.40207451,-93.79472383,,,1,0,,
"2121 MAGAZINE ST,NEW ORLEANS,LA,70130-5045",1.3601131281858836,,0.0,,1.119298245614035,,29.93013392,-90.07602221,,,1,0,,
"2136 MIRABEAU AVE,NEW ORLEANS,LA,70122-3920",1.0,1.0,0.0,0.0,0.0,0.0,30.00796853,-90.06146127,30.00796853,-90.06146127,1,0,0.0,1.0
"2149 W WILLOW ST,SCOTT,LA,70583-5301",2.0,,0.0,,0.0,,30.24331215,-92.06533573,,,1,0,,
"215 SAINT ANN DR STE 5,MANDEVILLE,LA,70471-3394",0.2,1.0,0.0,0.0,0.0,0.0,30.38927028,-90.08641218,30.38927028,-90.08641218,1,0,0.0,1.0
"2170 GAUSE BLVD W STE 133,SLIDELL,LA,70460-4127",1.0,1.0,0.0,0.0,0.0,0.0,30.30237239,-89.82303659,30.30237239,-89.82303659,1,0,0.0,1.0
"218 MEMPHIS ST,BOGALUSA,LA,70427-3844",0.4047619047619048,2.0,0.0,0.0,0.0,0.0,30.78678838,-89.86058204,30.78678838,-89.86058204,1,0,0.0,1.0
"219 GRINAGE ST,HOUMA,LA,70360-4525",3.5,,0.0,,0.0,,29.59645111,-90.72333988,,,1,0,,
"219 S ADAMS ST,WELSH,LA,70591-4203",1.0,,0.0,,0.0,,30.23639229,-92.82171947,,,1,0,,
"2201 VETERANS MEMORIAL BLVD,METAIRIE,LA,70002-6323",0.0,0.0,0.5,1.0,0.0,0.0,30.00292179,-90.14741484,30.00292179,-90.14741484,1,0,0.0,1.0
"2204 FORSYTHE AVE,MONROE,LA,71201-3613",0.6666666666666666,,0.0,,0.0,,32.53532173,-92.10724455,,,1,0,,
"2209 LAPALCO BLVD,HARVEY,LA,70058-6128",1.0,,0.0,,0.0,,29.87290755,-90.05430288,,,1,0,,
"2210 FORSYTHE AVE,MONROE,LA,71201-3613",0.0,,0.0,,0.25,,32.53581576,-92.10646605,,,1,0,,
"2212 JUSTICE ST,MONROE,LA,71201-3620",1.0,,0.0,,0.0,,32.53705397,-92.10760763,,,1,0,,
"2212 PARIS RD,CHALMETTE,LA,70043-5025",2.25,3.0,0.0,0.0,0.0,0.0,29.93881953,-89.96552521,29.93881953,-89.96552521,1,0,0.0,1.0
"2222 CLEARVIEW PKWY STE 1,METAIRIE,LA,70001-2437",0.2159090909090909,2.0,0.0,0.0,0.0,0.0,29.99538657,-90.1830937,29.99538657,-90.1830937,1,0,0.0,1.0
"2222 CLEARVIEW PKWY,METAIRIE,LA,70001-2437",2.323781291172596,,0.18333333333333326,,0.0,,29.99538657,-90.1830937,,,1,0,,
"2222 SIMON BOLIVAR AVE,NEW ORLEANS,LA,70113-1460",1.0,,0.0,,0.0,,29.93879184,-90.08556724,,,1,0,,
"2223 JUSTICE ST,MONROE,LA,71201-3619",1.0,1.0,0.0,0.0,0.0,0.0,32.53728213,-92.10707482,32.53728213,-92.10707482,1,0,0.0,1.0
"2227 WORLEY DR,ALEXANDRIA,LA,71301-3631",1.0,,0.0,,0.0,,31.27565527,-92.46352789,,,1,0,,
"2235 WORLEY DR,ALEXANDRIA,LA,71301-3631",2.0,,0.0,,0.0,,31.27549129,-92.46319941,,,1,0,,
"2238 WORLEY DR,ALEXANDRIA,LA,71301-3600",1.5,,0.0,,0.0,,31.27535372,-92.46306405,,,1,0,,
"22464 HIGHWAY 435,ABITA SPRINGS,LA,70420-2206",1.0,,0.0,,0.0,,30.48017359,-90.02746806,,,1,0,,
"2285 BENTON RD STE C100,BOSSIER CITY,LA,71111-3465",0.5,1.0,0.0,0.0,0.0,0.0,32.54229086,-93.72229449,32.54229086,-93.72229449,1,0,0.0,1.0
"2285 BENTON RD,BOSSIER CITY,LA,71111-7933",0.5,,0.5333333333333333,,0.0,,32.54229086,-93.72229449,,,1,0,,
"2300 AIRLINE DR STE 200,BOSSIER CITY,LA,71111-5874",0.6666666666666666,2.0,0.0,0.0,0.0,0.0,32.54398853,-93.70865835,32.54398853,-93.70865835,1,0,0.0,1.0
"2300 AIRLINE DR,BOSSIER CITY,LA,71111-1610",1.1666666666666663,,0.0,,0.0,,32.54398853,-93.70865835,,,1,0,,
"2301 N HIGHWAY 190 STE 5,COVINGTON,LA,70433-9051",0.5,1.0,0.0,0.0,0.0,0.0,30.46713591,-90.08515019,30.46713591,-90.08515019,1,0,0.0,1.0
"2301 N HIGHWAY 190,COVINGTON,LA,70433-9061",0.5,,0.0,,0.0,,30.46713591,-90.08515019,,,1,0,,
"2301 OLD JEANERETTE RD,NEW IBERIA,LA,70563-3040",1.0,1.0,0.0,0.0,0.0,0.0,29.99278285,-91.78285208,29.99278285,-91.78285208,1,0,0.0,1.0
"2314 WEYMOUTH DR STE B,BATON ROUGE,LA,70809-1594",0.0,0.0,0.3333333333333333,1.0,0.0,0.0,30.42951136,-91.08262428,30.42951136,-91.08262428,1,0,0.0,1.0
"2314 WEYMOUTH DR,BATON ROUGE,LA,70809-1594",1.0,1.0,0.3333333333333333,0.0,0.0,0.0,30.42951136,-91.08262428,30.42951136,-91.08262428,1,0,0.0,1.0
"232 PIRATE DR,SAINT ROSE,LA,70087-3616",0.4,,0.0,,0.0,,29.95634497,-90.30961735,,,1,0,,
"2330 GAUSE BLVD E,SLIDELL,LA,70461-4141",0.0,,0.5,,0.0,,30.28932863,-89.72730775,,,1,0,,
"2334 GAUSE BLVD E,SLIDELL,LA,70461-4141",1.0,1.0,0.0,0.0,0.5,0.0,30.28931614,-89.72751295,30.28931614,-89.72751295,1,0,0.0,1.0
"2351 LARKSPUR LN,OPELOUSAS,LA,70570-8664",0.0,0.0,0.0,0.0,1.0,2.0,30.50844089,-92.08325111,30.50844089,-92.08325111,1,0,0.0,1.0
"23840 CHURCH ST,PLAQUEMINE,LA,70764-3308",1.0,1.0,0.0,0.0,0.0,0.0,30.28724392,-91.231527,30.28724392,-91.231527,1,0,0.0,1.0
"2390 W CONGRESS ST,LAFAYETTE,LA,70506-4205",0.2,1.0,0.0,0.0,0.0,0.0,30.21543638,-92.0463245,30.21543638,-92.0463245,1,0,0.0,1.0
"2400 HOSPITAL DR,BOSSIER CITY,LA,71111-2385",0.5833333333333333,,0.0,,0.25,,32.55754749,-93.71735036,,,1,0,,
"2400 VETERANS BLVD,KENNER,LA,70062",1.0,1.0,0.0,0.0,0.0,0.0,30.00637734,-90.23473153,30.00637734,-90.23473153,1,0,0.0,1.0
"2406 DUVAL DR,MONROE,LA,71201-2986",1.0,,0.0,,0.0,,32.53760218,-92.10099357,,,1,0,,
"242 E RAILROAD AVE,PALMETTO,LA,71358-3500",1.0,,0.0,,0.0,,30.71745649,-91.90339152,,,1,0,,
"24310 EDEN ST,PLAQUEMINE,LA,70764-3752",1.0,1.0,0.0,0.0,0.0,0.0,30.28302756,-91.22988136,30.28302756,-91.22988136,1,0,0.0,1.0
"2446 BARATARIA BLVD STE C,MARRERO,LA,70072-5356",1.0625,2.0,0.0,0.0,1.0,1.0,29.85812134,-90.10165091,29.85812134,-90.10165091,1,0,0.0,1.0
"2446 BARATARIA BLVD,MARRERO,LA,70072-5345",0.0625,,0.0,,0.0,,29.85821018,-90.10155266,,,1,0,,
"245 VETERANS BLVD,DENHAM SPRINGS,LA,70726-4720",0.7,,0.8333333333333333,,0.45,,30.46737467,-90.96168855,,,1,0,,
"249 LOFTON DR,PINEVILLE,LA,71360-4398",1.0,1.0,0.0,0.0,0.0,0.0,31.36572836,-92.40810078,31.36572836,-92.40810078,1,0,0.0,1.0
"250 OCHSNER BLVD,GRETNA,LA,70056-5257",0.0,,0.0,,0.5,,29.893056,-90.03058099,,,1,0,,
"2504 TULANE AVE,NEW ORLEANS,LA,70119-7445",2.0,2.0,0.0,0.0,0.0,0.0,29.96062146,-90.08813272,29.96062146,-90.08813272,1,0,0.0,1.0
"2508 BERT KOUNS INDUSTRIAL LOOP,SHREVEPORT,LA,71118-3133",0.3333333333333333,,0.2,,0.5,,32.40208446,-93.79580399,,,1,0,,
"2511 BROADMOOR BLVD,MONROE,LA,71201-2987",1.0,,0.0,,0.0,,32.53460046,-92.09993115,,,1,0,,
"2521 AMES BLVD,MARRERO,LA,70072-5155",2.182936507936508,,0.0,,0.0,,29.86219765,-90.11025977,,,1,0,,
"2526 WILLIAMS BLVD,KENNER,LA,70062-5538",3.075,1.0,0.3333333333333333,0.0,0.0,0.0,30.00194834,-90.24085954,30.00194834,-90.24085954,1,0,0.0,1.0
"258 ARCENEAUX RD,CARENCRO,LA,70520-6220",3.0,,0.0,,0.0,,30.30956549,-92.04065099,,,1,0,,
"260 DALWILL DR,MANDEVILLE,LA,70471-3372",0.0,,0.0,,1.0,,30.39459398,-90.09957489,,,1,0,,
"2600 BELLE CHASSE HWY STE 200,TERRYTOWN,LA,70056-7156",0.6,2.0,0.0,0.0,0.0,0.0,29.88410158,-90.02522809999998,29.88410158,-90.02522809999998,1,0,0.0,1.0
"2610 ESPLANADE AVE,NEW ORLEANS,LA,70119-3354",1.0,1.0,0.0,0.0,0.0,0.0,29.97609561,-90.07848299999999,29.97609561,-90.07848299999999,1,0,0.0,1.0
"2625 DILLARD LOOP STE A,LAKE CHARLES,LA,70607-7553",0.5,1.0,0.0,0.0,0.0,0.0,30.19244791,-93.17931863,30.19244791,-93.17931863,1,0,0.0,1.0
"2625 DILLARD LOOP,LAKE CHARLES,LA,70607-7553",0.5,,0.0,,0.0,,30.19244791,-93.17931863,,,1,0,,
"2633 NAPOLEON AVE,NEW ORLEANS,LA,70115-6357",1.0,,0.0,,0.0,,29.93691567,-90.10298841,,,1,0,,
"2645 MANHATTAN BLVD,HARVEY,LA,70058-3385",2.0,,0.0,,0.0,,29.87476359,-90.04778470000002,,,1,0,,
"2670 HIGHWAY 20,VACHERIE,LA,70090-5602",1.0,1.0,0.0,0.0,0.0,0.0,29.99237407,-90.72444914,29.99237407,-90.72444914,1,0,0.0,1.0
"2700 SAINT CHARLES AVE,NEW ORLEANS,LA,70130-5930",0.0,0.0,0.0,0.0,0.25,1.0,29.93125878,-90.08513967,29.93125878,-90.08513967,1,0,0.0,1.0
"2701 FREDERICK ST,SHREVEPORT,LA,71109-3607",1.0666666666666669,1.0,0.0,0.0,0.0,0.0,32.48755252,-93.78048208,32.48755252,-93.78048208,1,0,0.0,1.0
"2703 GENERAL DEGAULLE DR,NEW ORLEANS,LA,70114-6222",0.0,,0.0,,0.5,,29.92851009,-90.03048041,,,1,0,,
"2706 RYAN ST,LAKE CHARLES,LA,70601-7328",2.823781291172596,1.0,0.18333333333333326,0.0,0.0,0.0,30.20501423,-93.21872747,30.20501423,-93.21872747,1,0,0.0,1.0
"2709 N 1ST ST,JENA,LA,71342-4099",1.0,,0.0,,0.0,,31.68864945,-92.13229815,,,1,0,,
"27124 HIGHWAY 42,SPRINGFIELD,LA,70462-7979",0.3724747474747475,,0.0,,0.0,,30.43289836,-90.55548412,,,1,0,,
"27136 HIGHWAY 23,PORT SULPHUR,LA,70083-2648",0.14285714285714285,,0.0,,0.0,,29.495796399999996,-89.71151681,,,1,0,,
"2721 ATHANIA PKWY,METAIRIE,LA,70002-6063",1.0,,0.0,,0.0,,30.000500800000005,-90.15726032,,,1,0,,
"2726 CONTINENTAL DR,BATON ROUGE,LA,70808-3242",0.5088235294117647,,0.0,,0.0,,30.42157542,-91.13665217,,,1,0,,
"2727 HOUMA BLVD,METAIRIE,LA,70006-6580",1.0,,0.0,,0.0,,29.99972799,-90.17872298,,,1,0,,
"27403 HIGHWAY 190,LACOMBE,LA,70445-6401",2.517156862745098,,0.0,,0.0,,30.31526289,-89.94749944,,,1,0,,
"2752 CANAL ST,NEW ORLEANS,LA,70119-5579",1.45,1.0,0.0,0.0,0.0,0.0,29.96624822,-90.08862590000001,29.96624822,-90.08862590000001,1,0,0.0,1.0
"277 E RAILROAD AVE,DENHAM SPRINGS,LA,70726-3443",1.0,,0.0,,0.0,,30.48447439,-90.95452567,,,1,0,,
"27949 JUBAN RD,DENHAM SPRINGS,LA,70726-7915",6.888924477020117,3.0,0.0,0.0,1.5086755349913246,0.0,30.47319695,-90.91903644,30.47319695,-90.91903644,1,0,0.0,1.0
"2800 MANHATTAN BLVD STE D,HARVEY,LA,70058-2904",0.0,0.0,0.3333333333333333,1.0,0.0,0.0,29.87062944,-90.04827406,29.87062944,-90.04827406,1,0,0.0,1.0
"2800 MANHATTAN BLVD,HARVEY,LA,70058-2900",1.0,,0.3333333333333333,,0.0,,29.87062944,-90.04827406,,,1,0,,
"2805 ARMAND ST,MONROE,LA,71201-3759",1.0,,0.0,,0.0,,32.52932924,-92.093947,,,1,0,,
"2816 ARMAND ST,MONROE,LA,71201-3762",0.8333333333333333,1.5,0.0,0.0,0.0,0.0,32.52906872,-92.09248705,32.52906872,-92.09248705,1,0,0.0,1.0
"2816 LAKE VILLA DR,METAIRIE,LA,70002-6717",1.0,,0.0,,0.0,,30.00051536,-90.17618226,,,1,0,,
"2820 LOUISVILLE AVE,MONROE,LA,71201-6685",2.232872200263505,,0.2742424242424243,,0.0,,32.52473459,-92.09286207,,,1,0,,
"2824 ATHANIA PKWY,METAIRIE,LA,70002-5906",1.0,,0.0,,0.0,,30.00212119,-90.1572617,,,1,0,,
"2826 BIENVILLE RD,RINGGOLD,LA,71068-2588",1.238095238095238,1.0,0.0,0.0,0.0,0.0,32.32795448,-93.27989138,32.32795448,-93.27989138,1,0,0.0,1.0
"2826 PARIS RD,CHALMETTE,LA,70043-3303",1.0,,0.0,,0.0,,29.94471005,-89.96267019,,,1,0,,
"2840 MANHATTAN BLVD,HARVEY,LA,70058-2988",8.102509911193787,5.0,0.0,0.0,0.5086755349913246,0.0,29.86949725,-90.04838609,29.86949725,-90.04838609,1,0,0.0,1.0
"2865 AMBASSADOR CAFFERY PKWY STE 117,LAFAYETTE,LA,70506-5943",1.5,2.0,0.0,0.0,0.0,0.0,30.19654828,-92.07522075,30.19654828,-92.07522075,1,0,0.0,1.0
"2865 AMBASSADOR CAFFERY PKWY,LAFAYETTE,LA,70506-5944",0.5,,0.0,,0.0,,30.19654828,-92.07522074,,,1,0,,
"2881 HIGHWAY 190,MANDEVILLE,LA,70471-3248",0.25,,0.0,,0.0,,30.38776581,-90.07999767,,,1,0,,
"2900 2ND AVE,LAKE CHARLES,LA,70601-8906",1.0,,0.0,,0.0,,30.20323552,-93.19863273,,,1,0,,
"2905 STERLINGTON RD,MONROE,LA,71203-2513",1.0,1.0,0.0,0.0,0.0,0.0,32.55207696,-92.0768756,32.55207696,-92.0768756,1,0,0.0,1.0
"2913 DESIARD ST,MONROE,LA,71201-7207",0.6583333333333333,,0.0,,0.0,,32.51955773,-92.08723153,,,1,0,,
"2914 BETIN AVE,MONROE,LA,71201-7258",0.6583333333333333,,0.0,,0.0,,32.52005997,-92.08837599,,,1,0,,
"2915 BETIN AVE,MONROE,LA,71201-7257",0.6583333333333333,,0.0,,0.0,,32.52050178,-92.08759437,,,1,0,,
"2915 S SHERWOOD FOREST BLVD,BATON ROUGE,LA,70816-5700",0.5,,0.0,,0.0,,30.42638641,-91.05278934,,,1,0,,
"2920 MAPLEWOOD DR,SULPHUR,LA,70663-6114",1.0,,0.0,,0.0,,30.2275235,-93.34354997,,,1,0,,
"2925 BRAKLEY DR,BATON ROUGE,LA,70816-2305",1.5,1.0,0.0,0.0,0.0,0.0,30.4256034,-91.05040724,30.4256034,-91.05040724,1,0,0.0,1.0
"2935 HIGHWAY 190,MANDEVILLE,LA,70471-3298",2.4968956482114377,,0.30952380952380953,,0.0,,30.38910631,-90.08094595,,,1,0,,
"29437 LA-63,LIVINGSTON,LA,70754",0.5689033189033189,1.0,0.0,0.0,0.0,0.0,30.48774452,-90.74825440000001,30.48774452,-90.74825440000001,1,0,0.0,1.0
"2960 GAUSE BLVD E,SLIDELL,LA,70461-4153",2.38975279106858,3.0,1.4523809523809523,3.0,0.12406015037593986,1.0,30.29094681,-89.72184992,30.29094681,-89.72184992,1,0,0.0,1.0
"2968 GENERAL COLLINS AVE,NEW ORLEANS,LA,70114-6859",1.0,1.0,0.0,0.0,0.0,0.0,29.92315379,-90.01532891,29.92315379,-90.01532891,1,0,0.0,1.0
"29906 S MONTPELIER RD,ALBANY,LA,70711-3606",1.0,,0.0,,0.0,,30.50308802,-90.58272916,,,1,0,,
"300 W ALABAMA AVE,RUSTON,LA,71270-4228",0.0,,0.0,,0.25,,32.53058547,-92.64119002,,,1,0,,
"300 W MADISON ST,BROUSSARD,LA,70518-4518",1.0,,0.0,,0.0,,30.14744112,-91.96634464,,,1,0,,
"3000 LAKE ST,LAKE CHARLES,LA,70601-8336",1.0,,0.0,,0.0,,30.201615000000004,-93.2323733,,,1,0,,
"3004 GENTILLY BLVD,NEW ORLEANS,LA,70122-3808",1.0,,0.0,,0.0,,29.99715832,-90.06134773,,,1,0,,
"30061 COLLEGE DR,WALKER,LA,70785-7321",1.0,,0.0,,0.0,,30.48834536,-90.86706389,,,1,0,,
"301 4TH ST,ALEXANDRIA,LA,71301-8411",0.0,,0.0,,1.0,,31.313969800000002,-92.44912689,,,1,0,,
"30125 WALKER RD N,WALKER,LA,70785-7302",0.5,,0.0,,0.0,,30.49179228,-90.86269447,,,1,0,,
"3021 W 70TH ST,SHREVEPORT,LA,71108-4603",1.0238095238095235,,0.0,,0.0,,32.44191725,-93.78672535,,,1,0,,
"303 W ALABAMA AVE,RUSTON,LA,71270-4265",1.0,1.0,0.0,0.0,0.0,0.0,32.53052754,-92.64110347,32.53052754,-92.64110347,1,0,0.0,1.0
"305 VETERANS BLVD,DENHAM SPRINGS,LA,70726-4722",1.5833333333333333,,0.0,,0.0,,30.46929154,-90.96389114,,,1,0,,
"3050 FORSYTHE AVE,MONROE,LA,71201-3012",0.5,,0.0,,0.0,,32.5410408,-92.09824845,,,1,0,,
"3057 GENTILLY BLVD,NEW ORLEANS,LA,70122-3807",3.332872200263505,2.0,0.2742424242424243,0.0,0.0,0.0,29.99802234,-90.06073459,29.99802234,-90.06073459,1,0,0.0,1.0
"30575 OLD BATON ROUGE HWY,HAMMOND,LA,70403-8350",1.0916666666666666,,0.0,,0.0,,30.48361072,-90.55743125,,,1,0,,
"306 N LEWIS ST,NEW IBERIA,LA,70563-2924",1.0,,0.5,,0.0,,30.00411782,-91.79801715,,,1,0,,
"307 AVENUE H,KENTWOOD,LA,70444-2729",1.0,1.0,0.0,0.0,0.0,0.0,30.935652500000003,-90.50976008,30.935652500000003,-90.50976008,1,0,0.0,1.0
"307 GRETNA BLVD STE A,GRETNA,LA,70053-4994",0.14285714285714285,1.0,0.0,0.0,0.0,0.0,29.903211499999998,-90.04579517,29.903211499999998,-90.04579517,1,0,0.0,1.0
"307 S WASHINGTON ST,DERIDDER,LA,70634-4861",2.0,1.0,0.0,0.0,0.0,0.0,30.84417034,-93.28651527,30.84417034,-93.28651527,1,0,0.0,1.0
"309 FRITZ ST,JONESVILLE,LA,71343-2506",1.0,,0.0,,0.0,,31.62591899,-91.84032124,,,1,0,,
"310 N LOUISE ST,JENNINGS,LA,70546-5928",0.0,,0.5,,0.0,,30.22276642,-92.64651128,,,1,0,,
"3100 WOODLAWN AVE,SHREVEPORT,LA,71104-4637",0.5,,0.0,,0.0,,32.4815548,-93.72884919,,,1,0,,
"3101 7TH ST,METAIRIE,LA,70002-1714",2.0,,0.0,,0.0,,30.01710748,-90.15331977,,,1,0,,
"3107 MAPLEWOOD DR,SULPHUR,LA,70663-6201",1.0,1.0,0.0,0.0,0.0,0.0,30.22750054,-93.34092124,30.22750054,-93.34092124,1,0,0.0,1.0
"3108 W ESPLANADE AVE N,METAIRIE,LA,70002-1750",0.3333333333333333,,0.0,,0.0,,30.01463451,-90.15324286,,,1,0,,
"3114 GROOM RD,BAKER,LA,70714-3402",2.0,1.0,0.0,0.0,0.0,0.0,30.58821264,-91.16764491,30.58821264,-91.16764491,1,0,0.0,1.0
"312 GUILBEAU RD STE 6B,LAFAYETTE,LA,70506-6954",1.1666666666666667,2.0,0.0,0.0,0.0,0.0,30.19612989,-92.06530525,30.19612989,-92.06530525,1,0,0.0,1.0
"3140 FLORIDA BLVD,BATON ROUGE,LA,70806-3757",0.8666666666666667,1.0,0.0,0.0,1.0,1.0,30.45025151,-91.15668913,30.45025151,-91.15668913,1,0,0.0,1.0
"3150 TAYLOR ST,MARION,LA,71260-3653",0.1,,0.0,,0.0,,32.90247519,-92.24212376,,,1,0,,
"317 DERNIER ST,SAINT MARTINVILLE,LA,70582-3809",1.738095238095238,1.0,0.0,0.0,0.0,0.0,30.11564585,-91.83572301,30.11564585,-91.83572301,1,0,0.0,1.0
"3170 CHURCH ST,SLAUGHTER,LA,70777-3219",0.4974747474747475,,0.0,,0.0,,30.71839671,-91.14686126,,,1,0,,
"318 CARROLL ST,SHREVEPORT,LA,71105-4132",0.0,,1.3333333333333333,,0.0,,32.4531554,-93.72310071,,,1,0,,
"320 AUSTIN ST,BOGALUSA,LA,70427-3857",1.0,,0.0,,0.0,,30.78844977,-89.86108298,,,1,0,,
"320 N CARROLLTON AVE STE 103,NEW ORLEANS,LA,70119-5157",0.3333333333333333,1.0,0.0,0.0,0.0,0.0,29.97620851,-90.09865211,29.97620851,-90.09865211,1,0,0.0,1.0
"320 N CARROLLTON AVE,NEW ORLEANS,LA,70119-5144",0.3333333333333333,,0.0,,0.0,,29.97620851,-90.09865211,,,1,0,,
"3200 MONROE HWY STE 150,PINEVILLE,LA,71360-4294",1.0,1.0,0.0,0.0,0.0,0.0,31.36058517,-92.41454337,31.36058517,-92.41454337,1,0,0.0,1.0
"3201 GENERAL MEYER AVE,NEW ORLEANS,LA,70114-3201",1.0588235294117647,,0.0,,0.0,,29.9402933,-90.02209383,,,1,0,,
"3201 S CARROLLTON AVE,NEW ORLEANS,LA,70118-4307",5.166666666666667,5.0,0.0,0.0,0.0,0.0,29.96180165,-90.11404153,29.96180165,-90.11404153,1,0,0.0,1.0
"3233 AMBASSADOR CAFFERY PKWY,LAFAYETTE,LA,70506-7214",1.0,,0.0,,0.0,,30.1846583,-92.07496976,,,1,0,,
"3237 METAIRIE RD,METAIRIE,LA,70001-5214",1.0,1.0,0.0,0.0,0.0,0.0,29.97604482,-90.15770101,29.97604482,-90.15770101,1,0,0.0,1.0
"328 S BURNSIDE AVE,GONZALES,LA,70737-3444",1.0,,0.0,,0.0,,30.23043227,-90.92061120000001,,,1,0,,
"3301 CANAL ST,NEW ORLEANS,LA,70119-6247",0.09090909090909093,,0.0,,0.0,,29.96946038,-90.09290624,,,1,0,,
"3301 STERLINGTON RD,MONROE,LA,71203-2521",2.0,,0.0,,0.0,,32.5564152,-92.07615454,,,1,0,,
"3301 VETERANS MEMORIAL BLVD STE 203,METAIRIE,LA,70002-8440",2.749206349206349,5.5,0.0,0.0,0.05,1.0,30.0036705,-90.15676103,30.003670500000002,-90.15676103,1,0,0.0,1.0
"3301 VETERANS MEMORIAL BLVD,METAIRIE,LA,70002-7657",4.779505709513115,,0.07142857142857142,,0.5711755349913245,,30.003670500000002,-90.15676103,,,1,0,,
"3308 TULANE AVE,NEW ORLEANS,LA,70119-7100",1.5,1.0,0.0,0.0,0.0,0.0,29.9646939,-90.0971491,29.9646939,-90.0971491,1,0,0.0,1.0
"3320 HESSMER AVE,METAIRIE,LA,70002-4727",1.0,1.0,0.0,0.0,0.0,0.0,30.00416517,-90.16361423,30.00416517,-90.16361423,1,0,0.0,1.0
"3330 KINGMAN ST,METAIRIE,LA,70006-4235",1.0,,0.3333333333333333,,0.0,,30.00552027,-90.18084004,,,1,0,,
"3340 STERLINGTON RD,MONROE,LA,71203-2522",1.0,1.0,0.0,0.0,0.0,0.0,32.55761324,-92.07563659,32.55761324,-92.07563659,1,0,0.0,1.0
"340 WEBB SMITH DR,COLFAX,LA,71417-1910",3.1309523809523814,2.0,0.0,0.0,0.0,0.0,31.52130222,-92.68891116,31.52130222,-92.68891116,1,0,0.0,1.0
"3401 W ESPLANADE AVE S STE 2,METAIRIE,LA,70002-3578",1.0,1.0,0.0,0.0,0.0,0.0,30.01411942,-90.15856915,30.01411942,-90.15856915,1,0,0.0,1.0
"3412 BARKSDALE BLVD STE 100,BOSSIER CITY,LA,71112-3819",0.5,1.0,0.0,0.0,0.0,0.0,32.48704383,-93.68303966,32.48704383,-93.68303966,1,0,0.0,1.0
"3412 BARKSDALE BLVD,BOSSIER CITY,LA,71112-3800",2.2026315789473685,,1.5,,0.0,,32.48704383,-93.68303966,,,1,0,,
"34287 LA HIGHWAY 16,DENHAM SPRINGS,LA,70706",1.0,,0.0,,0.0,,30.56556583,-90.95585394,,,1,0,,
"3430 MAGAZINE ST,NEW ORLEANS,LA,70115-2413",1.0,,0.0,,0.0,,29.92265587,-90.08972322,,,1,0,,
"3437 DEREK DR,LAKE CHARLES,LA,70607-7533",1.0,,0.0,,0.0,,30.19591552,-93.17433188,,,1,0,,
"3447 5TH AVE,LAKE CHARLES,LA,70607-2127",1.0,1.0,0.0,0.0,0.0,0.0,30.19467552,-93.18924019,30.19467552,-93.18924019,1,0,0.0,1.0
"3455 GOVERNMENT ST,BATON ROUGE,LA,70806-5717",2.6571146245059296,1.0,0.18333333333333326,0.0,0.0,0.0,30.44420544,-91.15394191,30.44420544,-91.15394191,1,0,0.0,1.0
"34659 LA HIGHWAY 16,DENHAM SPRINGS,LA,70706",2.0567460317460315,,0.0,,0.0,,30.570596999999996,-90.9558859,,,1,0,,
"348 VETERANS BLVD,DENHAM SPRINGS,LA,70726-4721",0.0,0.0,0.5,1.0,0.0,0.0,30.46948726,-90.96445148,30.46948726,-90.96445148,1,0,0.0,1.0
"350 DOUCET RD STE 101,LAFAYETTE,LA,70503-3415",0.0,0.0,0.5,1.0,0.0,0.0,30.19763631,-92.04178804,30.19763631,-92.04178804,1,0,0.0,1.0
"350 DOUCET RD,LAFAYETTE,LA,70503-3415",1.1,,1.0,,0.0,,30.19763631,-92.04178804,,,1,0,,
"3500 BEHRMAN PL,NEW ORLEANS,LA,70114-8237",1.0,2.0,0.0,0.0,0.0,0.0,29.92015999,-90.01736059,29.92015999,-90.01736059,1,0,0.0,1.0
"3501 BEHRMAN PL STE B,NEW ORLEANS,LA,70114-8279",0.0,0.0,0.0,0.0,0.05263157894736842,1.0,29.92023872,-90.01758466,29.92023872,-90.01758466,1,0,0.0,1.0
"3501 BEHRMAN PL,NEW ORLEANS,LA,70114-8201",0.05555555555555555,,0.0,,0.0,,29.92023872,-90.01758466,,,1,0,,
"3501 HIGHWAY 10,JACKSON,LA,70748-6238",0.4974747474747475,,0.0,,0.0,,30.83553421,-91.1905585,,,1,0,,
"3502 S CARROLLTON AVE,NEW ORLEANS,LA,70118-4508",2.408333333333333,,0.3333333333333333,,0.0,,29.96425025,-90.11172109999998,,,1,0,,
"3508 GROOM RD,BAKER,LA,70714-3508",0.5,1.0,0.0,0.0,0.0,0.0,30.58784561,-91.16355389,30.58784561,-91.16355389,1,0,0.0,1.0
"3531 RIDGELAKE DR,METAIRIE,LA,70002-3615",1.0,,0.0,,0.0,,30.01344238,-90.15314829,,,1,0,,
"3546 GREENWOOD RD,SHREVEPORT,LA,71109-5233",1.0,1.0,0.0,0.0,0.0,0.0,32.4765299,-93.79468156,32.4765299,-93.79468156,1,0,0.0,1.0
"3557 MONTERREY DR,BATON ROUGE,LA,70814-2918",1.5,,0.0,,0.0,,30.48371991,-91.08370239,,,1,0,,
"3600 PRYTANIA ST STE 50,NEW ORLEANS,LA,70115-3689",0.09090909090909093,1.0,0.0,0.0,0.0,0.0,29.92593726,-90.0936231,29.92593726,-90.0936231,1,0,0.0,1.0
"3600 PRYTANIA ST,NEW ORLEANS,LA,70115-3628",0.09090909090909093,,0.0,,0.0,,29.92593726,-90.0936231,,,1,0,,
"3621 RIDGELAKE DR,METAIRIE,LA,70002-1769",0.3333333333333333,,0.0,,0.25,,30.01397008,-90.15313177,,,1,0,,
"363 LAKEVIEW CT,COVINGTON,LA,70433-7515",0.0,,0.0,,0.5,,30.41224398,-90.07927408,,,1,0,,
"363 S ACADIAN THRUWAY,BATON ROUGE,LA,70806-5022",1.0,1.0,0.0,0.0,0.0,0.0,30.44524486,-91.15473166,30.44524486,-91.15473166,1,0,0.0,1.0
"3634 COLISEUM ST,NEW ORLEANS,LA,70115-3607",0.0,,0.0,,1.0,,29.92449315,-90.09373511,,,1,0,,
"3700 SAINT CHARLES AVE STE 700,NEW ORLEANS,LA,70115-4637",0.2,1.0,0.0,0.0,0.0,0.0,29.92696087,-90.09499529,29.92696087,-90.09499529,1,0,0.0,1.0
"3700 SAINT CHARLES AVE,NEW ORLEANS,LA,70115-4637",0.2,,0.0,,0.7833333333333333,,29.92696087,-90.09499529,,,1,0,,
"3701 WILLIAMS BLVD STE 253,KENNER,LA,70065-3067",0.3333333333333333,1.0,0.0,0.0,0.0,0.0,30.02402037,-90.23914498,30.02402037,-90.23914498,1,0,0.0,1.0
"3701 WILLIAMS BLVD,KENNER,LA,70065-3070",0.3333333333333333,,0.0,,0.0,,30.02402037,-90.23914498,,,1,0,,
"3704 MAPLEWOOD DR,SULPHUR,LA,70663-6302",1.0,,0.0,,0.0,,30.22756151,-93.33337444,,,1,0,,
"3709 WESTBANK EXPY STE 1A,HARVEY,LA,70058-2600",0.5,1.0,0.0,0.0,0.0,0.0,29.89662004,-90.08721719,29.89662004,-90.08721719,1,0,0.0,1.0
"3709 WESTBANK EXPY,HARVEY,LA,70058-2600",0.8333333333333333,,0.0,,0.0,,29.896511,-90.08795119999999,,,1,0,,
"3711 FRENCHMEN ST,NEW ORLEANS,LA,70122-3705",2.0,,0.0,,0.0,,29.9962272,-90.06031839,,,1,0,,
"3712 MACARTHUR BLVD STE 201,NEW ORLEANS,LA,70114-6864",0.0,0.0,0.0,0.0,0.5,1.0,29.92473751,-90.01839005,29.92473751,-90.01839005,1,0,0.0,1.0
"3712 MACARTHUR BLVD,NEW ORLEANS,LA,70114-6802",0.5,,0.0,,0.0,,29.92473751,-90.01839005,,,1,0,,
"3715 PRYTANIA ST,NEW ORLEANS,LA,70115-3761",0.3333333333333333,,0.0,,0.0,,29.92570599,-90.09483752,,,1,0,,
"3719 JEWELLA AVE,SHREVEPORT,LA,71109-4703",2.323781291172596,,0.18333333333333326,,0.0,,32.47715056,-93.79718158,,,1,0,,
"3727 MACARTHUR BLVD,NEW ORLEANS,LA,70114-6825",0.1111111111111111,1.0,0.0,0.0,0.0,0.0,29.92453256,-90.01774272,29.92453256,-90.01774272,1,0,0.0,1.0
"3750 PARLIAMENT DR,ALEXANDRIA,LA,71303-3011",0.5,,0.0,,0.0,,31.28457101,-92.4780188,,,1,0,,
"377 HIGHWAY 21,MADISONVILLE,LA,70447-3442",1.0,1.0,0.0,0.0,0.0,0.0,30.43211695,-90.15175781,30.43211695,-90.15175781,1,0,0.0,1.0
"3801 NORTH BLVD,BATON ROUGE,LA,70806-3825",1.5,1.0,0.0,0.0,1.0,1.0,30.44831247,-91.15079241,30.44831247,-91.15079241,1,0,0.0,1.0
"3809 JEFFERSON HWY,JEFFERSON,LA,70121-1625",1.0,1.0,0.0,0.0,0.0,0.0,29.9633191,-90.16544643,29.9633191,-90.16544643,1,0,0.0,1.0
"3809 WHITES FERRY RD,WEST MONROE,LA,71291-2006",0.0,,1.0,,0.0,,32.54434992,-92.14846254,,,1,0,,
"3816 BAYOU RAPIDES RD,ALEXANDRIA,LA,71303-3655",2.0,1.0,0.0,0.0,0.0,0.0,31.30272267,-92.4876694,31.30272267,-92.4876694,1,0,0.0,1.0
"3839 W CONGRESS ST STE C,LAFAYETTE,LA,70506-6000",0.0,0.0,0.0,0.0,0.5,1.0,30.20053235,-92.06660422,30.20053235,-92.06660422,1,0,0.0,1.0
"3839 W CONGRESS ST,LAFAYETTE,LA,70506-6000",0.0,,0.0,,2.5,,30.20053235,-92.06660421,,,1,0,,
"393 BELLE TERRE BLVD,LA PLACE,LA,70068-2433",5.722257810353452,1.0,0.0,0.0,1.7086755349913243,1.0,30.08379251,-90.50265561,30.08379251,-90.50265561,1,0,0.0,1.0
"3932 HIGHWAY 90 W,AVONDALE,LA,70094-2648",1.4333333333333331,1.0,0.0,0.0,0.0,0.0,29.91083216,-90.21622255,29.91083216,-90.21622255,1,0,0.0,1.0
"3939 HOUMA BLVD,METAIRIE,LA,70006-2931",1.5,,0.0,,0.0,,30.01134011,-90.180852,,,1,0,,
"400 E VAUGHN AVE,RUSTON,LA,71270-5951",0.25,,0.0,,0.3333333333333333,,32.51536508,-92.63354368,,,1,0,,
"400 LOUISIANA AVE,BOGALUSA,LA,70427-3323",1.2,,0.0,,0.0,,30.78973263,-89.85708699,,,1,0,,
"4000 LONESOME RD,MANDEVILLE,LA,70448-7085",0.0,,0.0,,0.25,,30.37979132,-90.07587035,,,1,0,,
"4001 LAPALCO BLVD STE 19,HARVEY,LA,70058-2389",1.1428571428571428,2.0,0.0,0.0,0.0,0.0,29.874037899999994,-90.08870865,29.874037899999994,-90.08870865,1,0,0.0,1.0
"4001 LAPALCO BLVD,HARVEY,LA,70058-2389",2.104038505354295,,0.4523809523809523,,0.0,,29.87403791,-90.08870865,,,1,0,,
"4001 LOUISIANA AVE,LAKE CHARLES,LA,70607-4634",1.5,,0.0,,0.0,,30.185667,-93.20547969,,,1,0,,
"4001 VIKING DR STE A,BOSSIER CITY,LA,71111-7436",0.6666666666666666,2.0,0.6666666666666666,2.0,0.0,0.0,32.55210404,-93.69174343,32.55210404,-93.69174343,1,0,0.0,1.0
"4001 VIKING DR,BOSSIER CITY,LA,71111-7435",0.0,,1.3333333333333333,,0.0,,32.55210404,-93.69174343,,,1,0,,
"4003 LOUISIANA AVE,LAKE CHARLES,LA,70607-4634",1.0,,0.0,,0.0,,30.185469,-93.20547969,,,1,0,,
"4017 PARLIAMENT DR,ALEXANDRIA,LA,71303-3044",0.5,1.0,0.0,0.0,0.0,0.0,31.28194165,-92.47959609,31.28194165,-92.47959609,1,0,0.0,1.0
"402 HIGHLAND AVE,BASTROP,LA,71220-2241",0.1,,0.0,,0.0,,32.78834948,-91.91917251,,,1,0,,
"4034 HOLLYWOOD AVE,SHREVEPORT,LA,71109-7938",1.0,1.0,0.0,0.0,0.0,0.0,32.45657345,-93.80460124,32.45657345,-93.80460124,1,0,0.0,1.0
"40470 GERMANY RD,GONZALES,LA,70737-6735",8.864029519036924,6.0,0.05882352941176471,0.0,2.5086755349913243,1.0,30.28426521,-90.92385484,30.28426521,-90.92385484,1,0,0.0,1.0
"406 LAFAYETTE ST,GRETNA,LA,70053-5934",1.0,1.0,0.0,0.0,0.0,0.0,29.91704124,-90.06190625,29.91704124,-90.06190625,1,0,0.0,1.0
"406 LEVEE RD,SAINT JOSEPH,LA,71366-6661",1.0,1.0,0.0,0.0,0.0,0.0,31.91166925,-91.23665711,31.91166925,-91.23665711,1,0,0.0,1.0
"4061 BEHRMAN PL,NEW ORLEANS,LA,70114-0932",2.0802289815447708,,0.30952380952380953,,0.05263157894736842,,29.90931219,-90.01818498,,,1,0,,
"411 BEN HUR RD,BATON ROUGE,LA,70820-5216",1.0666666666666669,,0.0,,0.0,,30.38779955,-91.1575773,,,1,0,,
"411 E LINCOLN RD,VILLE PLATTE,LA,70586-3431",1.0,,0.0,,0.0,,30.69423253,-92.26583402,,,1,0,,
"4134 FLORIDA AVE STE 101,KENNER,LA,70065-2190",0.05,1.0,0.0,0.0,0.0,0.0,30.03222526,-90.23936187,30.03222526,-90.23936187,1,0,0.0,1.0
"414 ROSS ST,OAK GROVE,LA,71263-9727",1.2666666666666666,,0.0,,0.0,,32.86872097,-91.3831108,,,1,0,,
"4141 BIENVILLE ST,NEW ORLEANS,LA,70119-5149",2.182936507936508,,0.0,,0.0,,29.97705578,-90.10028555,,,1,0,,
"4155 HWY 1 S,PORT ALLEN,LA,70767-5822",0.0,,0.3333333333333333,,0.0,,30.40955097,-91.22758492,,,1,0,,
"416 ASHLEY RIDGE BLVD,SHREVEPORT,LA,71106-7228",2.333333333333333,1.0,0.0,0.0,0.0,0.0,32.41787573,-93.73445942,32.41787573,-93.73445942,1,0,0.0,1.0
"416 N 2ND ST,AMITE,LA,70422-2420",1.0,,0.0,,0.0,,30.73160750000001,-90.5121485,,,1,0,,
"4232 SAINT CLAUDE AVE,NEW ORLEANS,LA,70117-5339",5.943686381782023,2.0,0.08333333333333333,1.0,1.0420088683246578,0.0,29.96497701,-90.03278621,29.96497701,-90.03278621,1,0,0.0,1.0
"425 W LAFAYETTE ST,WINNFIELD,LA,71483-3463",1.130952380952381,,0.0,,0.0,,31.92489339,-92.64259641,,,1,0,,
"427 AVENUE PALAIS ROYAL,COVINGTON,LA,70433-6403",0.2,1.0,0.0,0.0,0.0,0.0,30.43801063,-90.09344271,30.43801063,-90.09344271,1,0,0.0,1.0
"4279 HIGHWAY 15,MANGHAM,LA,71259-5189",1.0,1.0,0.0,0.0,0.0,0.0,32.31865067,-91.77621599,32.31865067,-91.77621599,1,0,0.0,1.0
"429 E AIRPORT AVE,BATON ROUGE,LA,70806-4844",1.0,,0.0,,0.0,,30.44733392,-91.10220816,,,1,0,,
"430 E PINE ST,PONCHATOULA,LA,70454-2544",1.2,1.0,0.0,0.0,0.0,0.0,30.44005395,-90.43589604,30.44005395,-90.43589604,1,0,0.0,1.0
"4304 S CLAIBORNE AVE,NEW ORLEANS,LA,70125-5104",0.2,,0.0,,0.0,,29.94011935,-90.10227589,,,1,0,,
"434 SOUTH ST,PARADIS,LA,70080-2244",0.4,,0.0,,0.0,,29.87766673,-90.42908796,,,1,0,,
"4343 NORTH BLVD,BATON ROUGE,LA,70806-3916",1.0,,0.0,,0.0,,30.4485275,-91.14473186,,,1,0,,
"4408 TRENTON ST,METAIRIE,LA,70006-6549",0.0,,0.0,,0.5,,30.00079614,-90.18072895,,,1,0,,
"441 CHARLES ST,NEW IBERIA,LA,70560-3773",1.0,,0.0,,0.0,,30.00211229,-91.81505008,,,1,0,,
"4420 CONLIN ST STE 202,METAIRIE,LA,70006-2167",1.0,1.0,0.0,0.0,0.0,0.0,30.01800255,-90.19774182,30.01800255,-90.19774182,1,0,0.0,1.0
"4420 CONLIN ST,METAIRIE,LA,70006-2167",0.0,,0.0,,0.5,,30.01795156,-90.19773438,,,1,0,,
"4432 CONLIN ST STE 1A,METAIRIE,LA,70006-2146",0.5,1.0,0.0,0.0,0.0,0.0,30.01871652,-90.19792153,30.01871652,-90.19792153,1,0,0.0,1.0
"4432 CONLIN ST STE 2A,METAIRIE,LA,70006-2146",1.0,1.0,0.0,0.0,0.0,0.0,30.01868855,-90.19791209,30.01868855,-90.19791209,1,0,0.0,1.0
"4432 CONLIN ST,METAIRIE,LA,70006-2146",0.8333333333333333,,0.0,,0.25,,30.01867557,-90.19791404,,,1,0,,
"451 FLORIDA ST,BATON ROUGE,LA,70801-1700",1.0,,0.0,,0.0,,30.44939546,-91.18643205,,,1,0,,
"4520 ELYSIAN FIELDS AVE,NEW ORLEANS,LA,70122-3826",0.0,0.0,0.0,0.0,0.5,1.0,30.00458643,-90.05986262,30.00458643,-90.05986262,1,0,0.0,1.0
"4600 LAKE ST,LAKE CHARLES,LA,70605-5416",0.0,0.0,1.0,1.0,0.0,0.0,30.17330966,-93.23238578,30.17330966,-93.23238578,1,0,0.0,1.0
"4607 SHERWOOD COMMON BLVD,BATON ROUGE,LA,70816-4891",0.2,,0.9,,0.0,,30.40775852,-91.05686051,,,1,0,,
"4616 CONCORD AVE,BATON ROUGE,LA,70808-3123",1.0,1.0,0.0,0.0,0.0,0.0,30.41758842,-91.14006226,30.41758842,-91.14006226,1,0,0.0,1.0
"4690 HIGHWAY 1,RACELAND,LA,70394-2623",6.034757810353451,2.0,0.0,0.0,0.5086755349913246,0.0,29.70002803,-90.55977952,29.70002803,-90.55977952,1,0,0.0,1.0
"4702 JOHNSTON ST STE D,LAFAYETTE,LA,70503-4501",0.5,1.0,0.0,0.0,0.0,0.0,30.18964096,-92.06284104,30.18964096,-92.06284104,1,0,0.0,1.0
"471 CENTRAL AVE,RESERVE,LA,70084-5509",0.5,1.0,0.0,0.0,0.0,0.0,30.06636692,-90.55206700000001,30.06636692,-90.55206700000001,1,0,0.0,1.0
"4747 EARHART BLVD STE C,NEW ORLEANS,LA,70125-1747",0.3333333333333333,1.0,0.0,0.0,0.0,0.0,29.95700523,-90.10689809,29.95700523,-90.10689809,1,0,0.0,1.0
"4747 EARHART BLVD,NEW ORLEANS,LA,70125-1743",1.2916666666666663,,0.0,,0.0,,29.95700523,-90.10689809,,,1,0,,
"4752 HIGHWAY 311 STE 115,HOUMA,LA,70360-2810",0.5,1.0,0.3333333333333333,1.0,0.0,0.0,29.6038739,-90.76527309999999,29.6038739,-90.76527309999999,1,0,0.0,1.0
"4752 HIGHWAY 311,HOUMA,LA,70360-2810",0.0,,0.8333333333333333,,0.25,,29.6038739,-90.76527309999999,,,1,0,,
"4800 CHEF MENTEUR HWY,NEW ORLEANS,LA,70126-5000",0.5088235294117647,,0.0,,0.0,,30.00606615,-90.03409267,,,1,0,,
"4802 JONES CREEK RD STE D,BATON ROUGE,LA,70817-1527",0.5,1.0,0.0,0.0,0.0,0.0,30.41001767,-91.01596287,30.41001767,-91.01596287,1,0,0.0,1.0
"4802 JONES CREEK RD,BATON ROUGE,LA,70817-1527",0.5,,0.0,,0.0,,30.410027399999997,-91.01597293,,,1,0,,
"481 MOOSA BLVD,EUNICE,LA,70535-3627",1.0,,0.0,,0.0,,30.49852491,-92.40496591,,,1,0,,
"4814 MONTICELLO BLVD,BATON ROUGE,LA,70814-7235",2.0,2.0,0.0,0.0,0.0,0.0,30.49463956,-91.05094055,30.49463956,-91.05094055,1,0,0.0,1.0
"4819 CHEF MENTEUR HWY,NEW ORLEANS,LA,70126-5013",0.5,,0.0,,0.0,,30.00653284,-90.03353091,,,1,0,,
"4871 I 49 S SERVICE RD,OPELOUSAS,LA,70570-0754",0.5,1.0,0.0,0.0,0.0,0.0,30.49283501,-92.07370483,30.49283501,-92.07370483,1,0,0.0,1.0
"4902 CANAL ST STE 302,NEW ORLEANS,LA,70119-5867",0.0,0.0,0.0,0.0,0.5,1.0,29.98008039,-90.10899987,29.98008039,-90.10899987,1,0,0.0,1.0
"4902 CANAL ST STE 401,NEW ORLEANS,LA,70119-5871",0.0,0.0,0.0,0.0,0.5,1.0,29.98008039,-90.10899987,29.98008039,-90.10899987,1,0,0.0,1.0
"4902 CANAL ST,NEW ORLEANS,LA,70119-5840",0.0,,0.0,,0.5,,29.98008039,-90.10899987,,,1,0,,
"4906 AMBASSADOR CAFFERY PKWY,LAFAYETTE,LA,70508-6962",0.0,,0.0,,1.0,,30.14852435,-92.03794989,,,1,0,,
"4940 LAPALCO BLVD STE A,MARRERO,LA,70072-4321",3.2,4.0,0.0,0.0,0.0,0.0,29.87532351,-90.09540938,29.87532351,-90.09540938,1,0,0.0,1.0
"4955 N MARKET ST,SHREVEPORT,LA,71107-2846",2.2026315789473685,,0.0,,0.0,,32.58910027,-93.81732545,,,1,0,,
"4974 HIGHWAY 3276,STONEWALL,LA,71078-9301",0.5,,0.0,,0.0,,32.28221263,-93.81341502,,,1,0,,
"500 PATTERSON ST,LAFAYETTE,LA,70501-1849",2.9345238095238093,3.0,0.0,0.0,0.0,0.0,30.25130464,-92.02004531,30.25130464,-92.02004531,1,0,0.0,1.0
"501 MOOSA BLVD,EUNICE,LA,70535-3637",0.09090909090909093,,0.0,,0.0,,30.49881291,-92.40496494,,,1,0,,
"5016 HIGHWAY 28 E,PINEVILLE,LA,71360-4737",2.0,,0.0,,0.0,,31.34813758,-92.35618518,,,1,0,,
"502 PRAIRIE ST,WINNSBORO,LA,71295-2707",1.0,1.0,0.0,0.0,0.0,0.0,32.16447299,-91.71675087,32.16447299,-91.71675087,1,0,0.0,1.0
"502 ROSS ST,OAK GROVE,LA,71263-9706",1.0,,0.0,,0.0,,32.86869013,-91.38315707,,,1,0,,
"5036 YALE ST STE 302,METAIRIE,LA,70006-3980",0.0,0.0,0.5,1.0,0.0,0.0,30.00689451,-90.19587220000001,30.00689451,-90.19587220000001,1,0,0.0,1.0
"5036 YALE ST,METAIRIE,LA,70006-3980",0.0625,,0.5,,0.0,,30.00689451,-90.19587220000001,,,1,0,,
"5037 VETERANS MEMORIAL BLVD STE 3E,METAIRIE,LA,70006-5134",0.5,1.0,0.0,0.0,0.0,0.0,30.00604748,-90.19555104,30.00604748,-90.19555104,1,0,0.0,1.0
"5037 VETERANS MEMORIAL BLVD,METAIRIE,LA,70006-5136",1.825,,0.0,,0.0,,30.00604748,-90.19555104,,,1,0,,
"505 E LINCOLN RD,VILLE PLATTE,LA,70586-3514",0.5333333333333333,,0.0,,0.0,,30.69397348,-92.26501388,,,1,0,,
"506 N COURT ST,OPELOUSAS,LA,70570-5220",2.2,3.0,0.0,0.0,0.0,0.0,30.53805908,-92.08204961,30.53805908,-92.08204961,1,0,0.0,1.0
"509 MAIN ST,DELHI,LA,71232-2537",1.1666666666666663,,0.0,,0.25,,32.46219827,-91.49237145,,,1,0,,
"512 HAIFLEIGH ST,FRANKLIN,LA,70538-3854",1.0,,0.0,,0.0,,29.80492724,-91.49795702,,,1,0,,
"5121 N CLAIBORNE AVE,NEW ORLEANS,LA,70117-3605",1.0,1.0,0.0,0.0,0.0,0.0,29.96746783,-90.01943990000002,29.96746783,-90.01943990000002,1,0,0.0,1.0
"5132 LAPALCO BLVD,MARRERO,LA,70072-4268",1.0,1.0,0.0,0.0,1.0,1.0,29.87534543,-90.10343052,29.87534543,-90.10343052,1,0,0.0,1.0
"5140 CHURCH ST,LAFITTE,LA,70067-5256",1.4333333333333331,1.0,0.0,0.0,0.0,0.0,29.73645976,-90.12892948,29.73645976,-90.12892948,1,0,0.0,1.0
"5151 PLANK RD STE 28,BATON ROUGE,LA,70805-3501",0.7833333333333333,3.0,0.0,0.0,0.25,1.0,30.49548364,-91.15461144,30.49548364,-91.15461144,1,0,0.0,1.0
"5151 PLANK RD,BATON ROUGE,LA,70805-3501",1.2416666666666665,,0.4166666666666666,,0.0,,30.49548364,-91.15461144,,,1,0,,
"518 DURHAM ST,BASTROP,LA,71220-5013",0.1,,0.0,,0.0,,32.77288736,-91.91797517,,,1,0,,
"5188 HIGHLAND RD,BATON ROUGE,LA,70808-6527",3.0,3.0,0.0,0.0,0.0,0.0,30.39557303,-91.16198806,30.39557303,-91.16198806,1,0,0.0,1.0
"5207 PINNACLE PKWY,COVINGTON,LA,70433-9191",0.3333333333333333,,0.0,,0.0,,30.44492044,-90.13166263,,,1,0,,
"521 HAMILTON ST,GRETNA,LA,70053-4716",0.5526315789473684,,0.0,,0.0,,29.92204321,-90.05258671,,,1,0,,
"522 E RUTLAND ST,COVINGTON,LA,70433-3219",1.0,,0.0,,0.0,,30.47436919,-90.09588662,,,1,0,,
"5220 HIGHWAY 79,HOMER,LA,71040-2002",1.0,,0.0,,0.0,,32.81316641,-93.05600248,,,1,0,,
"5220 LAPALCO BLVD,MARRERO,LA,70072-4248",1.0,1.0,0.0,0.0,0.0,0.0,29.87532548,-90.104774,29.87532548,-90.104774,1,0,0.0,1.0
"5227 FLANDERS DR,BATON ROUGE,LA,70808-9169",0.5,1.0,0.0,0.0,2.0,2.0,30.40059998,-91.10804607,30.40059998,-91.10804607,1,0,0.0,1.0
"525 E MAIN ST,VILLE PLATTE,LA,70586-4611",0.0,,0.0,,1.0,,30.68614387,-92.26875103,,,1,0,,
"538 TUNICA DR W,MARKSVILLE,LA,71351-2627",1.0,,0.0,,0.0,,31.1278637,-92.07758517,,,1,0,,
"54002 HIGHWAY 1062,LORANGER,LA,70446-3538",0.20202020202020204,,0.0,,0.0,,30.63578507,-90.39837253,,,1,0,,
"541 SHADOWS LN STE B,BATON ROUGE,LA,70806-6559",0.0,0.0,0.3333333333333333,1.0,0.0,0.0,30.44607299,-91.09736859,30.44607299,-91.09736859,1,0,0.0,1.0
"541 SHADOWS LN,BATON ROUGE,LA,70806-6559",0.0,,0.3333333333333333,,0.0,,30.446073,-91.09736859,,,1,0,,
"5555 ESSEN LN STE D,BATON ROUGE,LA,70809-3566",0.125,1.0,0.0,0.0,0.0,0.0,30.39819575,-91.10758575,30.39819575,-91.10758575,1,0,0.0,1.0
"5555 ESSEN LN,BATON ROUGE,LA,70809-3566",0.125,,0.0,,0.0,,30.39819575,-91.10759572,,,1,0,,
"5611 SHREVEPORT HWY,PINEVILLE,LA,71360-3535",2.0,,0.0,,0.0,,31.39859611,-92.44306259,,,1,0,,
"5629 GOVERNMENT ST,BATON ROUGE,LA,70806-6035",1.0,,0.0,,0.0,,30.44470248,-91.13208244,,,1,0,,
"567 WALKER ST,MERRYVILLE,LA,70653-3040",0.7380952380952379,,0.0,,0.0,,30.75851891,-93.53762523,,,1,0,,
"5760 MONTICELLO DR,SAINT GABRIEL,LA,70776-4412",0.09090909090909093,,0.0,,0.0,,30.25873087,-91.10175815,,,1,0,,
"5802 VALLEY FORGE AVE,BATON ROUGE,LA,70808-3561",1.0,1.0,0.0,0.0,0.0,0.0,30.41775751,-91.12541358,30.41775751,-91.12541358,1,0,0.0,1.0
"5813 MONROE HWY,BALL,LA,71405-3362",1.0,,0.0,,0.0,,31.40510955,-92.41150134,,,1,0,,
"5842 PLANK RD,BATON ROUGE,LA,70805-1320",2.2,,0.0,,0.0,,30.50299364,-91.1519004,,,1,0,,
"59070 AMBER ST,SLIDELL,LA,70461-5334",0.14285714285714285,1.0,0.0,0.0,0.0,0.0,30.28674281,-89.73334165,30.28674281,-89.73334165,1,0,0.0,1.0
"5928 W METAIRIE AVE,METAIRIE,LA,70003-4200",1.0,,0.0,,0.0,,29.98385555,-90.19926521,,,1,0,,
"5934 W MAIN ST,HOUMA,LA,70360-1715",1.501289598774119,2.0,0.0,0.0,0.5859649122807018,0.0,29.63431871,-90.75930984,29.63431871,-90.75930984,1,0,0.0,1.0
"59340 RIVER WEST DR,PLAQUEMINE,LA,70764-6553",0.8666666666666667,1.0,0.0,0.0,0.0,0.0,30.26275602,-91.24555953,30.26275602,-91.24555953,1,0,0.0,1.0
"5961 BULLARD AVE,NEW ORLEANS,LA,70128-2827",1.0,,0.0,,0.0,,30.04133299,-89.95690998,,,1,0,,
"6 WESTSIDE SHOPPING CTR,GRETNA,LA,70053-3640",0.1,1.0,0.0,0.0,0.0,0.0,29.91849797,-90.05024679,29.91849797,-90.05024679,1,0,0.0,1.0
"600 HAIFLEIGH ST,FRANKLIN,LA,70538-3753",1.0,,0.0,,0.0,,29.8052624,-91.49824583,,,1,0,,
"600 N HIGHWAY 190 STE 4,COVINGTON,LA,70433-5083",2.316217013121038,7.0,0.5,1.0,0.07142857142857142,1.0,30.43792119,-90.08314748,30.43792119,-90.08314748,1,0,0.0,1.0
"600 N HIGHWAY 190,COVINGTON,LA,70433-5003",5.605591143686786,,0.0,,0.5753422016579912,,30.43792119,-90.08314748,,,1,0,,
"600 SHRINERS DR,BOGALUSA,LA,70427-2684",6.050934280941688,1.0,0.0,0.0,0.6299990644030891,0.0,30.79299228,-89.86355296,30.79299228,-89.86355296,1,0,0.0,1.0
"6001 WEST END BLVD,NEW ORLEANS,LA,70124-1933",1.0,,0.0,,0.0,,30.00030251,-90.11499986,,,1,0,,
"602 BON AMI ST,DERIDDER,LA,70634-4928",1.0,,0.0,,0.0,,30.841559999999998,-93.29034849,,,1,0,,
"602 PERSHING HWY,JONESBORO,LA,71251-2040",0.5714285714285714,,0.0,,0.0,,32.25142577,-92.72112018,,,1,0,,
"603 RUE DE LION,NEW IBERIA,LA,70563-2114",0.25,,0.0,,0.0,,30.00737133,-91.78987126,,,1,0,,
"604 MCARTHUR ST,VILLE PLATTE,LA,70586-2908",1.0,1.0,0.0,0.0,0.0,0.0,30.69921312,-92.28468067,30.69921312,-92.28468067,1,0,0.0,1.0
"605 BROADWAY ST,DELHI,LA,71232-3101",1.6666666666666663,1.0,0.0,0.0,0.0,0.0,32.45210155,-91.49281991,32.45210155,-91.49281991,1,0,0.0,1.0
"606 RUE DE BRILLE,NEW IBERIA,LA,70563-2122",0.0,0.0,0.0,0.0,1.0,1.0,30.00798583,-91.79202357,30.00798583,-91.79202357,1,0,0.0,1.0
"608 N AVENUE K,CROWLEY,LA,70526-4514",3.0,3.0,0.0,0.0,0.0,0.0,30.21796805,-92.36882539,30.21796805,-92.36882539,1,0,0.0,1.0
"608 TCHOUPITOULAS ST,NEW ORLEANS,LA,70130-3212",0.0,,0.0,,0.5,,29.94725559,-90.06726851,,,1,0,,
"610 PRAIRIE ST,WINNSBORO,LA,71295-2628",0.5,,0.0,,0.0,,32.164443199999994,-91.71781918,,,1,0,,
"610 TEXAS ST,SHREVEPORT,LA,71101-3554",1.0,,0.0,,0.0,,32.51196743,-93.75102998,,,1,0,,
"611 E PRUDHOMME ST,OPELOUSAS,LA,70570-6458",1.0,,0.0,,0.0,,30.54336336,-92.07473815,,,1,0,,
"6120 FRANKLIN AVE,NEW ORLEANS,LA,70122-6426",1.0,1.0,0.0,0.0,0.0,0.0,30.02198326,-90.05196406,30.02198326,-90.05196406,1,0,0.0,1.0
"613 JOHN F KENNEDY DR,CROWLEY,LA,70526-3264",1.5345238095238094,,0.0,,0.0,,30.20771398,-92.39343013,,,1,0,,
"615 W COLLEGE ST,LAKE CHARLES,LA,70605-1521",0.5,,0.0,,0.0,,30.19638283,-93.22827707,,,1,0,,
"615 WILLIAMS ST,DENHAM SPRINGS,LA,70726-3630",1.0,,0.0,,0.0,,30.47798736,-90.96154816,,,1,0,,
"616 MACARTHUR DR,ALEXANDRIA,LA,71303-3111",2.830228981544771,,0.30952380952380953,,0.0,,31.29647199,-92.47936995,,,1,0,,
"616 S LEWIS ST STE J,NEW IBERIA,LA,70560-4826",0.5,1.0,0.0,0.0,0.0,0.0,29.99279014,-91.81100858,29.99279014,-91.81100858,1,0,0.0,1.0
"616 S LEWIS ST,NEW IBERIA,LA,70560-4826",0.5,,0.0,,0.0,,29.99279014,-91.81100858,,,1,0,,
"6169 GREENWOOD RD STE B,SHREVEPORT,LA,71119-8508",0.5,1.0,0.0,0.0,0.0,0.0,32.4526117,-93.86451604,32.4526117,-93.86451604,1,0,0.0,1.0
"6169 GREENWOOD RD,SHREVEPORT,LA,71119-8508",0.5,,0.0,,0.0,,32.45261171,-93.86451604,,,1,0,,
"616B MACARTHUR DR,ALEXANDRIA,LA,71303-3111",0.4761904761904762,2.0,0.0,0.0,0.0,0.0,31.29650959,-92.47940889,31.29650959,-92.47940889,1,0,0.0,1.0
"620 S TRENTON ST,RUSTON,LA,71270-5041",0.5,,0.0,,0.5,,32.52225556,-92.63978608,,,1,0,,
"622 SHADOWS LN,BATON ROUGE,LA,70806-6500",1.0,,0.0,,0.25,,30.44604600000001,-91.09743291,,,1,0,,
"625 S WASHINGTON ST,BASTROP,LA,71220-5034",2.0,1.0,0.0,0.0,0.0,0.0,32.77277972,-91.91432083,32.77277972,-91.91432083,1,0,0.0,1.0
"6264 CANAL BLVD,NEW ORLEANS,LA,70124-3030",0.5,,0.3333333333333333,,0.0,,30.00429051,-90.10830549,,,1,0,,
"627 N MAIN ST,HOMER,LA,71040-3846",1.0,1.0,0.0,0.0,0.0,0.0,32.7919275,-93.05690366,32.7919275,-93.05690366,1,0,0.0,1.0
"6305 ELYSIAN FIELDS AVE STE 403,NEW ORLEANS,LA,70122-4295",1.0,1.0,0.0,0.0,0.0,0.0,30.02359647,-90.06098989,30.02359647,-90.06098989,1,0,0.0,1.0
"6305 ELYSIAN FIELDS AVE,NEW ORLEANS,LA,70122-4245",0.5,,0.0,,0.5,,30.02359647,-90.06098989,,,1,0,,
"631 W COLLEGE ST,LAKE CHARLES,LA,70605-1521",0.0,,2.0,,0.0,,30.196422499999997,-93.229713,,,1,0,,
"631 W RAILROAD AVE,INDEPENDENCE,LA,70443-4258",0.6666666666666666,1.0,0.0,0.0,0.0,0.0,30.63804960000001,-90.50183101,30.63804960000001,-90.50183101,1,0,0.0,1.0
"6351 MAIN ST,ZACHARY,LA,70791-4038",2.2916666666666665,2.0,0.0,0.0,0.0,0.0,30.65022535,-91.13742048,30.65022535,-91.13742048,1,0,0.0,1.0
"639 LOTUS DR N,MANDEVILLE,LA,70471-2926",1.0,1.0,0.0,0.0,0.0,0.0,30.39860415,-90.10589332,30.39860415,-90.10589332,1,0,0.0,1.0
"640 BROWNSWITCH RD,SLIDELL,LA,70458-1234",1.5,1.0,0.0,0.0,0.0,0.0,30.31043451,-89.75279291,30.31043451,-89.75279291,1,0,0.0,1.0
"641 E AIRPORT AVE STE B3,BATON ROUGE,LA,70806-6545",0.0,0.0,0.0,0.0,0.5,1.0,30.44485505,-91.10214017,30.44485505,-91.10214017,1,0,0.0,1.0
"644 N HIGHWAY 171,LAKE CHARLES,LA,70611-5348",1.25,,0.0,,0.0,,30.31069115,-93.1951811,,,1,0,,
"6450 LA HIGHWAY 1,BATCHELOR,LA,70715",1.0,,0.0,,0.0,,30.87654798,-91.68044614,,,1,0,,
"6509 GOVERNMENT ST,BATON ROUGE,LA,70806-6238",1.0,,0.0,,0.0,,30.44498247,-91.12316394,,,1,0,,
"6619 AIRLINE DR STE B,METAIRIE,LA,70003-5170",1.0,,0.0,,0.0,,29.97749909,-90.20597501,,,1,0,,
"671 HIGHWAY 171 STE M,STONEWALL,LA,71078-6100",0.5,1.0,0.0,0.0,0.0,0.0,32.28317974,-93.82304625,32.28317974,-93.82304625,1,0,0.0,1.0
"677 BARATARIA BLVD,MARRERO,LA,70072-1835",1.0,,0.0,,0.0,,29.89867754,-90.10035004,,,1,0,,
"6780 FLORIDA BLVD,BATON ROUGE,LA,70806-4542",1.0,1.0,0.0,0.0,0.0,0.0,30.45130248,-91.12119322,30.45130248,-91.12119322,1,0,0.0,1.0
"679 E AIRPORT AVE,BATON ROUGE,LA,70806-6517",0.0,,0.0,,0.5,,30.44410172,-91.10209813,,,1,0,,
"6930 FERN AVE,SHREVEPORT,LA,71105-4171",0.8333333333333333,,0.2,,0.0,,32.44437968,-93.72981945,,,1,0,,
"701 METAIRIE RD,METAIRIE,LA,70005-4050",0.0,,1.0,,1.0,,29.988108,-90.13106453,,,1,0,,
"701 N BROAD ST,NEW ORLEANS,LA,70119-4206",1.0,1.0,0.0,0.0,0.0,0.0,29.97044437,-90.08327507,29.97044437,-90.08327507,1,0,0.0,1.0
"7017 LAPALCO BLVD,MARRERO,LA,70072-4503",0.9333333333333332,4.0,0.0,0.0,0.0,0.0,29.8832711,-90.12639353,29.8832711,-90.12639353,1,0,0.0,1.0
"702 N TRENTON ST,RUSTON,LA,71270-3324",0.8333333333333333,,0.0,,0.0,,32.53478351,-92.63884953,,,1,0,,
"7023 READ LN,NEW ORLEANS,LA,70127-2366",1.0,1.0,0.0,0.0,0.0,0.0,30.03895456,-89.97620706,30.03895456,-89.97620706,1,0,0.0,1.0
"703 S RANGE AVE,DENHAM SPRINGS,LA,70726-4414",1.0,1.0,0.0,0.0,0.0,0.0,30.47553369,-90.95644394,30.47553369,-90.95644394,1,0,0.0,1.0
"7030 YOUREE DR STE B,SHREVEPORT,LA,71105-5109",0.5,1.0,0.0,0.0,0.0,0.0,32.44207423,-93.7180238,32.44207423,-93.7180238,1,0,0.0,1.0
"7030 YOUREE DR,SHREVEPORT,LA,71105-5109",1.1666666666666663,,0.0,,0.0,,32.44207423,-93.7180238,,,1,0,,
"7033 READ LN,NEW ORLEANS,LA,70127-2366",0.0,0.0,0.0,0.0,1.0,1.0,30.039282,-89.97631071,30.039282,-89.97631071,1,0,0.0,1.0
"704 MAIN ST,MADISONVILLE,LA,70447-9717",1.6666666666666663,1.0,0.0,0.0,0.25,0.0,30.40474567,-90.15680183,30.40474567,-90.15680183,1,0,0.0,1.0
"706 S 6TH ST,LEESVILLE,LA,71446-4719",0.8333333333333333,,0.0,,0.0,,31.13810367,-93.26488602,,,1,0,,
"710 CHISUM ST,SICILY ISLAND,LA,71368",0.5,,0.0,,0.0,,31.84848035,-91.65800629,,,1,0,,
"710 RIVERSIDE DR,FRANKLINTON,LA,70438-3632",1.0,,0.0,,0.0,,30.83306722,-90.15385558,,,1,0,,
"7101 PINES RD,SHREVEPORT,LA,71129-3403",1.0,,0.0,,0.0,,32.44108488,-93.86162898,,,1,0,,
"712 S LEWIS ST STE A,NEW IBERIA,LA,70560-4885",0.3333333333333333,1.0,0.0,0.0,0.0,0.0,29.991750500000002,-91.81249919,29.991750500000002,-91.81249919,1,0,0.0,1.0
"712 S LEWIS ST,NEW IBERIA,LA,70560-4885",0.6666666666666666,,0.0,,0.0,,29.991750500000002,-91.81249919,,,1,0,,
"715 N LEWIS ST,NEW IBERIA,LA,70563-2045",0.3333333333333333,1.0,0.0,0.0,0.0,0.0,30.0113205,-91.79310498,30.0113205,-91.79310498,1,0,0.0,1.0
"71623 HICKORY ST,ABITA SPRINGS,LA,70420-3850",1.0,1.0,0.0,0.0,0.0,0.0,30.47702363,-90.03646287,30.47702363,-90.03646287,1,0,0.0,1.0
"717 W LINCOLN RD,VILLE PLATTE,LA,70586-3147",1.0,,0.0,,0.0,,30.69795113,-92.27728013,,,1,0,,
"7198 HIGHWAY 1042,GREENSBURG,LA,70441-3505",0.125,,0.0,,0.0,,30.82112241,-90.73359265,,,1,0,,
"720 VERRET ST,HOUMA,LA,70360-4634",0.25,,0.0,,0.0,,29.59485667,-90.71883492,,,1,0,,
"721 AVENUE G,KENTWOOD,LA,70444-2601",1.258333333333333,1.0,0.0,0.0,0.0,0.0,30.936794399999997,-90.51894279999999,30.936794399999997,-90.51894279999999,1,0,0.0,1.0
"7225 JEFFERSON HWY,BATON ROUGE,LA,70806-8116",0.0,0.0,0.0,0.0,1.0,1.0,30.43400448,-91.11443272,30.43400448,-91.11443272,1,0,0.0,1.0
"725 N AVENUE K,CROWLEY,LA,70526-3848",0.5,,0.0,,0.0,,30.21884258,-92.36942299,,,1,0,,
"729 W MAIN ST,HOMER,LA,71040-3314",1.0,,0.0,,0.0,,32.79878541,-93.05563251,,,1,0,,
"7301 WESTBANK EXPY,MARRERO,LA,70072-2448",1.0,,0.0,,0.0,,29.89355009,-90.12768024,,,1,0,,
"731 E MCNEESE ST,LAKE CHARLES,LA,70607-5831",1.0,,0.0,,0.0,,30.17620148,-93.21108274,,,1,0,,
"73193 HIGHWAY 25,COVINGTON,LA,70435-5001",1.1111111111111112,,0.0,,0.0,,30.50003447,-90.10745831,,,1,0,,
"735 ASBURY DR,MANDEVILLE,LA,70471-1843",1.0,1.0,0.0,0.0,0.0,0.0,30.39782505,-90.08498527,30.39782505,-90.08498527,1,0,0.0,1.0
"7412 HIGHWAY 80,RUSTON,LA,71270-1430",1.0,1.0,0.0,0.0,0.0,0.0,32.50732117,-92.70915631,32.50732117,-92.70915631,1,0,0.0,1.0
"743 TERRY PKWY,GRETNA,LA,70056-4346",0.5,,0.0,,0.0,,29.89887229,-90.03033085,,,1,0,,
"751 COURT ST,PORT ALLEN,LA,70767-2635",0.09090909090909093,1.0,0.0,0.0,0.0,0.0,30.45228257,-91.20901913,30.45228257,-91.20901913,1,0,0.0,1.0
"7535 WESTBANK EXPY,MARRERO,LA,70072-2353",1.0,,0.0,,0.0,,29.89478919,-90.13220024,,,1,0,,
"7600 FERN AVE,SHREVEPORT,LA,71105-5659",0.75,,0.0,,0.5,,32.43310337,-93.72625759999998,,,1,0,,
"7607 FERN AVE STE 800,SHREVEPORT,LA,71105-5732",0.3333333333333333,1.0,0.0,0.0,0.0,0.0,32.43308514,-93.72613315,32.43308514,-93.72613315,1,0,0.0,1.0
"7607 FERN AVE,SHREVEPORT,LA,71105-5739",0.3333333333333333,,0.0,,0.0,,32.43308515,-93.72613315,,,1,0,,
"761 W TUNNEL BLVD STE A,HOUMA,LA,70360-5544",0.3333333333333333,0.5,0.0,0.0,0.0,0.0,29.59055692,-90.73112959,29.59055692,-90.73112959,1,0,0.0,1.0
"761 W TUNNEL BLVD,HOUMA,LA,70360-5545",1.3333333333333333,,0.0,,0.0,,29.59055692,-90.73112959,,,1,0,,
"7660 GOODWOOD BLVD,BATON ROUGE,LA,70806-7667",1.0,,0.0,,0.0,,30.44216754,-91.10883155,,,1,0,,
"7689 US HIGHWAY 61,SAINT FRANCISVILLE,LA,70775-4525",1.0,,0.0,,0.0,,30.80134788,-91.38601368,,,1,0,,
"7699 HIGHWAY 2,FARMERVILLE,LA,71241-6165",2.1,2.0,0.0,0.0,0.0,0.0,32.76651531,-92.37748397,32.76651531,-92.37748397,1,0,0.0,1.0
"7742  OFFICE PARK BLVD  OFC PARK,BATON ROUGE,LA,70809-8636",0.0,0.0,0.0,0.0,1.0,1.0,30.41871031,-91.10333370000001,30.41871031,-91.10333370000001,1,0,0.0,1.0
"7845 MAIN ST,HOUMA,LA,70360-4455",0.0,0.0,0.0,0.0,0.6666666666666666,1.0,29.59722013,-90.72254566,29.59722013,-90.72254566,1,0,0.0,1.0
"7915 HIGHWAY 165,COLUMBIA,LA,71418-3327",2.0,,0.0,,0.0,,32.07968067,-92.09437912,,,1,0,,
"7930 WRENWOOD BLVD STE B,BATON ROUGE,LA,70809-7700",0.0,0.0,0.3333333333333333,1.0,0.0,0.0,30.42247241,-91.10100159999999,30.42247241,-91.10100159999999,1,0,0.0,1.0
"7930 WRENWOOD BLVD,BATON ROUGE,LA,70809-1798",0.0,,0.3333333333333333,,0.0,,30.42247241,-91.10100159999999,,,1,0,,
"800 C M FAGAN DR STE 1,HAMMOND,LA,70403-6062",0.4714285714285714,3.0,0.0,0.0,0.0,0.0,30.48289328,-90.46443038,30.48289328,-90.46443038,1,0,0.0,1.0
"800 C M FAGAN DR STE A,HAMMOND,LA,70403-6062",0.2573934837092732,4.0,0.3333333333333333,1.0,0.0,0.0,30.48289328,-90.46443038,30.48289328,-90.46443038,1,0,0.0,1.0
"800 C M FAGAN DR,HAMMOND,LA,70403-6062",6.255591143686786,1.0,0.3333333333333333,0.0,0.9086755349913244,0.0,30.48289328,-90.46443038,30.48289328,-90.46443038,1,0,0.0,1.0
"800 CHARITY ST,ABBEVILLE,LA,70510-5239",0.7380952380952379,,0.0,,0.0,,29.97290087,-92.12856493,,,1,0,,
"801 BARROW ST STE 317,HOUMA,LA,70360-4764",0.3333333333333333,1.0,0.0,0.0,0.0,0.0,29.5922512,-90.71993035,29.5922512,-90.71993035,1,0,0.0,1.0
"801 BARROW ST,HOUMA,LA,70360-4764",0.3333333333333333,,0.0,,0.0,,29.5922512,-90.71993035,,,1,0,,
"806 JEFFERSON TER,NEW IBERIA,LA,70560-5727",2.1666666666666665,5.0,0.0,0.0,0.0,0.0,29.98766213,-91.81036821,29.98766213,-91.81036821,1,0,0.0,1.0
"806 N MAIN ST,JENNINGS,LA,70546-4728",2.0,,0.0,,0.0,,30.22743555,-92.65796652,,,1,0,,
"807 ALBERTSON PKWY,BROUSSARD,LA,70518-5262",0.5,,0.0,,0.0,,30.13839246,-91.96283362,,,1,0,,
"8079 HIGHWAY 165,COLUMBIA,LA,71418-3397",0.4,1.0,0.0,0.0,0.0,0.0,32.07392146,-92.09560681,32.07392146,-92.09560681,1,0,0.0,1.0
"8160 YMCA PLAZA DR,BATON ROUGE,LA,70810-0940",0.5,,0.0,,0.0,,30.37328756,-91.07614876,,,1,0,,
"817 N AVENUE K,CROWLEY,LA,70526-3850",2.0,,0.0,,0.0,,30.21999027,-92.37002894,,,1,0,,
"818 PIERREMONT RD,SHREVEPORT,LA,71106-2034",1.0,,0.0,,0.0,,32.45474446,-93.74634008,,,1,0,,
"8220 NORWOOD ST,LIVONIA,LA,70755-3301",1.0,1.0,0.0,0.0,0.0,0.0,30.55751056,-91.55951469,30.55751056,-91.55951469,1,0,0.0,1.0
"824 W 4TH ST,DEQUINCY,LA,70633-3321",1.25,,0.0,,0.0,,30.45079546,-93.45039304,,,1,0,,
"828 AVENUE G,MARRERO,LA,70072-1830",2.182936507936508,,0.0,,0.0,,29.89589479,-90.09923146,,,1,0,,
"839 TECHE ST,NEW ORLEANS,LA,70114-4339",0.75,1.0,0.0,0.0,0.0,0.0,29.94680613,-90.05231564,29.94680613,-90.05231564,1,0,0.0,1.0
"8407 MAURICE AVE,MAURICE,LA,70555-4459",1.0,,0.0,,0.0,,30.10948225,-92.12459399,,,1,0,,
"842 COLLINS BLVD,COVINGTON,LA,70433-2759",0.6088235294117648,,0.0,,0.0,,30.48267639,-90.09249875,,,1,0,,
"843 MILLING AVE,LULING,LA,70070-4442",0.8,2.0,0.1,1.0,0.0,0.0,29.92415341,-90.36957054,29.92415341,-90.36957054,1,0,0.0,1.0
"8480 BLUEBONNET BLVD STE E,BATON ROUGE,LA,70810-2879",0.5,1.0,0.0,0.0,0.0,0.0,30.37209558,-91.10127029,30.37209558,-91.10127029,1,0,0.0,1.0
"8480 BLUEBONNET BLVD,BATON ROUGE,LA,70810-2879",0.5,,0.0,,0.0,,30.37207555,-91.10127726,,,1,0,,
"850 S 2ND ST,MONROE,LA,71202-2112",0.125,1.0,0.0,0.0,0.0,0.0,32.49054742,-92.10613442,32.49054742,-92.10613442,1,0,0.0,1.0
"855 BELANGER ST STE 211,HOUMA,LA,70360-4463",1.25,2.5,0.0,0.0,0.0,0.0,29.59611433,-90.7159472,29.59611433,-90.7159472,1,0,0.0,1.0
"855 BELANGER ST,HOUMA,LA,70360-4463",0.5,,0.0,,0.0,,29.59611433,-90.7159472,,,1,0,,
"8629 HIGHWAY 17,WINNSBORO,LA,71295-5426",0.5,1.0,0.0,0.0,0.0,0.0,32.16769083,-91.69282681,32.16769083,-91.69282681,1,0,0.0,1.0
"8691 LINE AVE,SHREVEPORT,LA,71106-6107",0.5,,0.0,,0.0,,32.421685,-93.73653903,,,1,0,,
"8762 HIGHWAY 182,OPELOUSAS,LA,70570-5603",0.5333333333333333,0.0,0.2,1.0,0.0,0.0,30.56591377,-92.07327161,30.56591377,-92.07327161,1,0,0.0,1.0
"8856 YOUREE DR,SHREVEPORT,LA,71115-2514",1.0,,0.0,,0.0,,32.41870267,-93.70450004,,,1,0,,
"8894 AIRLINE HWY,BATON ROUGE,LA,70815-4081",1.5,,0.0,,0.0,,30.44778765,-91.09256775,,,1,0,,
"9000 AIRLINE HWY STE 100,BATON ROUGE,LA,70815-4103",0.0,0.0,0.9,3.0,0.0,0.0,30.44616769,-91.09118527,30.44616769,-91.09118527,1,0,0.0,1.0
"901 W GLORIA SWITCH RD,LAFAYETTE,LA,70507-2309",0.5,,0.0,,0.0,,30.29780748,-92.04627069,,,1,0,,
"9018 MANSFIELD RD,SHREVEPORT,LA,71118-2608",2.232872200263505,,0.18333333333333326,,0.09090909090909093,,32.41005097,-93.79677784,,,1,0,,
"902 JULIA ST,RAYVILLE,LA,71269-2618",1.0,,0.0,,0.0,,32.47410782,-91.75907523,,,1,0,,
"9020 W JUDGE PEREZ DR,CHALMETTE,LA,70043-4500",6.491556055967486,4.0,0.0,0.0,0.5086755349913246,0.0,29.94787189,-89.97198318,29.94787189,-89.97198318,1,0,0.0,1.0
"9032 PERKINS RD,BATON ROUGE,LA,70810-1507",0.5,,0.0,,0.0,,30.38429424,-91.10231613,,,1,0,,
"904 CATALPA ST,DONALDSONVILLE,LA,70346-2946",0.8666666666666667,,0.0,,0.0,,30.10478887,-91.00098383,,,1,0,,
"904 KEYSER AVE,NATCHITOCHES,LA,71457-6266",0.6666666666666666,,0.0,,0.0,,31.75270363,-93.0656617,,,1,0,,
"905 N EASTERN AVE,CROWLEY,LA,70526-3860",1.0,,0.0,,0.0,,30.22147463,-92.36815111,,,1,0,,
"907 W THOMAS ST,HAMMOND,LA,70401-3037",0.0,,0.0,,0.5,,30.50196498,-90.47016686,,,1,0,,
"9070 W JUDGE PEREZ DR,CHALMETTE,LA,70043-4515",0.05555555555555555,1.0,0.0,0.0,0.0,0.0,29.94741016,-89.97206773,29.94741016,-89.97206773,1,0,0.0,1.0
"908 6TH ST,MAMOU,LA,70554-3122",2.0,,0.0,,0.0,,30.63573933,-92.41951151,,,1,0,,
"909 ELM ST,MINDEN,LA,71055-2747",0.0,,0.0,,0.75,,32.62628644,-93.28002509,,,1,0,,
"9096 WALKER RD,SHREVEPORT,LA,71118-2440",1.0,,0.0,,0.0,,32.40609592,-93.81469251,,,1,0,,
"91 WESTBANK EXPY,GRETNA,LA,70053-3615",3.823781291172596,2.0,0.18333333333333326,0.0,0.0,0.0,29.91535809,-90.04781429,29.91535809,-90.04781429,1,0,0.0,1.0
"910 BEGLIS PKWY,SULPHUR,LA,70663-5102",1.0,1.0,0.0,0.0,0.0,0.0,30.23080982,-93.35934379,30.23080982,-93.35934379,1,0,0.0,1.0
"910 BERT KOUNS INDUSTRIAL LOOP,SHREVEPORT,LA,71118-3410",3.1026315789473684,3.0,1.0,1.0,0.0,0.0,32.40152945,-93.78155194,32.40152945,-93.78155194,1,0,0.0,1.0
"910 W THOMAS ST,HAMMOND,LA,70401-3038",1.0,,0.0,,0.0,,30.50201995,-90.47020607,,,1,0,,
"913 S COLLEGE RD,LAFAYETTE,LA,70503-3060",0.25,,0.0,,0.0,,30.20139093,-92.02965325,,,1,0,,
"913 WILLIAMS BLVD,KENNER,LA,70062-6707",1.0,1.0,0.0,0.0,0.0,0.0,29.98125253,-90.24449217,29.98125253,-90.24449217,1,0,0.0,1.0
"92 LINCOLN RD,MONROE,LA,71203-4262",1.0,,0.0,,0.0,,32.5337606,-92.03007432,,,1,0,,
"921 SHIRLEY RD,BUNKIE,LA,71322-1542",1.0,,0.0,,0.0,,30.95949963,-92.19381968,,,1,0,,
"923 RIDGEFIELD RD,THIBODAUX,LA,70301-2844",0.3333333333333333,,0.0,,0.0,,29.79123424,-90.82755438,,,1,0,,
"9235 LAKE FOREST BLVD,NEW ORLEANS,LA,70127-3043",0.18181818181818185,,0.0,,0.0,,30.029087199999996,-89.98320548,,,1,0,,
"924 CHURCH DR,VILLE PLATTE,LA,70586-2122",1.0,,0.0,,0.0,,30.70118816,-92.27986437,,,1,0,,
"925 2ND AVE,LAKE CHARLES,LA,70601-4644",1.0,,0.0,,0.0,,30.225375,-93.1987407,,,1,0,,
"940 KEYSER AVE,NATCHITOCHES,LA,71457-6337",0.25,,0.0,,0.5,,31.75264245,-93.06521283,,,1,0,,
"9541 JEFFERSON HWY,RIVER RIDGE,LA,70123-2507",0.14285714285714285,0.0,0.0,0.0,1.0,1.0,29.95454688,-90.21628591,29.95454688,-90.21628591,1,0,0.0,1.0
"9709 FLORIDA BLVD,WALKER,LA,70785-7801",1.0,,0.0,,0.0,,30.48678075,-90.87592071,,,1,0,,
"9804 BLUEBONNET BLVD STE A,BATON ROUGE,LA,70810-6479",0.3333333333333333,1.0,0.5,1.0,0.0,0.0,30.3579438,-91.10846522,30.3579438,-91.10846522,1,0,0.0,1.0
"9804 BLUEBONNET BLVD,BATON ROUGE,LA,70810-6479",0.3333333333333333,,1.0,,0.0,,30.3579438,-91.10847820000001,,,1,0,,
"9900 LAKE FOREST BLVD,NEW ORLEANS,LA,70127-2609",3.0625,,0.0,,0.0,,30.03155717,-89.97506743,,,1,0,,
"JACKSON ST,CLINTON,LA,70722",0.125,1.0,0.0,0.0,0.0,0.0,30.86469271,-91.01994404,30.86469271,-91.01994404,1,0,0.0,1.0
"JUSTICE AVE,BATON ROUGE,LA,70816",0.5,1.0,0.0,0.0,0.0,0.0,30.4241839,-91.04936322,30.4241839,-91.04936322,1,0,0.0,1.0
"N 1ST & LAFAYETTE ST,GREENSBURG,LA,70441",1.0,,0.0,,0.0,,30.83021999,-90.66795299,,,1,0,,
"VETERANS MEMORIAL DR,KAPLAN,LA,70548",1.0,,0.0,,0.0,,30.00583591,-92.37783201,,,1,0,,
